radius,robots,seed,success,strict_success,physical_collision_events,physical_collision_episode,collision_events,collision_episode,min_separation,path_length,final_error,control_time_ms,average_degree
2.0,5,10,0,0,1,1,2,1,0.2231249249306897,35.321435480634825,0.7662600996700926,1.1404884435857336,0.10124481478667358
2.0,5,11,0,0,2,1,2,1,0.022027804623118527,39.64984459242843,0.8553198197023988,0.7736989801439146,0.08796680629006065
2.0,5,12,0,0,2,1,2,1,0.10933406052658044,41.438513177324545,0.7543032557491083,0.7671706475472698,0.08298755310383081
2.0,5,13,0,0,1,1,1,1,0.38844593908150854,45.76751965228243,0.8185637530289661,0.7816174513815591,0.12282157859366959
2.0,5,14,0,0,2,1,2,1,0.15094560879707536,35.079808752593344,0.861636473080592,0.7626187599574527,0.08630705522798404
2.0,5,15,0,0,2,1,2,1,0.10643355860944498,47.12365297014764,0.7135658517975505,0.765433517517522,0.10456431691082681
2.0,5,16,1,0,1,1,2,1,0.1925619667567287,29.68400654233617,0.5980521258498003,0.7724992795071254,0.08298755310383081
2.0,5,17,0,0,2,1,2,1,0.3657054676812539,38.87442215639319,0.9034042014821683,0.7659489075498035,0.08796680629006065
2.0,5,18,0,0,1,1,1,1,0.10303849498151817,38.252519341597534,0.6615552430103285,0.7676231053968271,0.10788381990060766
2.0,5,19,0,0,1,1,1,1,0.18017216217608947,35.87752135591397,0.7614169271872256,0.780124570398281,0.10456431752913226
2.0,10,10,0,0,3,1,6,1,0.08689914982312663,73.53278059352498,0.8202435377765962,0.9969375290287038,0.4514522848658542
2.0,10,11,0,0,4,1,4,1,0.2349231165667815,84.23117234044177,0.7187875078637334,1.0182679980061948,0.342738592587566
2.0,10,12,0,0,4,1,4,1,0.03718647064722223,88.10983702993194,0.7244619102178016,0.9845822195832928,0.4887966867922747
2.0,10,13,0,0,3,1,4,1,0.00567328814847874,86.10223849566518,0.7222123145427284,0.9943574919210126,0.3468879693771299
2.0,10,14,0,0,4,1,4,1,0.12947667059368043,76.88266891955843,0.7105854973494713,0.9974486757225046,0.565975113528398
2.0,10,15,1,0,5,1,5,1,0.045465412512189454,91.66174570116544,0.6375016408177234,1.0335890324010204,0.4058091311533916
2.0,10,16,0,0,5,1,5,1,0.08162071200044888,73.45498731598492,1.013250486716628,1.00635306055968,0.3958506243481181
2.0,10,17,0,0,4,1,4,1,0.12989585698353154,81.73264033141167,0.7984362023575551,0.9964292694348842,0.5095435699362972
2.0,10,18,1,0,1,1,3,1,0.49647313887967987,86.2894128668646,0.6287647507647718,1.0288184974342585,0.5643153601785913
2.0,10,19,0,0,3,1,3,1,0.38809207155911807,81.28797980311455,0.7355147165136137,0.9996459198494753,0.5626556063341402
2.0,20,10,1,0,19,1,22,1,0.02280339590466629,229.0126270955097,0.4286434634681804,1.5203426650259644,2.529460560236729
2.0,20,11,1,0,14,1,19,1,0.03603450236169903,269.8827153801348,0.36715538178876655,1.4860572041167568,2.3008298537543204
2.0,20,12,1,0,23,1,30,1,0.10504848246928664,226.03421446448564,0.42483070580918236,1.4905845998631169,2.4514522789919524
2.0,20,13,1,0,19,1,24,1,0.02427566025610588,224.39422858881048,0.4963949651524655,1.5089342875095706,2.475518655480191
2.0,20,14,1,0,18,1,31,1,0.015266612031982032,226.32736459640066,0.41704757293572703,1.472143700812012,2.6078837926951683
2.0,20,15,1,0,17,1,20,1,0.021088255695782588,252.05490864073712,0.3403726396968608,1.4784707493769627,2.4228215667716695
2.0,20,16,1,0,14,1,20,1,0.05740323772428583,280.0790175518019,0.30898579005888294,1.4706144342198968,2.339419073583674
2.0,20,17,1,0,15,1,38,1,0.06788734893385587,215.95225336735095,0.39060034630459384,1.4787269077108551,2.5008298623611322
2.0,20,18,1,0,18,1,29,1,0.1108542313850875,230.70763077315416,0.30372340325177627,1.527931612993901,2.6020746755402118
2.0,20,19,1,0,19,1,34,1,0.028386295384801592,239.41853213259796,0.44854276476145205,1.4899105784328033,2.4966804832838383
3.4,5,10,0,0,1,1,2,1,0.1521809834064545,35.66236903874571,0.7812819594143156,0.7671179909569522,0.24730290973334887
3.4,5,11,0,0,2,1,2,1,0.09217286294171946,39.38237813414256,0.8529821778358802,0.7665165700018406,0.16265560408350838
3.4,5,12,0,0,2,1,2,1,0.016781803554344183,42.90138132231158,0.7465902544202252,0.7804912611997376,0.24730291109362085
3.4,5,13,0,0,2,1,2,1,0.07078895159816628,42.98370371664064,0.6526175341347811,0.780086888698861,0.3302904638264684
3.4,5,14,0,0,2,1,2,1,0.07034354596701474,37.02864603121259,0.8739960615046337,0.7756090567757686,0.2721991770247701
3.4,5,15,0,0,1,1,1,1,0.19266690506451892,42.03188198494142,0.7445685095617016,0.7675728392011175,0.28547718280083906
3.4,5,16,1,0,2,1,2,1,0.05268537332101382,30.18960201201857,0.6069692241424527,0.7853584150628498,0.3120332033802365
3.4,5,17,0,0,2,1,2,1,0.03690585141702652,40.28415818833862,0.8905437935916947,0.7931443629786372,0.33195021315728973
3.4,5,18,1,0,1,1,1,1,0.31158113058263154,39.18698793316121,0.6433491104754326,0.7650701852981001,0.3336099649613329
3.4,5,19,0,0,1,1,1,1,0.3276341314265508,36.59171242245946,0.7665289957194797,0.7623119745403528,0.3585062305214989
3.4,10,10,1,0,5,1,6,1,0.10127916591639745,127.57047966409958,0.3059102306021568,1.000985373199607,2.3319501960920594
3.4,10,11,1,0,3,1,4,1,0.03449058637126876,140.84001911832306,0.34523863941595734,0.9936893397631744,2.141078817399211
3.4,10,12,1,0,4,1,5,1,0.06936686594392544,140.7023578091609,0.19780693077431166,1.0000650615741808,2.210788389953835
3.4,10,13,1,0,4,1,5,1,0.060283690169284344,126.38317652775301,0.23988151050091794,0.9991063270717859,2.367634847451048
3.4,10,14,1,0,5,1,5,1,0.013684642053904907,128.62668066643198,0.3229867248471908,0.9968900762032717,2.3609958347937874
3.4,10,15,1,0,5,1,5,1,0.09808526817662182,130.33594661525433,0.3211688458179887,1.0017519680938374,2.4016597379787332
3.4,10,16,1,0,5,1,5,1,0.03217050254740779,143.95826466138476,0.5093028955176444,0.9931388136465102,2.1734439678706567
3.4,10,17,1,0,5,1,5,1,0.03109435040880711,121.54414445077329,0.36200797627803655,1.0049712281518925,2.2954356789094286
3.4,10,18,1,0,3,1,4,1,0.04677619275511236,128.93599869937745,0.419896305430531,1.00221616254809,2.3452281897493417
3.4,10,19,1,0,4,1,5,1,0.20751710008429422,123.46366073598848,0.4504900111865216,1.0063211142551154,2.202489622401004
3.4,20,10,1,0,18,1,30,1,0.047847516613803515,238.40321706191472,0.3754944524366714,1.4698682508120935,5.259751070584499
3.4,20,11,1,0,15,1,20,1,0.003249203722015525,251.8402048586949,0.35607800729120337,1.4772122745246936,5.067219934028214
3.4,20,12,0,0,23,1,35,1,0.05127682658273676,229.67268595724659,0.709051831259681,1.49656266051655,5.139419107516277
3.4,20,13,1,0,19,1,29,1,0.10020864117717504,235.26609859880858,0.45140363295201985,1.4659285622959335,5.173029035948124
3.4,20,14,1,0,18,1,23,1,0.023192741874202016,224.6653275247778,0.4003999816075049,1.4668307868608583,5.302489654651816
3.4,20,15,1,0,17,1,30,1,0.01764482995299798,249.2537028833371,0.40041598630719155,1.475221758785968,5.129460614746537
3.4,20,16,1,0,12,1,26,1,0.049920740445050384,273.70502574498056,0.32944501702740514,1.4853706680393468,5.02738592040984
3.4,20,17,1,0,22,1,22,1,0.021904716822676765,226.7856560870858,0.47022691681014467,1.4640671841334552,5.317427392817137
3.4,20,18,1,0,18,1,33,1,0.014726830250250225,229.86600204721387,0.3822941124693649,1.4729352629122634,5.2887966613057245
3.4,20,19,1,0,18,1,27,1,0.027825253429061714,236.6464069757358,0.3800852695784965,1.453753999279191,5.3746887638361125
5.5,5,10,1,0,1,1,1,1,0.15427948384335452,56.60262361281287,0.3763375350015554,0.7601729458353171,1.862240699811595
5.5,5,11,1,0,2,1,2,1,0.1098678817076079,64.20733649844249,0.2585937815890013,0.7585708478776118,1.4456431865692139
5.5,5,12,1,0,2,1,2,1,0.2392619943903783,59.140963260956724,0.49063418530370945,0.7653903623577207,1.6116182903036538
5.5,5,13,0,0,1,1,2,1,0.49172266469327375,40.32015311198258,0.9484885776871799,0.772418281606709,2.2639004323492404
5.5,5,14,0,0,1,1,1,1,0.23102079533597164,41.943276438638954,0.6909832314659712,0.7641011053541055,1.9419087394144525
5.5,5,15,1,0,1,1,1,1,0.2551487089106353,68.31694764596438,0.3053053616095818,0.7644854000924776,1.528630730274802
5.5,5,16,1,0,1,1,2,1,0.24771064845468999,64.56092969473886,0.37902955163742275,0.7709588836102436,1.4290456766904143
5.5,5,17,1,0,1,1,2,1,0.3052952409234289,46.49695807977059,0.40296919310849644,0.7730562356300652,2.2738589374850893
5.5,5,18,0,0,2,1,2,1,0.16480759669193668,52.455125899211346,0.6805593750120806,0.7822372252121568,1.9269709740436918
5.5,5,19,1,0,2,1,2,1,0.37362989018342097,49.17822341784677,0.5908807755399212,0.7670806429814547,1.8124481548412212
5.5,10,10,1,0,3,1,5,1,0.03319811195104805,98.75291772240827,0.43482551578718037,0.9956692267830173,4.318672197982978
5.5,10,11,1,0,2,1,4,1,0.10987085711864052,101.45955565478569,0.4119595992501888,1.0017939765627186,4.301244789139364
5.5,10,12,1,0,5,1,5,1,0.12861772976665853,130.9182882402213,0.47056858995360057,1.032525170982505,4.3759336145092345
5.5,10,13,1,0,4,1,5,1,0.14232671610475067,122.3778912810241,0.5222858281616265,0.9896368642027179,4.141078827292098
5.5,10,14,1,0,6,1,9,1,0.16008259816535517,105.15939814762154,0.3800070090968054,0.9970032998050252,4.937759291581593
5.5,10,15,1,0,3,1,4,1,0.1612275589720289,126.22395994738476,0.36123789124528927,0.996546462799112,4.207468891539515
5.5,10,16,1,0,5,1,5,1,0.06081487287439247,111.56625234898272,0.6002450956753946,1.0338351208095748,4.604979229171247
5.5,10,17,1,0,4,1,5,1,0.04372004004399413,110.78376282577553,0.3222415988994287,0.9936778767344853,4.731950171260912
5.5,10,18,1,0,4,1,7,1,0.28468418695549813,126.73175903246566,0.40834867581274314,1.0058222396764904,4.321991735474203
5.5,10,19,1,0,3,1,4,1,0.22807633275655156,112.95548999620483,0.4754534809583819,1.000085052025194,4.255601680130384
5.5,20,10,1,0,17,1,29,1,0.10232277474844327,203.0161094546305,0.4179786052368632,1.4695577633877595,9.737344415356015
5.5,20,11,1,0,14,1,23,1,0.06914996104881681,243.18388003591153,0.34592196702706485,1.4775143761653453,9.485062254909657
5.5,20,12,1,0,24,1,31,1,0.05769470538028351,247.96484037307334,0.4376259456027013,1.4815440905901294,10.19377592292564
5.5,20,13,1,0,33,1,24,1,0.018314059102106008,233.4498624474877,0.4186242897012004,1.4686115881583344,9.353112028842151
5.5,20,14,1,0,23,1,34,1,0.02091895806875363,224.41813708735017,0.3538860401608491,1.4801525239211817,10.030290425565727
5.5,20,15,1,0,14,1,23,1,0.042032273124378565,251.96301285095865,0.38579066079474644,1.475267253893738,9.675933671690121
5.5,20,16,1,0,15,1,35,1,0.05426435616251841,263.97904053379665,0.2995278393092501,1.4912944306464244,9.308713677513154
5.5,20,17,1,0,22,1,34,1,0.010648605011170612,222.8310036087921,0.3236536532997608,1.4774621929973364,10.087966833866483
5.5,20,18,1,0,16,1,32,1,0.03573874935005763,218.6521847968709,0.34289721388275235,1.477620319928974,9.628630711329922
5.5,20,19,1,0,18,1,29,1,0.013847611464950307,217.52194182291612,0.2932096772055134,1.4616802548213552,9.381742748482099
99.0,5,10,1,0,1,1,1,1,0.07234009869732559,51.79818255264872,0.3020721524271369,0.7732150261290371,4.0
99.0,5,11,1,0,2,1,2,1,0.04407291226316007,59.029159122051325,0.46436059575700106,0.7649949829404553,4.0
99.0,5,12,1,0,1,1,2,1,0.0585002918454063,48.04403267497664,0.5671331940039934,0.7820271382418772,4.0
99.0,5,13,1,0,2,1,2,1,0.05270227514665511,54.04221857309106,0.20889388162166403,0.7855665753595531,4.0
99.0,5,14,1,0,2,1,2,1,0.09215172346311144,47.23365921930991,0.5679207424190582,0.7839670812245458,4.0
99.0,5,15,1,0,1,1,2,1,0.45433396684650357,61.8529762367067,0.23515854379921527,0.7772808855709931,4.0
99.0,5,16,1,0,2,1,2,1,0.17457831968359303,38.732547572710374,0.23453534066352139,0.7746732111887208,4.0
99.0,5,17,1,0,2,1,2,1,0.07240376313458216,53.863880117634636,0.3314932285753504,0.7802288533033183,4.0
99.0,5,18,1,0,2,1,2,1,0.19185925396915882,62.22928134856744,0.41941935314361584,0.7835054905929913,4.0
99.0,5,19,1,0,1,1,2,1,0.26911627488965933,57.66931258931279,0.6173691341523345,0.7647353146846095,4.0
99.0,10,10,1,0,3,1,4,1,0.18272976742926103,90.2781454438046,0.492961923221458,0.9965795829581717,9.0
99.0,10,11,1,0,3,1,4,1,0.12359726712335688,124.0417393598675,0.48186039892556176,1.005496767659982,9.0
99.0,10,12,1,0,5,1,5,1,0.19095466936675184,136.01721635811262,0.5255519237673698,1.0128673670503001,9.0
99.0,10,13,1,0,4,1,5,1,0.23658290469663454,119.72573459103666,0.32222343763261424,1.0065447888337076,9.0
99.0,10,14,0,0,6,1,7,1,0.1174967491935439,102.41075675916143,0.8478551017723754,1.0191123486341287,9.0
99.0,10,15,1,0,4,1,4,1,0.16524044897077136,145.86404176186798,0.24217842874741766,1.0030812816694379,9.0
99.0,10,16,1,0,5,1,5,1,0.10213062058211295,122.15149293106111,0.27115669516490976,0.9955392296736439,9.0
99.0,10,17,1,0,4,1,5,1,0.1045507386591825,112.48607161313386,0.4396168103684762,1.0130898425510775,9.0
99.0,10,18,1,0,4,1,4,1,0.17259279149096887,116.9722793733771,0.4498873501632431,1.0195476100003968,9.0
99.0,10,19,1,0,2,1,5,1,0.04927536458051319,111.10289226542037,0.5892485153305876,1.0256511586097379,9.0
99.0,20,10,1,0,22,1,29,1,0.0405969895104843,210.4469265742734,0.4273109651155294,1.4756031877671678,19.0
99.0,20,11,1,0,29,1,41,1,0.07023791162687228,259.37593544838484,0.3405464679566192,1.4706920948810875,19.0
99.0,20,12,1,0,27,1,30,1,0.0216278049628302,259.11280618478804,0.4314924207902169,1.4653229891943436,19.0
99.0,20,13,1,0,18,1,20,1,0.02261444576029627,216.5581438572366,0.40071292643565953,1.4722863871914644,19.0
99.0,20,14,1,0,21,1,29,1,0.02390991589748816,226.15635329452462,0.3733724430998383,1.4766261466623594,19.0
99.0,20,15,1,0,25,1,27,1,0.0807190291817466,266.5800790602801,0.38570943015893144,1.4732139902965475,19.0
99.0,20,16,1,0,16,1,33,1,0.01590441465752431,276.2650728283426,0.37239672766514553,1.461733642887945,19.0
99.0,20,17,1,0,18,1,37,1,0.01406011862964383,224.46358661653943,0.3930858026024181,1.4872133654231827,19.0
99.0,20,18,1,0,17,1,56,1,0.0033819840595824165,228.87460698244803,0.3236492889939733,1.457230232578392,19.0
99.0,20,19,1,0,17,1,35,1,0.020518606316155912,223.5512312571106,0.35943457335795426,1.4579650363884866,19.0
