layout,variant,robots,seed,success,strict_success,physical_collision_events,physical_collision_episode,collision_events,collision_episode,min_separation,path_length,final_error,control_time_ms
crossing,no_edges,5,10,0,0,1,1,2,1,0.3447070591113776,35.267052659171206,0.7596123049668095,1.1749285894135635
crossing,local_graph,5,10,0,0,1,1,2,1,0.1521809834064545,35.66236903874571,0.7812819594143156,0.749422136383752
crossing,global_graph,5,10,1,0,1,1,1,1,0.07234009869732559,51.79818255264872,0.3020721524271369,0.7569812587462366
crossing,no_edges,5,11,0,0,1,1,2,1,0.2156768985999624,39.77772175788473,0.8594888278466908,0.7505487107361356
crossing,local_graph,5,11,0,0,2,1,2,1,0.09217286294171946,39.38237813414256,0.8529821778358802,0.7511304516810924
crossing,global_graph,5,11,1,0,2,1,2,1,0.04407291226316007,59.029159122051325,0.46436059575700106,0.7568239700049162
crossing,no_edges,5,12,0,0,1,1,2,1,0.06854363264980874,41.12027333787953,0.7561537899302453,0.7502446649596095
crossing,local_graph,5,12,0,0,2,1,2,1,0.016781803554344183,42.90138132231158,0.7465902544202252,0.7591672978984813
crossing,global_graph,5,12,1,0,1,1,2,1,0.0585002918454063,48.04403267497664,0.5671331940039934,0.7721718594742318
crossing,no_edges,5,13,0,0,0,0,0,0,0.985157513116258,45.38048607726148,0.8122036860012749,0.7627348066307604
crossing,local_graph,5,13,0,0,2,1,2,1,0.07078895159816628,42.98370371664064,0.6526175341347811,0.7578368822578341
crossing,global_graph,5,13,1,0,2,1,2,1,0.05270227514665511,54.04221857309106,0.20889388162166403,0.7623815229938676
crossing,no_edges,5,14,0,0,1,1,2,1,0.47691045885344574,34.34247172436482,0.9307146867446147,0.7521197587872545
crossing,local_graph,5,14,0,0,2,1,2,1,0.07034354596701474,37.02864603121259,0.8739960615046337,0.7614312945709875
crossing,global_graph,5,14,1,0,2,1,2,1,0.09215172346311144,47.23365921930991,0.5679207424190582,0.7676247468528649
crossing,no_edges,5,15,0,0,2,1,2,1,0.02575910022336589,46.900804495429156,0.7301792762974173,0.7509940109836558
crossing,local_graph,5,15,0,0,1,1,1,1,0.19266690506451892,42.03188198494142,0.7445685095617016,0.7472501505011072
crossing,global_graph,5,15,1,0,1,1,2,1,0.45433396684650357,61.8529762367067,0.23515854379921527,0.7548905598620573
crossing,no_edges,5,16,1,1,0,0,1,1,0.6370890036202946,29.172403229605457,0.5969693973093462,0.7480553603575876
crossing,local_graph,5,16,1,0,2,1,2,1,0.05268537332101382,30.18960201201857,0.6069692241424527,0.754298196018984
crossing,global_graph,5,16,1,0,2,1,2,1,0.17457831968359303,38.732547572710374,0.23453534066352139,0.7689535545761741
crossing,no_edges,5,17,0,0,0,0,1,1,0.6388405085167891,32.86757640693897,1.8176105394731235,0.7612966796538482
crossing,local_graph,5,17,0,0,2,1,2,1,0.03690585141702652,40.28415818833862,0.8905437935916947,0.7465369727772971
crossing,global_graph,5,17,1,0,2,1,2,1,0.07240376313458216,53.863880117634636,0.3314932285753504,0.7611339717792968
crossing,no_edges,5,18,0,0,0,0,1,1,0.6813135913847612,37.649624110305275,0.6806856667620698,0.7484600491200885
crossing,local_graph,5,18,1,0,1,1,1,1,0.31158113058263154,39.18698793316121,0.6433491104754326,0.7452819593405972
crossing,global_graph,5,18,1,0,2,1,2,1,0.19185925396915882,62.22928134856744,0.41941935314361584,0.7540703634731472
crossing,no_edges,5,19,0,0,0,0,1,1,0.561485292475231,35.760028493304475,0.7871324801271397,0.7489831749505053
crossing,local_graph,5,19,0,0,1,1,1,1,0.3276341314265508,36.59171242245946,0.7665289957194797,0.7438165853576114
crossing,global_graph,5,19,1,0,1,1,2,1,0.26911627488965933,57.66931258931279,0.6173691341523345,0.7663285767193884
crossing,no_edges,10,10,0,0,6,1,6,1,0.12979125730134816,71.93718478744798,0.8198128943565044,0.9926129054899017
crossing,local_graph,10,10,1,0,5,1,6,1,0.10127916591639745,127.57047966409958,0.3059102306021568,0.9948245404909054
crossing,global_graph,10,10,1,0,3,1,4,1,0.18272976742926103,90.2781454438046,0.492961923221458,0.9799221123103052
crossing,no_edges,10,11,0,0,5,1,5,1,0.06984312820420642,71.94134824662424,0.8861961916700973,0.9793981211259961
crossing,local_graph,10,11,1,0,3,1,4,1,0.03449058637126876,140.84001911832306,0.34523863941595734,0.9872910741250962
crossing,global_graph,10,11,1,0,3,1,4,1,0.12359726712335688,124.0417393598675,0.48186039892556176,1.015572725251938
crossing,no_edges,10,12,0,0,4,1,5,1,0.06786683507320347,79.89740664897589,0.8429213036605117,1.0011717909947038
crossing,local_graph,10,12,1,0,4,1,5,1,0.06936686594392544,140.7023578091609,0.19780693077431166,0.9801348050435384
crossing,global_graph,10,12,1,0,5,1,5,1,0.19095466936675184,136.01721635811262,0.5255519237673698,0.9868491673842072
crossing,no_edges,10,13,0,0,1,1,5,1,0.10921209073012848,83.12751645736108,0.7106610237873734,0.9795292882093539
crossing,local_graph,10,13,1,0,4,1,5,1,0.060283690169284344,126.38317652775301,0.23988151050091794,0.9991474857088178
crossing,global_graph,10,13,1,0,4,1,5,1,0.23658290469663454,119.72573459103666,0.32222343763261424,0.9983829998721679
crossing,no_edges,10,14,0,0,6,1,6,1,0.2734668531862812,70.87221328547815,1.1591436016323378,0.9813061178041002
crossing,local_graph,10,14,1,0,5,1,5,1,0.013684642053904907,128.62668066643198,0.3229867248471908,0.9757468903747698
crossing,global_graph,10,14,0,0,6,1,7,1,0.1174967491935439,102.41075675916143,0.8478551017723754,1.0030480547963332
crossing,no_edges,10,15,0,0,5,1,5,1,0.01799049893551556,80.75352571370922,0.6983121048427201,0.9851754274374495
crossing,local_graph,10,15,1,0,5,1,5,1,0.09808526817662182,130.33594661525433,0.3211688458179887,0.9757913319238772
crossing,global_graph,10,15,1,0,4,1,4,1,0.16524044897077136,145.86404176186798,0.24217842874741766,0.9911244676914066
crossing,no_edges,10,16,0,0,4,1,5,1,0.10587831344466482,63.22443535219799,1.1417553673659435,0.9864422861331453
crossing,local_graph,10,16,1,0,5,1,5,1,0.03217050254740779,143.95826466138476,0.5093028955176444,0.970171574347963
crossing,global_graph,10,16,1,0,5,1,5,1,0.10213062058211295,122.15149293106111,0.27115669516490976,0.9994653034179161
crossing,no_edges,10,17,0,0,4,1,6,1,0.2651096360359234,73.68728811936813,0.787820751147323,0.9841343426766495
crossing,local_graph,10,17,1,0,5,1,5,1,0.03109435040880711,121.54414445077329,0.36200797627803655,0.982778761923934
crossing,global_graph,10,17,1,0,4,1,5,1,0.1045507386591825,112.48607161313386,0.4396168103684762,0.9807107601470003
crossing,no_edges,10,18,0,0,3,1,6,1,0.18381097154842335,82.4121468605624,0.7016581221346991,0.9792493695082763
crossing,local_graph,10,18,1,0,3,1,4,1,0.04677619275511236,128.93599869937745,0.419896305430531,0.9794680459890515
crossing,global_graph,10,18,1,0,4,1,4,1,0.17259279149096887,116.9722793733771,0.4498873501632431,0.9815400136479487
crossing,no_edges,10,19,0,0,3,1,4,1,0.276302557495665,73.55321740529065,0.7731992077999945,0.9934812357338766
crossing,local_graph,10,19,1,0,4,1,5,1,0.20751710008429422,123.46366073598848,0.4504900111865216,0.9855768934357911
crossing,global_graph,10,19,1,0,2,1,5,1,0.04927536458051319,111.10289226542037,0.5892485153305876,0.987766869366169
crossing,no_edges,20,10,0,0,25,1,31,1,0.0465608719645484,145.76406902914113,0.7827274234704391,1.451451643758143
crossing,local_graph,20,10,1,0,18,1,30,1,0.047847516613803515,238.40321706191472,0.3754944524366714,1.439345721155405
crossing,global_graph,20,10,1,0,22,1,29,1,0.0405969895104843,210.4469265742734,0.4273109651155294,1.4507464754084747
crossing,no_edges,20,11,0,0,17,1,21,1,0.012593523155193366,155.02476665505654,0.7685599487059727,1.4492995357917
crossing,local_graph,20,11,1,0,15,1,20,1,0.003249203722015525,251.8402048586949,0.35607800729120337,1.4934273650093626
crossing,global_graph,20,11,1,0,29,1,41,1,0.07023791162687228,259.37593544838484,0.3405464679566192,1.473993924446404
crossing,no_edges,20,12,0,0,25,1,32,1,0.06176341874539894,160.71785794316403,1.0439405276721672,1.4955395250581205
crossing,local_graph,20,12,0,0,23,1,35,1,0.05127682658273676,229.67268595724659,0.709051831259681,1.485705466863389
crossing,global_graph,20,12,1,0,27,1,30,1,0.0216278049628302,259.11280618478804,0.4314924207902169,1.4637326976905267
crossing,no_edges,20,13,0,0,31,1,29,1,0.04166960493237056,160.4899778006407,0.8486243193888994,1.4746280522861828
crossing,local_graph,20,13,1,0,19,1,29,1,0.10020864117717504,235.26609859880858,0.45140363295201985,1.4679678172493975
crossing,global_graph,20,13,1,0,18,1,20,1,0.02261444576029627,216.5581438572366,0.40071292643565953,1.4565800530059885
crossing,no_edges,20,14,0,0,25,1,36,1,0.013240372162271835,158.43133873436787,0.8298257465485914,1.4857684591940294
crossing,local_graph,20,14,1,0,18,1,23,1,0.023192741874202016,224.6653275247778,0.4003999816075049,1.459350244840607
crossing,global_graph,20,14,1,0,21,1,29,1,0.02390991589748816,226.15635329452462,0.3733724430998383,1.4866148121654987
crossing,no_edges,20,15,0,0,30,1,26,1,0.023985305119989222,157.12864177671457,0.7981636732008722,1.4484583458397537
crossing,local_graph,20,15,1,0,17,1,30,1,0.01764482995299798,249.2537028833371,0.40041598630719155,1.5536235373777647
crossing,global_graph,20,15,1,0,25,1,27,1,0.0807190291817466,266.5800790602801,0.38570943015893144,1.4683980261906981
crossing,no_edges,20,16,0,0,12,1,20,1,0.04773852235401439,135.84776715750107,0.7185748036083944,1.45964885984237
crossing,local_graph,20,16,1,0,12,1,26,1,0.049920740445050384,273.70502574498056,0.32944501702740514,1.464578517091771
crossing,global_graph,20,16,1,0,16,1,33,1,0.01590441465752431,276.2650728283426,0.37239672766514553,1.4649301844959457
crossing,no_edges,20,17,0,0,30,1,38,1,0.03327792540758419,153.2724617956307,0.7223833101257238,1.461066777119413
crossing,local_graph,20,17,1,0,22,1,22,1,0.021904716822676765,226.7856560870858,0.47022691681014467,1.4582957393334557
crossing,global_graph,20,17,1,0,18,1,37,1,0.01406011862964383,224.46358661653943,0.3930858026024181,1.4649934018962085
crossing,no_edges,20,18,0,0,23,1,31,1,0.01656277710377584,155.67416458532026,0.7394360129012117,1.4594569996309776
crossing,local_graph,20,18,1,0,18,1,33,1,0.014726830250250225,229.86600204721387,0.3822941124693649,1.4567174580103408
crossing,global_graph,20,18,1,0,17,1,56,1,0.0033819840595824165,228.87460698244803,0.3236492889939733,1.4601080872428913
crossing,no_edges,20,19,0,0,24,1,45,1,0.02589614993964299,150.30515882125664,0.7088928357403332,1.4600579859688878
crossing,local_graph,20,19,1,0,18,1,27,1,0.027825253429061714,236.6464069757358,0.3800852695784965,1.4387625366604577
crossing,global_graph,20,19,1,0,17,1,35,1,0.020518606316155912,223.5512312571106,0.35943457335795426,1.451157305079202
open,no_edges,5,10,1,0,2,1,2,1,0.15051279553679595,30.902996903550513,0.5916045142962953,0.5235828905521581
open,local_graph,5,10,1,0,2,1,2,1,0.1678548747304627,41.0056051286618,0.5939792492546492,0.5380566134893646
open,global_graph,5,10,0,0,2,1,2,1,0.15101868512997987,120.17311006071044,1.4892232657518247,0.5408082118568321
open,no_edges,5,11,1,0,2,1,2,1,0.07399624990719085,27.03656320992395,0.5752933009764958,0.5383568136797597
open,local_graph,5,11,1,0,2,1,2,1,0.0938977601911705,27.874467178970143,0.5764254510262231,0.5340975864479939
open,global_graph,5,11,0,0,2,1,2,1,0.3229748425054019,116.6299243603312,0.9384365116476359,0.5499198450706899
open,no_edges,5,12,1,0,2,1,2,1,0.3492482334364769,30.990081778514533,0.5812339334990708,0.5411503138020635
open,local_graph,5,12,1,0,2,1,2,1,0.3953969448493599,37.69597515094473,0.5851699880335468,0.525923950287203
open,global_graph,5,12,0,0,2,1,2,1,0.173687900651046,123.97801863177469,0.9507663368132709,0.5063211972204348
open,no_edges,5,13,1,0,1,1,1,1,0.3086767955518861,33.077436189170676,0.58852916341207,0.5046681636789193
open,local_graph,5,13,1,0,2,1,2,1,0.060569185004969835,43.16868673233968,0.5987545308579477,0.5187370872590691
open,global_graph,5,13,0,0,2,1,2,1,0.13579103245628343,123.40704242101918,1.1567943847116706,0.5382678859556714
open,no_edges,5,14,1,0,2,1,2,1,0.43126838068852674,31.782928446617905,0.5861842942234541,0.5373330612201244
open,local_graph,5,14,1,0,2,1,2,1,0.1530950556008241,42.19134515944531,0.597467797533956,0.5334729348154118
open,global_graph,5,14,0,0,2,1,2,1,0.18207190129285208,124.63510744604294,1.103963252297744,0.5409757393257072
open,no_edges,5,15,1,0,2,1,2,1,0.34596926967498987,27.914664743492967,0.5780681426704419,0.5370571821307143
open,local_graph,5,15,1,0,2,1,2,1,0.1989926023016221,33.11069699677836,0.5792828756717737,0.5381951108574867
open,global_graph,5,15,0,0,2,1,2,1,0.10135482743646916,119.86996053945262,0.931166345339429,0.5386573514745882
open,no_edges,5,16,1,0,1,1,2,1,0.47680506093118125,25.70559325633644,0.5790759299733191,0.5372637242544442
open,local_graph,5,16,1,0,2,1,2,1,0.07436650662533599,31.27484576974925,0.5827128835332156,0.5355729915512105
open,global_graph,5,16,0,0,2,1,2,1,0.1352958015023824,116.48009146314605,1.4298348107769177,0.537899121021231
open,no_edges,5,17,1,0,1,1,2,1,0.38293335907754017,31.246613237909393,0.5869985695209694,0.5370935755005727
open,local_graph,5,17,1,0,2,1,2,1,0.029022770970747173,42.89225520640612,0.5995381878418573,0.5346337895995626
open,global_graph,5,17,0,0,2,1,2,1,0.01225442514324546,123.65926467889207,1.1393579184847467,0.5380126744663963
open,no_edges,5,18,1,0,1,1,1,1,0.1405056445472857,34.913091499703924,0.5999925059701459,0.5359553499147296
open,local_graph,5,18,1,0,2,1,2,1,0.1634574166791571,46.87885612751307,0.6146821115292875,0.5335785118707767
open,global_graph,5,18,0,0,2,1,2,1,0.20896819931247151,123.74081429809486,1.1568626955083277,0.5425748357083648
open,no_edges,5,19,1,0,1,1,1,1,0.13595881288236494,32.220898015900985,0.5920337225148916,0.5465496447868645
open,local_graph,5,19,1,0,2,1,2,1,0.16412605548618125,45.699454365010034,0.6140962990827468,0.5497465239992986
open,global_graph,5,19,0,0,2,1,2,1,0.22653025955025502,124.0616166195952,1.0902470312108319,0.5522172548808157
open,no_edges,10,10,1,0,4,1,5,1,0.16389233609988613,61.86125372136562,0.5859649196695417,0.5496700158497939
open,local_graph,10,10,0,0,5,1,5,1,0.1687575057002681,237.9555646836085,1.5748363605545328,0.5397689994424582
open,global_graph,10,10,0,0,5,1,5,1,0.06132509808530642,236.7100842494789,1.5586571610594773,0.5451095659130564
open,no_edges,10,11,1,0,5,1,5,1,0.3902371943029144,56.48697023802581,0.5765060628757116,0.5426054859223465
open,local_graph,10,11,0,0,4,1,5,1,0.41098785305605223,240.25593568471442,1.0428177564562922,0.5396757798735052
open,global_graph,10,11,0,0,7,1,5,1,0.2631212186743811,231.40564842801277,1.2055639765282085,0.5433144086661438
open,no_edges,10,12,1,0,5,1,5,1,0.26327782337542294,67.88677125988471,0.5843709543029996,0.5424225819297135
open,local_graph,10,12,0,0,0,0,7,1,0.5615061376693161,247.07069675490118,1.2598587085622026,0.5387531612844517
open,global_graph,10,12,0,0,3,1,8,1,0.49930576546734357,242.7676566923672,1.326307159589325,0.5454823762799302
open,no_edges,10,13,1,0,4,1,4,1,0.08917449389636496,66.94098318162554,0.5924234293860986,0.5405844441459825
open,local_graph,10,13,0,0,7,1,8,1,0.2732552830947412,243.7537934296551,1.4191460769376838,0.5382682584847013
open,global_graph,10,13,0,0,7,1,5,1,0.19969328915530493,241.78664201507559,1.5854978343862318,0.5428894908012202
open,no_edges,10,14,1,0,4,1,4,1,0.03297365664081778,72.2388716744626,0.599424859379582,0.5431233439594507
open,local_graph,10,14,0,0,6,1,7,1,0.1053037594184513,241.62582519764544,1.3071890548188343,0.5389392880412439
open,global_graph,10,14,0,0,5,1,5,1,0.11587259691360519,240.54578135527427,1.4740607253880005,0.5546659735652307
open,no_edges,10,15,1,0,5,1,5,1,0.3440917957205665,62.63326727835825,0.5806321659715571,0.5211900279391557
open,local_graph,10,15,0,0,3,1,10,1,0.24434982537867259,244.08842268264738,1.0057196683862006,0.5194253889688601
open,global_graph,10,15,0,0,3,1,7,1,0.08833799406248279,238.28084947784492,1.2756250307083232,0.5137551168445498
open,no_edges,10,16,1,0,5,1,5,1,0.07127950622688703,52.2257215229024,0.5760750634756759,0.5093885061796755
open,local_graph,10,16,0,0,5,1,5,1,0.11488711439812162,244.940076659294,0.961242242678043,0.5064873781520873
open,global_graph,10,16,0,0,7,1,5,1,0.20066703396345606,230.3923554175615,1.3237532730437744,0.5116799186604718
open,no_edges,10,17,1,0,4,1,4,1,0.07541044976874671,66.16105129898907,0.5953058147932795,0.5091961143383136
open,local_graph,10,17,0,0,7,1,8,1,0.12394907111552524,243.2378253223167,1.4080047586188058,0.5066816209970663
open,global_graph,10,17,0,0,7,1,5,1,0.1625075687369349,241.14591711947054,1.488913702140581,0.5116350017488003
open,no_edges,10,18,1,0,4,1,5,1,0.10830771297520543,64.70039882553026,0.5918346589790827,0.5107623893612375
open,local_graph,10,18,0,0,7,1,7,1,0.29098480632621776,244.33344128806152,1.4063654350868813,0.5056191371598592
open,global_graph,10,18,0,0,7,1,7,1,0.14649375270750983,242.01861300914496,1.5934585583937337,0.5111100132732341
open,no_edges,10,19,1,0,4,1,5,1,0.054207146254154445,65.35889498644806,0.5920076355870652,0.5090171781678995
open,local_graph,10,19,0,0,5,1,7,1,0.2213405716627016,240.28262642423198,1.6086150705512297,0.517099496209994
open,global_graph,10,19,0,0,5,1,5,1,0.041585400825485896,241.2028965015736,1.593656368497142,0.5482797084065775
open,no_edges,20,10,1,0,19,1,20,1,0.06936646028007488,116.8065612181337,0.5823336598375328,0.5868659354746342
open,local_graph,20,10,0,0,16,1,24,1,0.02718879079944655,473.1267564184952,1.5460775295870706,0.5580601437638203
open,global_graph,20,10,0,0,20,1,22,1,0.06900789043033136,463.1017914535348,1.5208116590500174,0.5610347744853547
open,no_edges,20,11,1,0,17,1,19,1,0.0593725322818835,115.72040789782092,0.5783361099565236,0.557473887844632
open,local_graph,20,11,0,0,12,1,43,1,0.08166738728955363,474.5296925577399,0.8979647969439888,0.5452912262020012
open,global_graph,20,11,0,0,18,1,40,1,0.051874070232875484,466.80898091895665,1.224017129990759,0.5434473394416273
open,no_edges,20,12,1,0,24,1,25,1,0.023732771707163043,138.48833443134103,0.5862479584702053,0.5371621092005322
open,local_graph,20,12,0,0,31,1,36,1,0.043071314946700086,457.3662410265684,1.264898977286965,0.533372035715729
open,global_graph,20,12,0,0,29,1,41,1,0.015070813378154793,477.0329752825112,1.4450721867476404,0.5371156905312091
open,no_edges,20,13,1,0,17,1,23,1,0.05509522697838736,131.06809886238955,0.5920918011505967,0.5363660418273261
open,local_graph,20,13,0,0,24,1,35,1,0.013397390703797031,477.34650146010904,1.51512223646534,0.5345521436538547
open,global_graph,20,13,0,0,22,1,30,1,0.085745844579333,481.9078795760173,1.5007076409250362,0.5373530613724142
open,no_edges,20,14,1,0,17,1,27,1,0.0416098281197673,128.48659083536307,0.5916514123712157,0.5342745571397245
open,local_graph,20,14,0,0,29,1,40,1,0.04592747312769403,476.39201078402766,1.50678282211218,0.5445177686245491
open,global_graph,20,14,0,0,24,1,39,1,0.09790117916741169,481.8087032975388,1.4969687085343768,0.5544822837691754
open,no_edges,20,15,1,0,19,1,22,1,0.028642655213950787,128.53621212654724,0.5821957352664103,0.5326954977742085
open,local_graph,20,15,0,0,21,1,33,1,0.023726524121832515,472.38790838787537,1.1903293439435692,0.5335223472987612
open,global_graph,20,15,0,0,22,1,34,1,0.08372329996512473,480.34224643771586,1.3004863817465568,0.5434963153675199
open,no_edges,20,16,1,0,15,1,19,1,0.018844981163579872,103.26730595286277,0.5766439965832093,0.5734376434702426
open,local_graph,20,16,0,0,25,1,23,1,0.05274011924130799,460.45009743123984,1.4266333854948052,0.5695383510707567
open,global_graph,20,16,0,0,27,1,27,1,0.0485598397624899,465.26034968021366,1.3403577120207422,0.5727686725246409
open,no_edges,20,17,1,0,16,1,27,1,0.054958277946854005,124.6560631511859,0.5911536931927512,0.5765024611415962
open,local_graph,20,17,0,0,22,1,39,1,0.021397725216754645,478.08303549841696,1.5174006612627324,0.5712888494599611
open,global_graph,20,17,0,0,23,1,35,1,0.05019543552899441,482.6121981523888,1.5021553637049188,0.5490907603719583
open,no_edges,20,18,1,0,18,1,23,1,0.044511446142481634,126.81415394838204,0.5914757226153019,0.5475950815404454
open,local_graph,20,18,0,0,22,1,27,1,0.0713715844983767,479.425288416352,1.516378191445523,0.5853006907273084
open,global_graph,20,18,0,0,23,1,26,1,0.07534604070760355,480.1549607770337,1.4940933813305408,0.6067412808382263
open,no_edges,20,19,1,0,18,1,21,1,0.012214685579237985,124.36738580764275,0.5890782791769492,0.547041951601083
open,local_graph,20,19,0,0,20,1,27,1,0.06248395414498688,471.60220987341006,1.3493354784356555,0.5595072968086848
open,global_graph,20,19,0,0,21,1,29,1,0.09899666584490507,477.9016991487654,1.4881836148477958,0.595680393356209
random,no_edges,5,10,0,0,1,1,1,1,0.19805687605263095,35.7210583115431,0.6605981316955284,0.7573694495173792
random,local_graph,5,10,1,0,2,1,2,1,0.13775926884652093,56.66495835940589,0.4852153250744344,0.7513889848875502
random,global_graph,5,10,0,0,2,1,2,1,0.108405904519209,52.69447369765766,0.7273250114695327,0.7621565057585636
random,no_edges,5,11,0,0,2,1,2,1,0.02067750771081925,18.97657795705619,0.6610820617122151,0.773052591830492
random,local_graph,5,11,1,0,3,1,3,1,0.05857765855804349,59.317095094701514,0.5776829458565931,0.7542105352816483
random,global_graph,5,11,1,0,2,1,2,1,0.05111527475901398,86.72874890348277,0.4310766162073135,0.7624626043252647
random,no_edges,5,12,1,0,2,1,2,1,0.048483426014792066,28.143134874409274,0.4709283958664766,0.7435416201284776
random,local_graph,5,12,1,0,1,1,2,1,0.19370099030247132,78.31455735720907,0.37704743142452785,0.7424368329035739
random,global_graph,5,12,1,0,1,1,2,1,0.11858644734622635,74.73091639900201,0.40939724882804895,0.750641532552739
random,no_edges,5,13,1,0,1,1,2,1,0.30897223028394954,40.097280878830794,0.5356450073291884,0.7444717436252782
random,local_graph,5,13,1,0,1,1,2,1,0.08914116203760421,40.94410051628905,0.5439581394703904,0.7396525742175678
random,global_graph,5,13,1,1,0,0,0,0,1.2627205408925875,48.95715812529723,0.18703916668578802,0.7504681793806871
random,no_edges,5,14,1,0,1,1,2,1,0.1656465589525366,40.86316637123975,0.4744805582310165,0.7457983932302644
random,local_graph,5,14,1,0,4,1,4,1,0.06610454194406407,62.94097333722901,0.4830910423380902,0.742232232975463
random,global_graph,5,14,1,0,3,1,4,1,0.06012456483375191,54.23535512599483,0.25404127772676166,0.7739640735740485
random,no_edges,5,15,0,0,0,0,1,1,0.7067993855886899,54.2725314354866,0.7064034907430032,0.7469048801188668
random,local_graph,5,15,1,0,3,1,3,1,0.3302420810410023,66.64341775243841,0.546463838826756,0.7419860417333742
random,global_graph,5,15,1,0,3,1,3,1,0.07132887647244178,68.61540012613054,0.5603700040106692,0.7563567526328067
random,no_edges,5,16,0,0,3,1,3,1,0.07974989680348996,47.889317475589145,0.6643022946963801,0.745765680524831
random,local_graph,5,16,0,0,3,1,3,1,0.32762938784079076,45.609905743021756,0.7240311259496334,0.753928676325207
random,global_graph,5,16,1,0,4,1,5,1,0.2282927452117806,45.14783325324001,0.4877957263649563,0.7603232904026905
random,no_edges,5,17,1,0,1,1,1,1,0.36474162268698584,44.40006666080515,0.6149164071050888,0.7491143517351398
random,local_graph,5,17,1,0,1,1,1,1,0.1943032163079586,51.659001094024404,0.5429029669236201,0.7455345456643651
random,global_graph,5,17,1,0,1,1,1,1,0.29487183007884193,72.6339373960719,0.3430532732088261,0.7607169003070643
random,no_edges,5,18,0,0,3,1,3,1,0.1697058618536695,49.09299170445323,0.7090746683233482,0.773659092374146
random,local_graph,5,18,0,0,2,1,3,1,0.2333108867453422,57.90241958573766,0.6515199115068538,0.7433422763521472
random,global_graph,5,18,1,0,8,1,5,1,0.4147406708246874,76.16566426786578,0.42934920132610566,0.7557656693582734
random,no_edges,5,19,1,0,3,1,3,1,0.1678088367017619,39.00600610527432,0.5570951560406294,0.751952202214549
random,local_graph,5,19,1,0,2,1,2,1,0.25356141959601625,59.79848490806628,0.42768734448415274,0.7580125432771941
random,global_graph,5,19,1,0,4,1,4,1,0.4150938202659111,97.43185535497882,0.43586943675213474,0.7718143907065192
random,no_edges,10,10,0,0,4,1,4,1,0.24090224573248525,83.12576746483893,0.7009596281550778,0.9839763729056964
random,local_graph,10,10,1,0,4,1,6,1,0.03712004283759235,126.03150900194284,0.3635667628681307,0.9846178543133041
random,global_graph,10,10,1,0,6,1,7,1,0.06410506321421017,111.53277543310237,0.4096315737970152,0.9858456770113359
random,no_edges,10,11,1,0,5,1,6,1,0.2682277027573425,92.11521538669562,0.6039682177158249,0.9957205407166233
random,local_graph,10,11,1,0,7,1,8,1,0.14857645361394675,93.4488447647637,0.4207269734893819,1.006282805853213
random,global_graph,10,11,1,0,5,1,5,1,0.01911509347984166,140.18023777844132,0.2670484046199125,1.0003170425382752
random,no_edges,10,12,1,0,10,1,12,1,0.013853846594931123,105.29183173180634,0.5154509874062503,0.9914302228329083
random,local_graph,10,12,1,0,9,1,12,1,0.0029747754334153815,147.57362716574522,0.325420314256402,0.9914651862345636
random,global_graph,10,12,1,0,7,1,8,1,0.01777259326451571,144.23526241708385,0.3007861287924769,0.9895163724043717
random,no_edges,10,13,1,0,2,1,4,1,0.1408310791054802,90.76149211832988,0.5765118618747651,0.9758891460175315
random,local_graph,10,13,1,0,4,1,5,1,0.11350436187603827,98.34620671812517,0.544704333343485,0.9768401835268984
random,global_graph,10,13,1,0,5,1,5,1,0.16950235045108394,122.62353025035071,0.2929373300723298,0.985135002216945
random,no_edges,10,14,0,0,3,1,5,1,0.05740030920248116,73.33174387925445,0.8665141312623061,0.9749647443337986
random,local_graph,10,14,1,0,5,1,6,1,0.12851542094380544,89.5899720535126,0.4556248184849342,1.0003156746582438
random,global_graph,10,14,1,0,5,1,6,1,0.07482719801639455,99.65708044273664,0.429168661777897,0.9945325475806991
random,no_edges,10,15,0,0,5,1,5,1,0.056213568973325134,70.61483737910238,0.921196888921721,0.9956172298795233
random,local_graph,10,15,1,0,5,1,8,1,0.1031161217530914,123.13785685705824,0.4527470893352927,0.9773816273082048
random,global_graph,10,15,1,0,7,1,10,1,0.09511277075256404,113.77064846519626,0.3731761350844923,0.9853601998959979
random,no_edges,10,16,1,0,5,1,5,1,0.1944776653155279,85.93319658837109,0.6040291677321031,1.0084127211788048
random,local_graph,10,16,1,0,6,1,7,1,0.07341817571864759,96.03647136384357,0.37214606091238456,0.9998287539929152
random,global_graph,10,16,1,0,4,1,7,1,0.10388877498616306,108.69126578498079,0.29014906848709454,1.0001822161333014
random,no_edges,10,17,1,0,5,1,7,1,0.07661691622040849,92.55900857590075,0.6318634804577313,0.9918992989696562
random,local_graph,10,17,1,0,6,1,6,1,0.07051484685900263,146.01232544299359,0.4391374402632854,0.996716171115016
random,global_graph,10,17,1,0,7,1,7,1,0.20138104563669618,150.89935352102347,0.3294460076468065,0.9952714220465472
random,no_edges,10,18,0,0,4,1,4,1,0.0682128033269822,70.69276175795733,1.0868017457372818,0.99321721548525
random,local_graph,10,18,0,0,4,1,5,1,0.053863087653266084,86.18092453522169,1.1094997341582444,0.9882964329638829
random,global_graph,10,18,0,0,5,1,5,1,0.13767615317396772,88.2724985909177,1.0169334037478968,0.9942532361795505
random,no_edges,10,19,1,0,5,1,7,1,0.07267759422432356,97.04884303590444,0.6212446473575943,1.0404646920505911
random,local_graph,10,19,1,0,3,1,4,1,0.04971612569855021,98.00379948607201,0.5033821096428719,1.0091516965379317
random,global_graph,10,19,1,0,3,1,6,1,0.008497109291508405,121.88877557350979,0.43472634737283017,1.0334584687370807
random,no_edges,20,10,1,0,29,1,43,1,0.007675492413107928,193.6624035365369,0.5427695335734438,1.4711818929451208
random,local_graph,20,10,1,0,25,1,28,1,0.023825393438252913,259.00289786070624,0.4581336057722468,1.4721902979848285
random,global_graph,20,10,1,0,31,1,30,1,0.032015195998379986,307.44714514872567,0.35337055894143854,1.4982449919140588
random,no_edges,20,11,1,0,29,1,31,1,0.03389515825352496,182.35854856604345,0.5595875505677761,1.476379520803069
random,local_graph,20,11,1,0,25,1,35,1,0.025123858526946558,255.28494995744802,0.34046021869782733,1.4672452952557553
random,global_graph,20,11,1,0,27,1,34,1,0.010392081263482846,264.11850005535587,0.4106433708505361,1.4829232066404074
random,no_edges,20,12,1,0,38,1,40,1,0.01113703931817987,188.47414944171385,0.6014495520532591,1.6192547879957904
random,local_graph,20,12,1,0,22,1,24,1,0.0071839287423808625,253.8862017640959,0.313830546781952,1.5084139440053452
random,global_graph,20,12,1,0,23,1,24,1,0.033121001388963234,263.2392643256957,0.29209573688106905,1.4670543721877038
random,no_edges,20,13,0,0,23,1,28,1,0.034080081323921166,160.51173422263912,0.9555371675662683,1.4482374632886301
random,local_graph,20,13,1,0,23,1,27,1,0.023449370310062747,266.35076390869733,0.39621834838294795,1.4718579943291843
random,global_graph,20,13,1,0,25,1,26,1,0.063112186355538,215.8162820762389,0.4680524691855889,1.490736452008908
random,no_edges,20,14,1,0,36,1,34,1,0.005771432648087757,173.4123686306125,0.6094699850257062,1.4492929738480598
random,local_graph,20,14,1,0,25,1,33,1,0.013903561537656256,232.83671575114963,0.36399586269380757,1.4533606939949095
random,global_graph,20,14,1,0,24,1,32,1,0.04002911661970453,248.3372635245758,0.3743151965777619,1.469059835653752
random,no_edges,20,15,0,0,11,1,16,1,0.02966765167309806,128.74156181467433,0.8908243590406861,1.4466650551185012
random,local_graph,20,15,1,0,16,1,18,1,0.0433626685141305,261.98392366439447,0.3717459317164643,1.4648584842992325
random,global_graph,20,15,1,0,14,1,17,1,0.04720476119449463,284.35268169248775,0.38899533987237,1.4802898183309783
random,no_edges,20,16,0,0,27,1,34,1,0.007932630760369092,198.02342890171684,0.7035108322780655,1.4941290214968224
random,local_graph,20,16,1,0,22,1,30,1,0.05504109266951266,256.41904085879446,0.46332960039503224,1.506056999399637
random,global_graph,20,16,1,0,24,1,28,1,0.039176349598963454,268.1372070889772,0.28829756844476523,1.516620380183061
random,no_edges,20,17,1,0,18,1,22,1,0.015938577240221585,146.09680782291795,0.6337156073102388,1.5395882170802604
random,local_graph,20,17,1,0,23,1,27,1,0.03714194778385639,267.8319012128429,0.4270548221616403,1.5062484366353601
random,global_graph,20,17,1,0,22,1,27,1,0.015149219952747272,296.28352350548755,0.45851757618284295,1.4781225065235049
random,no_edges,20,18,0,0,18,1,23,1,0.058496175407046075,196.11261550370153,0.840941967902811,1.4650411574014772
random,local_graph,20,18,1,0,15,1,26,1,0.04137954569810878,253.49513930992578,0.4806042529329847,1.5124583170594026
random,global_graph,20,18,1,0,15,1,20,1,0.05557329519051824,270.3668759639283,0.3666235097996599,1.535443381483977
random,no_edges,20,19,0,0,29,1,36,1,0.0161828315299045,178.9018511408967,0.7442469222143211,1.4614524397378166
random,local_graph,20,19,1,0,36,1,32,1,0.022566041698415612,243.36293687198707,0.4412632433874317,1.4619127944267045
random,global_graph,20,19,1,0,29,1,30,1,0.0043552462649699844,269.4879372247923,0.30659896399512404,1.471264404244721
narrow,no_edges,5,10,0,0,1,1,1,1,0.3517120779508523,47.31228391412571,0.8351407153862913,0.6522489032552888
narrow,local_graph,5,10,0,0,0,0,1,1,0.5710482956694232,46.16356319668237,0.8417788907082404,0.6519626864853004
narrow,global_graph,5,10,1,0,1,1,1,1,0.1669999630972638,90.43102868611865,0.4157158645523567,0.6602174078579992
narrow,no_edges,5,11,0,0,2,1,2,1,0.320858606401145,34.46515122916515,1.6786616542239794,0.6283440840585778
narrow,local_graph,5,11,1,1,0,0,1,1,0.684790358606321,42.05694275692959,0.611061048119804,0.6373642458735654
narrow,global_graph,5,11,1,0,2,1,2,1,0.2733543232571918,41.65903094245195,0.5315730469814199,0.6292778785185268
narrow,no_edges,5,12,1,0,1,1,1,1,0.33774794073292724,38.98795950983542,0.532061390965482,0.6278065945177028
narrow,local_graph,5,12,1,0,2,1,2,1,0.13967911398603347,41.17674640833028,0.5239457155973689,0.630843024312829
narrow,global_graph,5,12,1,0,1,1,1,1,0.09336732992885573,67.3722278955209,0.3382761471102048,0.6698670680634677
narrow,no_edges,5,13,1,0,1,1,1,1,0.46197968090012786,49.07267791908841,0.48464663164456356,0.661741957689325
narrow,local_graph,5,13,1,0,2,1,2,1,0.050615287248820647,50.27464375707686,0.5003800129077253,0.6413828193520507
narrow,global_graph,5,13,1,0,2,1,2,1,0.3147224033209236,87.96139849700567,0.3941897240292159,0.6533661003534993
narrow,no_edges,5,14,1,0,1,1,1,1,0.2652551212385582,46.9659919541059,0.4832547209650162,0.6266864268885305
narrow,local_graph,5,14,1,0,2,1,2,1,0.17899323893361105,49.06438307290235,0.48774331124189796,0.6251813552808017
narrow,global_graph,5,14,1,0,2,1,2,1,0.19480381452991707,88.04170406815513,0.445244957879396,0.659249818030124
narrow,no_edges,5,15,0,0,1,1,2,1,0.15356085937054978,36.08872802762144,0.696384927051208,0.6268122679709146
narrow,local_graph,5,15,0,0,0,0,0,0,1.116079936260631,39.47317132532283,0.6742997659587278,0.6155405833851546
narrow,global_graph,5,15,1,1,0,0,0,0,1.7496276488753786,49.530677043430714,0.39996384836924614,0.61819480615668
narrow,no_edges,5,16,0,0,2,1,2,1,0.11898430407244068,28.374391751297082,1.6611363065026268,0.6185688815700511
narrow,local_graph,5,16,0,0,0,0,0,0,1.0382651862273653,33.77917311988626,1.4100680649435735,0.6133291036045799
narrow,global_graph,5,16,0,0,0,0,0,0,1.6468904439957515,36.177451806936425,1.0364418356021492,0.6320936624736836
narrow,no_edges,5,17,1,0,1,1,1,1,0.31733414230646045,46.124741253817994,0.47558390670693546,0.6472248118370771
narrow,local_graph,5,17,1,0,2,1,2,1,0.28073063932082387,48.35929010324171,0.47768321252857937,0.6304257394125065
narrow,global_graph,5,17,1,0,2,1,2,1,0.24571217583201035,86.68415890831243,0.42186800508963335,0.6180367956403643
narrow,no_edges,5,18,0,0,0,0,1,1,0.5633070952286752,40.60543475603527,1.1650381232923193,0.6450442189816386
narrow,local_graph,5,18,0,0,1,1,1,1,0.09140888377388712,45.5572757264627,0.7440174786750835,0.6374639032098154
narrow,global_graph,5,18,1,0,2,1,2,1,0.14882046539305335,81.75090319849015,0.2914820918225323,0.6603950479378303
narrow,no_edges,5,19,0,0,1,1,1,1,0.44710203945126126,41.0313715577707,1.2852423311037213,0.6633472919929773
narrow,local_graph,5,19,0,0,1,1,1,1,0.10830190908475522,47.30995475931629,0.7534998046667825,0.6492828678650161
narrow,global_graph,5,19,1,0,1,1,1,1,0.09742535627966045,52.728556811496894,0.2731696910532527,0.6517467977987095
narrow,no_edges,10,10,0,0,1,1,3,1,0.21032623475175902,77.4391324202651,1.6259168332441036,0.717799070601662
narrow,local_graph,10,10,1,0,3,1,3,1,0.17224922398021367,114.90050181645779,0.48334395324044727,0.7150000523931036
narrow,global_graph,10,10,0,0,3,1,3,1,0.11627693003231691,83.38599338762594,1.196241028043204,0.7222907443065196
narrow,no_edges,10,11,0,0,4,1,4,1,0.050843350951018614,74.52849863912309,0.9080819833582277,0.7208559429273009
narrow,local_graph,10,11,1,0,3,1,3,1,0.24092896869897282,123.88957039903359,0.3407087379050767,0.7370737982758632
narrow,global_graph,10,11,0,0,2,1,2,1,0.038469104707498515,88.0602794682799,0.8754692114728408,0.7349732409541806
narrow,no_edges,10,12,1,0,4,1,5,1,0.11348261375759063,83.34820335884001,0.6064717137699954,0.7288885787905505
narrow,local_graph,10,12,1,0,3,1,5,1,0.28717176480268636,163.93493018990458,0.3196147144522415,0.7219303457532078
narrow,global_graph,10,12,1,0,4,1,4,1,0.04405074966199193,166.62357122614443,0.315392949046499,0.7327476671586434
narrow,no_edges,10,13,0,0,3,1,5,1,0.07017137919327873,90.30624378888423,0.7260061426808668,0.7279841365137448
narrow,local_graph,10,13,1,0,4,1,4,1,0.30671902759660713,166.0192229116645,0.26323075755157105,0.7252119714394212
narrow,global_graph,10,13,1,0,4,1,4,1,0.12937847977778424,168.61353006372659,0.25922114907821114,0.7332111204353472
narrow,no_edges,10,14,0,0,2,1,4,1,0.06553497617371325,88.64423270657417,0.7480890997274666,0.7166592792297403
narrow,local_graph,10,14,1,0,4,1,4,1,0.06775485913610582,171.85209210036598,0.2241942668256239,0.7136732378664116
narrow,global_graph,10,14,1,0,4,1,4,1,0.09255046365993684,169.5669967034055,0.2748151202737211,0.7544453663285822
narrow,no_edges,10,15,0,0,4,1,4,1,0.04446237872072239,75.88681193369409,0.6627167647113195,0.7160976354498416
narrow,local_graph,10,15,1,0,2,1,6,1,0.13537786598817417,173.55108315285227,0.5003691160183166,0.7136298634577543
narrow,global_graph,10,15,1,0,2,1,4,1,0.09857227735978048,142.59738628290418,0.29514996864123955,0.7382551790215075
narrow,no_edges,10,16,0,0,3,1,4,1,0.3567576890337308,59.155705123010534,1.8999220233380303,0.7286061047731588
narrow,local_graph,10,16,1,0,3,1,5,1,0.056208429474541015,88.3783847539799,0.3502876762951396,0.7255840871948749
narrow,global_graph,10,16,0,0,5,1,5,1,0.03990229711749809,62.942212437447274,1.3095346654061795,0.7339688949286938
narrow,no_edges,10,17,0,0,3,1,6,1,0.07872898457290431,85.04653036881946,0.8125533006512778,0.728334445739165
narrow,local_graph,10,17,1,0,4,1,4,1,0.14061781125329326,167.24644662141358,0.2581864614133678,0.7265208250222107
narrow,global_graph,10,17,1,0,4,1,4,1,0.029137282724999724,165.93918354832945,0.3092957355532864,0.7463535235729069
narrow,no_edges,10,18,0,0,4,1,5,1,0.10468807279592021,80.65445364129121,0.8679234994056795,0.7431276433635503
narrow,local_graph,10,18,1,0,3,1,5,1,0.37651443094104636,156.69914718267884,0.3165565653811988,0.7143859945548078
narrow,global_graph,10,18,1,0,3,1,4,1,0.0648123615469348,114.8997793487637,0.22655882189828253,0.7270943088870909
narrow,no_edges,10,19,0,0,2,1,3,1,0.10047062167922222,76.53223071042993,1.3545509306594468,0.7162482438919445
narrow,local_graph,10,19,1,0,2,1,3,1,0.1799802878625504,135.516482201599,0.34883953188842065,0.7122492378888031
narrow,global_graph,10,19,1,0,2,1,2,1,0.06322120295711468,110.83977606079708,0.5669475612618499,0.7465896817545096
narrow,no_edges,20,10,0,0,13,1,21,1,0.04184535587384122,139.33611845176648,1.664329392248473,0.9433144043820599
narrow,local_graph,20,10,0,0,17,1,21,1,0.09556114178916142,182.6299547858831,0.8676191353597076,0.9724790385613838
narrow,global_graph,20,10,0,0,23,1,24,1,0.011017771945620933,151.43640109664761,1.2210076665064973,0.9484848919479797
narrow,no_edges,20,11,1,0,11,1,19,1,0.13439118525336616,154.14314075027568,0.6340670130646444,0.9309025558953484
narrow,local_graph,20,11,1,0,12,1,21,1,0.02523502236349617,278.35731049255355,0.35994375617164476,0.929811296130841
narrow,global_graph,20,11,0,0,14,1,25,1,0.06702703405702388,182.01773987650154,0.8898665817785114,0.9346470139765491
narrow,no_edges,20,12,0,0,17,1,27,1,0.07651944934902619,174.39286277086487,0.662929803265669,0.9368851819696525
narrow,local_graph,20,12,1,0,26,1,38,1,0.13728517907965032,334.0422194019127,0.3762353307319481,0.93230355802613
narrow,global_graph,20,12,1,0,24,1,29,1,0.014093809604909094,338.01956792867213,0.3381408375409672,0.938782028000181
narrow,no_edges,20,13,0,0,21,1,30,1,0.03762088301444666,171.55408257364755,1.0244144279517884,0.9667272388469428
narrow,local_graph,20,13,1,0,21,1,29,1,0.04676203852868685,320.9026124198278,0.28696945413957053,0.9638747801848998
narrow,global_graph,20,13,1,0,22,1,24,1,0.026413604193171614,319.06188802982194,0.27834435578447103,0.9710466392183056
narrow,no_edges,20,14,0,0,25,1,33,1,0.062125932967057464,175.326897623038,0.7599484305844244,0.9576900765144577
narrow,local_graph,20,14,1,0,24,1,29,1,0.067832793661064,337.85322038817253,0.22274372524249214,0.9539629643162092
narrow,global_graph,20,14,1,0,17,1,30,1,0.03712709088694695,341.4700075454013,0.3191920086119887,0.9598360280506313
narrow,no_edges,20,15,1,0,19,1,25,1,0.026014615851553766,164.10873583267536,0.6224906426860658,0.9472427889704704
narrow,local_graph,20,15,1,0,14,1,20,1,0.05929625736672276,327.31933471310896,0.36673557244359095,0.943792211667945
narrow,global_graph,20,15,1,0,24,1,30,1,0.06658238157024876,324.67287091805827,0.32421206132792324,0.9426206117495894
narrow,no_edges,20,16,0,0,13,1,16,1,0.06840080488402962,112.04495354646576,1.625591200560588,0.9475600420652578
narrow,local_graph,20,16,1,0,11,1,18,1,0.01708068281294985,189.05566642193006,0.35113386594480495,0.9397452231496572
narrow,global_graph,20,16,0,0,12,1,17,1,0.11636602935605452,146.89505746308203,0.8484142129006111,0.9729579420915494
narrow,no_edges,20,17,0,0,25,1,38,1,0.057232142469552875,168.36373962317748,0.8278917426439479,0.9518752049189061
narrow,local_graph,20,17,1,0,23,1,42,1,0.04402004268537751,327.1295424681045,0.2223478718561612,0.9416042400213579
narrow,global_graph,20,17,1,0,21,1,26,1,0.01469815549572806,332.2151497102064,0.31387035806244057,0.9483459560821453
narrow,no_edges,20,18,0,0,25,1,30,1,0.03630362651139298,153.331177011288,1.1823824873386124,0.9277772779266039
narrow,local_graph,20,18,1,0,21,1,27,1,0.018579766955498653,287.50309533845245,0.318287163833492,0.9339040242290745
narrow,global_graph,20,18,1,0,18,1,25,1,0.025947747827967674,258.9078661260006,0.2715752477374534,0.9294191918646296
narrow,no_edges,20,19,0,0,18,1,23,1,0.018585742527865403,141.75584723455978,1.4194906779607481,0.9450570990641912
narrow,local_graph,20,19,1,0,12,1,20,1,0.03705633047377566,249.04136302794066,0.356329720615166,0.9325616624361525
narrow,global_graph,20,19,0,0,19,1,21,1,0.02832921955586598,190.8086727121125,0.9100039176119357,0.948560486237208
