layout,method,robots,seed,success,collisions,collision_events,collision_episode,min_separation,path_length,steps,final_error
crossing,orca,5,10,1,3,1,1,0.7042649030379938,83.198581910471,240,0.11708993113621954
crossing,astar,5,10,1,6,1,1,0.07819731434808391,35.3919988255199,79,0.12523882769511469
crossing,mlp,5,10,1,22,2,1,0.30381730466283274,44.26703721338616,240,0.45681054948102073
crossing,gnn,5,10,0,9,2,1,0.1521809834064545,35.66236903874571,240,0.7812819594143156
crossing,orca,5,11,1,17,2,1,0.4801185479887942,30.21400119594552,93,0.1284158058756153
crossing,astar,5,11,1,6,1,1,0.37853202572357936,30.91199880816976,69,0.11806432813721841
crossing,mlp,5,11,0,18,2,1,0.17999944926900388,27.28154118638566,240,0.8187695018659008
crossing,gnn,5,11,0,18,2,1,0.09217286294171946,39.38237813414256,240,0.8529821778358802
crossing,orca,5,12,1,11,1,1,0.49038817568903037,34.31893820906171,109,0.15803450675874645
crossing,astar,5,12,1,13,2,1,0.16500141981799016,36.73599866977638,82,0.11466536103320339
crossing,mlp,5,12,1,18,2,1,0.29818539336263084,33.040163311751044,240,0.49944284092330726
crossing,gnn,5,12,0,17,2,1,0.016781803554344183,42.90138132231158,240,0.7465902544202252
crossing,orca,5,13,0,8,1,1,0.5394978597068073,75.52585270527085,240,1.1801908503037781
crossing,astar,5,13,1,12,2,1,0.06870826541325886,40.76799842539865,91,0.12862240762085841
crossing,mlp,5,13,0,29,2,1,0.07886706833374989,34.341614427147825,240,0.678655321101177
crossing,gnn,5,13,0,21,2,1,0.07078895159816628,42.98370371664064,240,0.6526175341347811
crossing,orca,5,14,0,0,0,0,1.0361917922629575,60.80757995597638,240,1.1357521184515713
crossing,astar,5,14,1,12,2,1,0.04286790083181922,39.42399869892064,88,0.10157248889305473
crossing,mlp,5,14,0,25,2,1,0.30760456707579137,30.977075358479446,240,0.7190151642874867
crossing,gnn,5,14,0,20,2,1,0.07034354596701474,37.02864603121259,240,0.8739960615046337
crossing,orca,10,10,1,24,4,1,0.39957295353796235,169.21241960361212,240,0.12664849375971143
crossing,astar,10,10,1,36,5,1,0.010216054115451637,90.71999550289624,81,0.08389117033458879
crossing,mlp,10,10,1,102,5,1,0.01869637765511951,72.83973802654353,240,0.4808014586872593
crossing,gnn,10,10,1,65,6,1,0.10127916591639745,127.57047966409958,240,0.3059102306021568
crossing,orca,10,11,1,54,4,1,0.11957424256711578,100.17437030067127,131,0.08329048624705045
crossing,astar,10,11,1,25,4,1,0.038942944387287036,88.47999764094094,79,0.08624930590780219
crossing,mlp,10,11,1,80,4,1,0.02709052657523418,58.367198607345806,240,0.649229350560639
crossing,gnn,10,11,1,53,4,1,0.03449058637126876,140.84001911832306,240,0.34523863941595734
crossing,orca,10,12,1,19,3,1,0.46812784429791254,154.76269679215775,240,0.6173214827519589
crossing,astar,10,12,1,32,5,1,0.040011681453832625,104.15999658195305,93,0.11084229029266879
crossing,mlp,10,12,1,75,5,1,0.06023741650524924,76.37652228560339,240,0.6057234282070025
crossing,gnn,10,12,1,48,5,1,0.06936686594392544,140.7023578091609,240,0.19780693077431166
crossing,orca,10,13,1,37,4,1,0.32293552585862095,177.31297042824514,240,0.2365030796885199
crossing,astar,10,13,1,19,3,1,0.05527623077714075,105.27999623133493,94,0.08233868017699544
crossing,mlp,10,13,1,70,5,1,0.05791323939341617,78.88093919121631,240,0.4048898221726147
crossing,gnn,10,13,1,51,5,1,0.060283690169284344,126.38317652775301,240,0.23988151050091794
crossing,orca,10,14,0,8,1,1,0.5904084963373848,137.66235342434854,240,0.674872366961383
crossing,astar,10,14,1,31,5,1,0.003554139445713721,100.7999964009299,90,0.08667504561404626
crossing,mlp,10,14,0,204,7,1,0.02891520326465536,68.10395812594182,240,0.824762977348097
crossing,gnn,10,14,1,60,5,1,0.013684642053904907,128.62668066643198,240,0.3229867248471908
crossing,orca,20,10,1,146,15,1,0.2732303921931682,366.5251174529309,240,0.07399068493627324
crossing,astar,20,10,1,142,21,1,0.054963885481607515,194.879993121567,87,0.07909428018221712
crossing,mlp,20,10,1,933,25,1,0.03726734833862513,130.248832544298,240,0.5838951315354802
crossing,gnn,20,10,1,485,30,1,0.047847516613803515,238.40321706191472,240,0.3754944524366714
crossing,orca,20,11,1,100,13,1,0.21584961479405335,244.83478553914244,156,0.06273923626955548
crossing,astar,20,11,1,155,20,1,0.01327117695361482,181.43999498568084,81,0.10002419808584764
crossing,mlp,20,11,1,479,18,1,0.017614389147070787,133.29535402358505,240,0.589404668306359
crossing,gnn,20,11,1,341,20,1,0.003249203722015525,251.8402048586949,240,0.35607800729120337
crossing,orca,20,12,0,115,11,1,0.15179042056037564,315.5933814406075,240,0.6978833439677425
crossing,astar,20,12,1,362,34,1,0.02242180705071617,219.519993188026,98,0.07966986263329887
crossing,mlp,20,12,1,848,29,1,0.1264162813707114,150.47294738981657,240,0.6312317127996866
crossing,gnn,20,12,0,471,35,1,0.05127682658273676,229.67268595724659,240,0.709051831259681
crossing,orca,20,13,1,94,10,1,0.3204431720639505,370.1785157968501,240,0.0695925708300105
crossing,astar,20,13,1,162,20,1,0.008492144040230288,201.59999362045392,90,0.06046010470205208
crossing,mlp,20,13,1,782,27,1,0.08349604434660726,140.7888242520736,240,0.5256774309846084
crossing,gnn,20,13,1,587,29,1,0.10020864117717504,235.26609859880858,240,0.45140363295201985
crossing,orca,20,14,1,93,13,1,0.32381740797094205,331.96941222526607,217,0.060104944752798005
crossing,astar,20,14,1,227,27,1,0.005900703416845797,201.59999453044608,90,0.09689737472874861
crossing,mlp,20,14,1,876,33,1,0.0074238328302308,141.78592413645373,240,0.4693802409603632
crossing,gnn,20,14,1,451,23,1,0.023192741874202016,224.6653275247778,240,0.4003999816075049
random,orca,5,10,1,22,2,1,0.34629537134152116,56.03608965893617,129,0.10234030654622225
random,astar,5,10,1,11,2,1,0.40031424627473533,44.799997621481396,100,0.14114791095787016
random,mlp,5,10,1,50,2,1,0.09190202721593409,34.61607945995807,240,0.5920055097304697
random,gnn,5,10,1,24,2,1,0.13775926884652093,56.66495835940589,240,0.4852153250744344
random,orca,5,11,1,8,1,1,0.5765942150985613,53.74750798324659,124,0.09931229250601488
random,astar,5,11,1,11,2,1,0.07027643071470101,31.80799915581561,71,0.14658132737447077
random,mlp,5,11,0,25,2,1,0.028290448795272323,26.977434124301187,240,0.6754891870724264
random,gnn,5,11,0,8,1,1,0.42673285950488393,28.731610420545856,240,0.9110647640027519
random,orca,5,12,1,0,0,0,0.8288947722935596,48.66151944884418,126,0.12655325266154244
random,astar,5,12,1,7,1,1,0.056748034766966104,43.45599948781837,97,0.11068324867985468
random,mlp,5,12,1,17,2,1,0.38388387381855527,41.570070163682914,240,0.3867210002048816
random,gnn,5,12,1,16,2,1,0.1478501432324536,58.79300266147932,240,0.387295899901961
random,orca,5,13,0,10,1,1,0.40266881371116225,49.25027807478198,240,2.1788284237444664
random,astar,5,13,1,9,2,1,0.050396929860978976,30.015999301500102,67,0.137626371567641
random,mlp,5,13,0,34,2,1,0.18335277002693567,17.91692034501323,240,1.257312494065621
random,gnn,5,13,1,18,2,1,0.13682793427052195,46.73828509934536,240,0.3682644711689769
random,orca,5,14,0,240,1,1,0.2348209917042945,55.38519721449005,240,2.493484566915894
random,astar,5,14,1,151,7,1,0.08612283618400939,43.9039996438683,98,0.16347634877365108
random,mlp,5,14,1,251,2,1,0.018107397484650452,24.87269001279001,240,0.5145572401140054
random,gnn,5,14,1,173,3,1,0.02617044762562939,47.49976822643068,240,0.4047414213400152
random,orca,10,10,1,15,2,1,0.3582026321329303,150.7996530310126,240,0.5899798242554262
random,astar,10,10,1,144,16,1,0.04716118878323203,116.47999475001897,104,0.09578856038781566
random,mlp,10,10,0,274,10,1,0.08967054472117468,86.72385498305984,240,0.6908920408211692
random,gnn,10,10,0,94,9,1,0.1584888890194713,115.24654148963064,240,0.6826336795912081
random,orca,10,11,1,47,3,1,0.07139930482931717,99.13797953050093,125,0.07616941259079878
random,astar,10,11,1,30,6,1,0.07320961922058085,101.91999625904322,91,0.12218069550921022
random,mlp,10,11,0,108,9,1,0.07781209549353921,62.97706220580917,240,0.7249980592894726
random,gnn,10,11,1,42,5,1,0.15728713709609438,87.24821527561147,240,0.5746323580263828
random,orca,10,12,1,219,38,1,0.16156973619133477,151.90016040078885,240,0.0951941889335092
random,astar,10,12,1,133,67,1,0.09194546260072733,134.39999530656192,120,0.0885320427119074
random,mlp,10,12,0,298,8,1,0.028976072886721285,79.49310065644966,240,0.6591796188927808
random,gnn,10,12,0,341,9,1,0.01394198090719538,127.20584103787448,240,0.6946348376631473
random,orca,10,13,1,58,6,1,0.34882666775875854,143.80108212798774,208,0.09589348131336492
random,astar,10,13,1,82,12,1,0.09910496100613184,115.35999605067101,103,0.09315384062778982
random,mlp,10,13,0,190,11,1,0.125148929445493,74.82767942182322,240,0.7805016054121319
random,gnn,10,13,1,148,15,1,0.030524756855827496,97.29672965525442,240,0.5554750685223429
random,orca,10,14,1,75,7,1,0.07080666659781717,97.06056864189571,130,0.06441259964687676
random,astar,10,14,1,103,11,1,0.022453079642182825,96.31999593185218,86,0.09444023732224789
random,mlp,10,14,1,317,7,1,0.006034584358104869,54.954559048386294,240,0.5154789291454547
random,gnn,10,14,1,196,13,1,0.04265861561367482,112.47229170191244,240,0.4230546274778305
random,orca,20,10,1,245,60,1,0.2759338003125607,329.10832525492003,240,0.07853448716995942
random,astar,20,10,1,322,37,1,0.01088192609402927,262.0799901239672,117,0.07035807371269873
random,mlp,20,10,1,941,40,1,0.02107692967059004,141.59710638008463,240,0.6144229077943877
random,gnn,20,10,1,770,46,1,0.039151304636275225,229.598032230874,240,0.5667678266627946
random,orca,20,11,1,242,13,1,0.2857017491393872,225.73807497995165,148,0.06415475640540778
random,astar,20,11,1,220,25,1,0.02093449364678544,192.63999250291792,86,0.09388911881876082
random,mlp,20,11,0,761,29,1,0.012720805162181298,112.28923898124313,240,0.8371614263585408
random,gnn,20,11,1,621,24,1,0.03966260077714938,270.00362201650216,240,0.3392017226208365
random,orca,20,12,1,206,19,1,0.14247116753445602,316.6978207635354,240,0.20680867995033575
random,astar,20,12,1,419,41,1,0.019528329447569243,279.99998867550835,125,0.08721459650496774
random,mlp,20,12,0,1136,38,1,0.010300284857758548,140.16254812091623,240,0.6770550069922836
random,gnn,20,12,1,1001,33,1,0.017705745162275247,239.21094652517885,240,0.46770221886255936
random,orca,20,13,1,541,14,1,0.06172643004707237,320.0621730447215,240,0.09763902906884503
random,astar,20,13,1,350,21,1,0.02172003450355914,262.07999077521777,117,0.0891998049997248
random,mlp,20,13,0,779,23,1,0.030122247813137073,137.80643913867735,240,0.7033388133897309
random,gnn,20,13,0,763,21,1,0.03183465380596556,215.2876080642453,240,0.7226200347451479
random,orca,20,14,1,309,19,1,0.23998961321405926,310.85597128709605,208,0.06591532147488606
random,astar,20,14,1,414,55,1,0.01357511339306456,206.07999294008582,92,0.0686935265298341
random,mlp,20,14,0,713,36,1,0.00638024018696762,146.54152233871864,240,0.6923882376897941
random,gnn,20,14,1,684,36,1,0.01833153788388316,240.50075638807445,240,0.3420696203146276
