layout,method,robots,seed,success,collisions,collision_events,collision_episode,min_separation,path_length,steps,final_error,control_time_ms
crossing,orca,5,10,1,3,1,1,0.7042649030379938,83.198581910471,240,0.11708993113621954,0.3044195706024766
crossing,rvo,5,10,1,14,2,1,0.06532137674859803,30.267997846457156,82,0.07979768515983957,8.574392328538545
crossing,astar,5,10,1,6,1,1,0.07819731434808391,35.3919988255199,79,0.12523882769511469,1.7134816197183314
crossing,mlp,5,10,1,22,2,1,0.30381730466283274,44.26703721338616,240,0.45681054948102073,0.6896511438147476
crossing,gnn,5,10,0,9,2,1,0.1521809834064545,35.66236903874571,240,0.7812819594143156,0.8574338940282663
crossing,orca,5,11,1,17,2,1,0.4801185479887942,30.21400119594552,93,0.1284158058756153,0.2961195454562223
crossing,rvo,5,11,1,12,2,1,0.153165960422175,24.86399821487895,69,0.1218456439212064,8.625875260896873
crossing,astar,5,11,1,6,1,1,0.37853202572357936,30.91199880816976,69,0.11806432813721841,0.4450990683466628
crossing,mlp,5,11,0,18,2,1,0.17999944926900388,27.28154118638566,240,0.8187695018659008,0.42647211424385506
crossing,gnn,5,11,0,18,2,1,0.09217286294171946,39.38237813414256,240,0.8529821778358802,0.7578447616348664
crossing,orca,5,12,1,11,1,1,0.49038817568903037,34.31893820906171,109,0.15803450675874645,0.29653022407528457
crossing,rvo,5,12,1,4,1,1,0.5738771371173422,30.855997618927887,80,0.1402719456731943,8.688307425472885
crossing,astar,5,12,1,13,2,1,0.16500141981799016,36.73599866977638,82,0.11466536103320339,1.8114887189301776
crossing,mlp,5,12,1,18,2,1,0.29818539336263084,33.040163311751044,240,0.49944284092330726,0.42692645414111513
crossing,gnn,5,12,0,17,2,1,0.016781803554344183,42.90138132231158,240,0.7465902544202252,0.7708727440331131
crossing,orca,5,13,0,8,1,1,0.5394978597068073,75.52585270527085,240,1.1801908503037781,0.2980873784205566
crossing,rvo,5,13,1,10,2,1,0.3432669712136453,37.71599843511627,95,0.08627898220575628,8.673113231596194
crossing,astar,5,13,1,12,2,1,0.06870826541325886,40.76799842539865,91,0.12862240762085841,0.39531606259745555
crossing,mlp,5,13,0,29,2,1,0.07886706833374989,34.341614427147825,240,0.678655321101177,0.432392106934761
crossing,gnn,5,13,0,21,2,1,0.07078895159816628,42.98370371664064,240,0.6526175341347811,0.7853033331533273
crossing,orca,5,14,0,0,0,0,1.0361917922629575,60.80757995597638,240,1.1357521184515713,0.3034075547475368
crossing,rvo,5,14,1,11,2,1,0.20860983978264888,35.67199858568587,91,0.08596090921902663,8.669431940498916
crossing,astar,5,14,1,12,2,1,0.04286790083181922,39.42399869892064,88,0.10157248889305473,0.46077675969255244
crossing,mlp,5,14,0,25,2,1,0.30760456707579137,30.977075358479446,240,0.7190151642874867,0.4328003929307063
crossing,gnn,5,14,0,20,2,1,0.07034354596701474,37.02864603121259,240,0.8739960615046337,0.784476927947253
crossing,orca,5,15,1,29,1,1,0.0660112076609494,33.9859869863375,110,0.1031076598331591,0.2950690348039974
crossing,rvo,5,15,1,11,2,1,0.3659114170511059,26.711998187672457,80,0.06782583937369455,8.649111643899232
crossing,astar,5,15,1,10,2,1,0.2899068108950289,32.70399911830748,73,0.11148290287961511,2.0936568242127764
crossing,mlp,5,15,0,22,2,1,0.10950091281008187,41.59938122601446,240,0.6560998015502206,0.42285463617493707
crossing,gnn,5,15,0,7,1,1,0.19266690506451892,42.03188198494142,240,0.7445685095617016,0.7713147186829398
crossing,orca,5,16,1,28,2,1,0.23151705607709144,38.53513620384769,95,0.10845186119693848,0.29848776267547356
crossing,rvo,5,16,1,9,2,1,0.3655358400026137,23.63199814281623,73,0.05716065518079387,8.622174718965814
crossing,astar,5,16,1,12,2,1,0.3060810135313153,29.119999054341957,65,0.10473311873089945,2.111170433748227
crossing,mlp,5,16,1,18,2,1,0.4617931955251237,39.41860973168666,240,0.39990191052679697,0.42387214101230103
crossing,gnn,5,16,1,21,2,1,0.05268537332101382,30.18960201201857,240,0.6069692241424527,0.7596583784713099
crossing,orca,5,17,0,0,0,0,0.8431474515322034,54.86201255496278,240,1.1439988261575413,0.29947990163539845
crossing,rvo,5,17,1,12,2,1,0.11068530500682258,35.11199864295241,88,0.07223900733693762,8.68758281417699
crossing,astar,5,17,1,11,2,1,0.08364249075266181,38.5279989162086,86,0.09657756054171887,0.36596099651137065
crossing,mlp,5,17,0,39,2,1,0.03725679006992608,29.243388316542532,240,1.027098043485203,0.4268439544830471
crossing,gnn,5,17,0,20,2,1,0.03690585141702652,40.28415818833862,240,0.8905437935916947,0.7736988889519125
crossing,orca,5,18,1,25,2,1,0.3548153753854916,40.3192746893459,114,0.14048582452588732,0.3042388952484256
crossing,rvo,5,18,1,12,2,1,0.13411482126091204,34.60799818258113,85,0.12484902659645476,8.691727895947064
crossing,astar,5,18,1,5,1,1,0.4024769601580217,38.52799819848203,86,0.13699091262759572,0.48614965296935203
crossing,mlp,5,18,1,19,2,1,0.011861181424672728,32.785557130965216,240,0.5518571499708065,0.42421217464531463
crossing,gnn,5,18,1,7,1,1,0.31158113058263154,39.18698793316121,240,0.6433491104754326,0.761910704507803
crossing,orca,5,19,1,18,2,1,0.46504411863653616,40.46381064683309,112,0.11989394944839885,0.30056314010705265
crossing,rvo,5,19,1,8,2,1,0.43173382660029314,30.743997647837354,84,0.12998412748644056,8.66551716102376
crossing,astar,5,19,1,11,2,1,0.36651691786140167,38.975998662725495,87,0.13035677854973074,0.5756416625675114
crossing,mlp,5,19,1,20,2,1,0.2349868804655133,30.831452193743957,240,0.433894269810169,0.43472684143731993
crossing,gnn,5,19,0,8,1,1,0.3276341314265508,36.59171242245946,240,0.7665289957194797,0.7877873703061292
crossing,orca,10,10,1,24,4,1,0.39957295353796235,169.21241960361212,240,0.12664849375971143,0.653342124617969
crossing,rvo,10,10,1,24,5,1,0.19236279812584373,58.88399613989571,83,0.0711747792945814,26.600267115352025
crossing,astar,10,10,1,36,5,1,0.010216054115451637,90.71999550289624,81,0.08389117033458879,3.5920389582989394
crossing,mlp,10,10,1,102,5,1,0.01869637765511951,72.83973802654353,240,0.4808014586872593,0.6630091384674112
crossing,gnn,10,10,1,65,6,1,0.10127916591639745,127.57047966409958,240,0.3059102306021568,1.001501865296935
crossing,orca,10,11,1,54,4,1,0.11957424256711578,100.17437030067127,131,0.08329048624705045,0.6607037236672322
crossing,rvo,10,11,1,34,5,1,0.06742056923978221,56.44799605931607,85,0.04125021212457672,26.824349345748914
crossing,astar,10,11,1,25,4,1,0.038942944387287036,88.47999764094094,79,0.08624930590780219,2.285015934347352
crossing,mlp,10,11,1,80,4,1,0.02709052657523418,58.367198607345806,240,0.649229350560639,0.7057023060042411
crossing,gnn,10,11,1,53,4,1,0.03449058637126876,140.84001911832306,240,0.34523863941595734,1.006333784122641
crossing,orca,10,12,1,19,3,1,0.46812784429791254,154.76269679215775,240,0.6173214827519589,0.6624578168460479
crossing,rvo,10,12,1,32,5,1,0.03331641513309335,75.87999562568093,102,0.06654241662844637,26.812969104332083
crossing,astar,10,12,1,32,5,1,0.040011681453832625,104.15999658195305,93,0.11084229029266879,2.936951991330872
crossing,mlp,10,12,1,75,5,1,0.06023741650524924,76.37652228560339,240,0.6057234282070025,0.6690929003525525
crossing,gnn,10,12,1,48,5,1,0.06936686594392544,140.7023578091609,240,0.19780693077431166,1.0176373665065814
crossing,orca,10,13,1,37,4,1,0.32293552585862095,177.31297042824514,240,0.2365030796885199,0.6716846507818749
crossing,rvo,10,13,1,22,4,1,0.2281056422854049,76.49599624051525,114,0.049057233832260835,26.729458207754714
crossing,astar,10,13,1,19,3,1,0.05527623077714075,105.27999623133493,94,0.08233868017699544,3.1568696623311396
crossing,mlp,10,13,1,70,5,1,0.05791323939341617,78.88093919121631,240,0.4048898221726147,0.6669896324941268
crossing,gnn,10,13,1,51,5,1,0.060283690169284344,126.38317652775301,240,0.23988151050091794,1.0096886777319014
crossing,orca,10,14,0,8,1,1,0.5904084963373848,137.66235342434854,240,0.674872366961383,0.6916938912278662
crossing,rvo,10,14,1,32,5,1,0.13632361871307672,72.74399629508736,99,0.05060418674212808,26.645433289384602
crossing,astar,10,14,1,31,5,1,0.003554139445713721,100.7999964009299,90,0.08667504561404626,2.0037552134858236
crossing,mlp,10,14,0,204,7,1,0.02891520326465536,68.10395812594182,240,0.824762977348097,0.6653301029776534
crossing,gnn,10,14,1,60,5,1,0.013684642053904907,128.62668066643198,240,0.3229867248471908,1.0122373253883172
crossing,orca,10,15,1,54,5,1,0.15528604731561618,111.64867745184377,145,0.08512746142458237,0.6491675780251108
crossing,rvo,10,15,1,30,5,1,0.17411765568086618,64.31599570569004,94,0.03651282564885193,26.623479259061686
crossing,astar,10,15,1,28,5,1,0.07961921625115843,97.43999698129737,87,0.07313047390510148,3.6700444841950106
crossing,mlp,10,15,1,86,4,1,0.05386478608090819,69.04828879349061,240,0.6031933266160598,0.6770227919332683
crossing,gnn,10,15,1,54,5,1,0.09808526817662182,130.33594661525433,240,0.3211688458179887,1.0136013287895669
crossing,orca,10,16,1,67,4,1,0.11627508016422218,173.65037998895914,227,0.09358471238918524,0.6467121866601416
crossing,rvo,10,16,1,24,4,1,0.1313977494924872,49.72799714715833,83,0.03857917051619217,26.58928784889629
crossing,astar,10,16,1,30,5,1,0.08861655660377352,72.79999773780467,65,0.1020273316936845,4.050347266288904
crossing,mlp,10,16,1,89,5,1,0.073992399605668,59.15340488457892,240,0.5031923078259342,0.6626505540528645
crossing,gnn,10,16,1,78,5,1,0.03217050254740779,143.95826466138476,240,0.5093028955176444,1.0008580769256998
crossing,orca,10,17,1,43,4,1,0.32922494451885836,156.4410994269414,240,0.5809543315448854,0.6606539381512752
crossing,rvo,10,17,1,33,5,1,0.07479914849229861,70.08399594467758,94,0.04552462445396601,26.82608493326351
crossing,astar,10,17,1,33,5,1,0.03879284974588699,97.4399966953302,87,0.119982335730398,2.9779353617936715
crossing,mlp,10,17,1,93,7,1,0.035571314820720026,71.923198872218,240,0.46622956517990594,0.6827113781279573
crossing,gnn,10,17,1,62,5,1,0.03109435040880711,121.54414445077329,240,0.36200797627803655,1.01615153447104
crossing,orca,10,18,1,13,2,1,0.5784397751964621,133.19023282951926,179,0.07051682570416515,0.655298126476437
crossing,rvo,10,18,1,19,3,1,0.13388349236128316,67.87199540216014,93,0.05795398407859753,26.76461433230709
crossing,astar,10,18,1,27,5,1,0.06231611746435921,97.43999700464349,87,0.0948085546234958,3.388567163940819
crossing,mlp,10,18,1,96,5,1,0.1363858812616649,65.39967876599398,240,0.6061029019704771,0.6890582561027259
crossing,gnn,10,18,1,32,4,1,0.04677619275511236,128.93599869937745,240,0.419896305430531,1.0429314628709108
crossing,orca,10,19,1,28,4,1,0.5219926073456289,98.40422958188951,136,0.09659267090489822,0.6660154356402072
crossing,rvo,10,19,1,34,5,1,0.018326492819142646,61.71199556165691,94,0.0343227312456813,26.639095557100596
crossing,astar,10,19,1,21,3,1,0.03712808407389047,96.31999552965515,86,0.07621738615062192,0.9175386485578709
crossing,mlp,10,19,1,112,5,1,0.10354412166756348,59.520741149782204,240,0.6399717361175218,0.6607128772884607
crossing,gnn,10,19,1,53,5,1,0.20751710008429422,123.46366073598848,240,0.4504900111865216,1.0173974151257426
crossing,orca,20,10,1,146,15,1,0.2732303921931682,366.5251174529309,240,0.07399068493627324,1.6565014200750738
crossing,rvo,20,10,1,138,23,1,0.05137930802048729,113.79199151315304,80,0.0497810123038621,90.93015925609507
crossing,astar,20,10,1,142,21,1,0.054963885481607515,194.879993121567,87,0.07909428018221712,6.644769668065268
crossing,mlp,20,10,1,933,25,1,0.03726734833862513,130.248832544298,240,0.5838951315354802,1.1390566593036056
crossing,gnn,20,10,1,485,30,1,0.047847516613803515,238.40321706191472,240,0.3754944524366714,1.5091720114772518
crossing,orca,20,11,1,100,13,1,0.21584961479405335,244.83478553914244,156,0.06273923626955548,1.6505711156731615
crossing,rvo,20,11,1,142,23,1,0.07121098872838405,117.06799333233909,90,0.02830455743581614,90.63918100049098
crossing,astar,20,11,1,155,20,1,0.01327117695361482,181.43999498568084,81,0.10002419808584764,5.597099023698656
crossing,mlp,20,11,1,479,18,1,0.017614389147070787,133.29535402358505,240,0.589404668306359,1.1414708686061203
crossing,gnn,20,11,1,341,20,1,0.003249203722015525,251.8402048586949,240,0.35607800729120337,1.5111635361487668
crossing,orca,20,12,0,115,11,1,0.15179042056037564,315.5933814406075,240,0.6978833439677425,1.6698846108435343
crossing,rvo,20,12,1,167,26,1,0.06970989959674864,154.22399236347093,109,0.03850413075492028,91.31053381881446
crossing,astar,20,12,1,362,34,1,0.02242180705071617,219.519993188026,98,0.07966986263329887,5.611863163090786
crossing,mlp,20,12,1,848,29,1,0.1264162813707114,150.47294738981657,240,0.6312317127996866,1.1484052462037653
crossing,gnn,20,12,0,471,35,1,0.05127682658273676,229.67268595724659,240,0.709051831259681,1.4981663805277396
crossing,orca,20,13,1,94,10,1,0.3204431720639505,370.1785157968501,240,0.0695925708300105,1.6569696657825261
crossing,rvo,20,13,1,156,29,1,0.04375951767659348,144.95599143363228,106,0.02845478617839552,90.65871020638437
crossing,astar,20,13,1,162,20,1,0.008492144040230288,201.59999362045392,90,0.06046010470205208,6.540837951211466
crossing,mlp,20,13,1,782,27,1,0.08349604434660726,140.7888242520736,240,0.5256774309846084,1.156523171812296
crossing,gnn,20,13,1,587,29,1,0.10020864117717504,235.26609859880858,240,0.45140363295201985,1.5347367889868717
crossing,orca,20,14,1,93,13,1,0.32381740797094205,331.96941222526607,217,0.060104944752798005,1.6773673662838573
crossing,rvo,20,14,1,210,24,1,0.04186182747178625,145.90799244683822,100,0.02610787334780278,90.82827198784798
crossing,astar,20,14,1,227,27,1,0.005900703416845797,201.59999453044608,90,0.09689737472874861,5.208576191216707
crossing,mlp,20,14,1,876,33,1,0.0074238328302308,141.78592413645373,240,0.4693802409603632,1.1363126027087371
crossing,gnn,20,14,1,451,23,1,0.023192741874202016,224.6653275247778,240,0.4003999816075049,1.472810880901913
crossing,orca,20,15,1,129,16,1,0.18136688864941672,275.4802190500684,181,0.05862661077241943,1.647218717107786
crossing,rvo,20,15,1,134,20,1,0.06402302954317055,137.08799059731172,101,0.027653209520548328,90.7239833118228
crossing,astar,20,15,1,260,27,1,0.03219112770418645,201.59999211008682,90,0.06767976547265861,6.802523782890704
crossing,mlp,20,15,1,628,24,1,0.0436433278643247,141.29912563462977,240,0.6253113843098592,1.1309339626071353
crossing,gnn,20,15,1,321,30,1,0.01764482995299798,249.2537028833371,240,0.40041598630719155,1.4827983221039176
crossing,orca,20,16,1,134,15,1,0.20167399367781896,183.15391601446944,121,0.05714611650172734,1.6635943681371113
crossing,rvo,20,16,1,130,18,1,0.058407841928032854,99.7919927204418,80,0.03868817740657855,90.94732969533652
crossing,astar,20,16,1,138,22,1,0.0966094784480468,154.55999527583415,69,0.07324104962287911,4.982885175749011
crossing,mlp,20,16,1,510,42,1,0.03560417336690514,119.83530262615129,240,0.5720128493089784,1.126805293218543
crossing,gnn,20,16,1,256,26,1,0.049920740445050384,273.70502574498056,240,0.32944501702740514,1.5126243932172656
crossing,orca,20,17,1,128,12,1,0.3626870756763601,340.2260371504875,240,0.07181977617702778,1.6621167422272265
crossing,rvo,20,17,1,175,25,1,0.1033912646645647,137.1999910873872,95,0.040667912641400766,91.28596845916228
crossing,astar,20,17,1,282,31,1,0.04677636108971229,194.87999356591845,87,0.07633448715509532,6.357393463024462
crossing,mlp,20,17,1,887,35,1,0.0255385181498409,136.67914799308588,240,0.4962081447509809,1.155125512741506
crossing,gnn,20,17,1,593,22,1,0.021904716822676765,226.7856560870858,240,0.47022691681014467,1.5131651908935357
crossing,orca,20,18,1,95,13,1,0.19232193377840986,234.8407754995412,157,0.06334721784245836,1.6923965174396327
crossing,rvo,20,18,1,146,23,1,0.035610850971834376,128.01599120789786,98,0.02969962725977615,91.08233726488389
crossing,astar,20,18,1,158,26,1,0.018187610462050238,188.15999373508288,84,0.09413707447065198,6.790994827280796
crossing,mlp,20,18,1,1075,25,1,0.013417600505853363,138.64219801801747,240,0.51621899846643,1.1333876405842602
crossing,gnn,20,18,1,565,33,1,0.014726830250250225,229.86600204721387,240,0.3822941124693649,1.473422833563139
crossing,orca,20,19,1,126,14,1,0.11489006597726813,209.36604059479114,138,0.0685633130643505,1.6570046638557012
crossing,rvo,20,19,1,136,20,1,0.0471512738486081,119.36399301585732,96,0.028830150124122718,90.72609375774239
crossing,astar,20,19,1,152,22,1,0.005068775410926128,183.6799946704017,82,0.056168082226705295,3.921693111429127
crossing,mlp,20,19,1,1024,28,1,0.010767397544030128,134.16904571334967,240,0.5063879130688413,1.1331675399560481
crossing,gnn,20,19,1,533,27,1,0.027825253429061714,236.6464069757358,240,0.3800852695784965,1.4865389016146462
open,orca,5,10,1,56,2,1,0.06996241445119565,34.25702469017386,115,0.16897059085940072,0.0695804579426413
open,rvo,5,10,1,14,2,1,0.022684677276003363,28.335997774743063,77,0.1358132426458944,6.317499202567261
open,astar,5,10,1,2,1,1,0.6622738048362639,34.943998819198505,78,0.1374864498636547,0.1109149187612228
open,mlp,5,10,1,15,1,1,0.4148777874307703,27.83482095809318,240,0.22192731095996598,0.18163677499008676
open,gnn,5,10,1,16,2,1,0.1678548747304627,41.0056051286618,240,0.5939792492546492,0.5218158029795935
open,orca,5,11,1,55,2,1,0.07029491102162534,29.986075797570596,103,0.16922908684892188,0.06953978151517007
open,rvo,5,11,1,12,2,1,0.153165960422175,24.751998200547064,68,0.12384025255511037,6.327154231257737
open,astar,5,11,1,6,1,1,0.37853202572357936,30.91199880816976,69,0.11806432813721841,0.10670053408197734
open,mlp,5,11,1,28,2,1,0.0428072004992894,24.237632486221464,219,0.23601017320526108,0.18200813261069118
open,gnn,5,11,1,13,2,1,0.0938977601911705,27.874467178970143,240,0.5764254510262231,0.5214521933036546
open,orca,5,12,1,53,2,1,0.07211327359118527,35.64807591392544,118,0.15501285012444493,0.07006113212239945
open,rvo,5,12,1,4,1,1,0.5738771371173422,29.455997547080504,80,0.1351229020100752,6.338486942695454
open,astar,5,12,1,12,2,1,0.24791947852447602,36.735998620844335,82,0.10264704207042508,0.13105221456143915
open,mlp,5,12,1,17,1,1,0.34289920991142897,28.899004540071683,240,0.25659127437133666,0.1816427994829913
open,gnn,5,12,1,13,2,1,0.3953969448493599,37.69597515094473,240,0.5851699880335468,0.5224105669185519
open,orca,5,13,1,57,2,1,0.06659903467473846,38.9125611024736,128,0.13659699341426387,0.07102578092599288
open,rvo,5,13,1,3,1,1,0.6227195215722454,32.031998447846014,87,0.12150973557689564,6.26921250174443
open,astar,5,13,1,6,1,1,0.4101336157366988,39.42399849852236,88,0.12656374016361002,0.0988557320934805
open,mlp,5,13,1,28,2,1,0.07730361538436048,31.191371417170465,240,0.2835248137185001,0.18255679169669747
open,gnn,5,13,1,17,2,1,0.060569185004969835,43.16868673233968,240,0.5987545308579477,0.5198217288125306
open,orca,5,14,1,55,2,1,0.06959964675602462,37.431723794826645,123,0.12661067321123765,0.06886096519789076
open,rvo,5,14,1,4,1,1,0.5732218250001679,30.46399844150262,83,0.11767866220568939,6.297237570790283
open,astar,5,14,1,11,2,1,0.40067352038839243,38.07999873298887,85,0.12196437582767646,0.11291354346801252
open,mlp,5,14,1,29,2,1,0.041791865703796054,29.696040011865676,240,0.27294807427687673,0.18244882230646908
open,gnn,5,14,1,17,2,1,0.1530950556008241,42.19134515944531,240,0.597467797533956,0.516271141047279
open,orca,5,15,1,56,2,1,0.0660112076609494,31.71435251874595,108,0.17443693845680644,0.06942069847826604
open,rvo,5,15,1,8,2,1,0.4767856212193601,26.375998144477713,72,0.12269532888871451,6.464781834640437
open,astar,5,15,1,10,2,1,0.2899068108950289,32.25599906754369,72,0.11661737467162252,0.11991210825120409
open,mlp,5,15,1,21,2,1,0.2661709379139485,26.0216819165939,240,0.2243568501201627,0.18245699466206133
open,gnn,5,15,1,12,2,1,0.1989926023016221,33.11069699677836,240,0.5792828756717737,0.5230506125371903
open,orca,5,16,1,54,2,1,0.07492238433850858,28.307333152181915,98,0.1345340766985327,0.07259741197435224
open,rvo,5,16,1,9,2,1,0.3655358400026137,23.239998146038783,63,0.12619345663741477,6.33409343630312
open,astar,5,16,1,11,2,1,0.3060810135313153,29.567998961524722,66,0.1005778830702769,0.11291481187623559
open,mlp,5,16,1,21,2,1,0.18241605701855065,22.706390460220994,199,0.263313109051177,0.19593967414980556
open,gnn,5,16,1,14,2,1,0.07436650662533599,31.27484576974925,240,0.5827128835332156,0.5126727376288424
open,orca,5,17,1,55,2,1,0.07471713882564347,36.34876822591931,120,0.16085261177243435,0.06959082869191964
open,rvo,5,17,1,12,2,1,0.08233184513475354,29.67999878940977,82,0.10281262049282143,6.321353923029652
open,astar,5,17,1,11,2,1,0.40511573213207275,36.28799902584459,81,0.15523152567826765,0.08174932251373927
open,mlp,5,17,1,30,2,1,0.13594329299711527,29.159969253943622,240,0.2668402561118982,0.18242102426787218
open,gnn,5,17,1,18,2,1,0.029022770970747173,42.89225520640612,240,0.5995381878418573,0.5288628201621274
open,orca,5,18,1,52,2,1,0.08159625147243557,37.746773414115204,123,0.13162372418738633,0.06959421514737897
open,rvo,5,18,1,13,2,1,0.1888087074843401,31.191998147987253,85,0.10940340108170218,6.327193411176696
open,astar,5,18,1,5,1,1,0.4024769601580217,38.5279984108593,86,0.14112058736335822,0.12443396587704503
open,mlp,5,18,1,24,2,1,0.3827969714688556,30.20846645935788,240,0.26678715595044517,0.1871561825585862
open,gnn,5,18,1,17,2,1,0.1634574166791571,46.87885612751307,240,0.6146821115292875,0.5241325804187605
open,orca,5,19,1,55,2,1,0.0664251899357214,37.602546935690256,124,0.16926832498137906,0.06994090208242978
open,rvo,5,19,1,7,2,1,0.5307094038762425,30.799997611357327,84,0.12314524409601535,6.363435354571612
open,astar,5,19,1,6,1,1,0.3570384401859757,38.97599883683475,87,0.14130773708015693,0.13018439084976569
open,mlp,5,19,1,19,2,1,0.4277594128778208,30.138009829223694,240,0.2608340828481709,0.18345817225053906
open,gnn,5,19,1,17,2,1,0.16412605548618125,45.699454365010034,240,0.6140962990827468,0.5255521701959273
open,orca,10,10,1,87,5,1,0.08166888108345392,93.54255859245579,114,0.07503271722572553,0.203091524574056
open,rvo,10,10,1,18,4,1,0.2200344013162067,57.1199959109903,77,0.05764005710239826,22.161447189070962
open,astar,10,10,1,12,2,1,0.09370263567389917,86.23999706133938,77,0.09607463149995206,0.1967678257784286
open,mlp,10,10,1,91,5,1,0.09270468835573768,56.81267999807732,230,0.2158371021567845,0.184803470240339
open,gnn,10,10,0,52,5,1,0.1687575057002681,237.9555646836085,240,1.5748363605545328,0.5173150663419316
open,orca,10,11,1,87,5,1,0.07617068690993416,91.60798982087876,112,0.07713348148894658,0.20199884394449846
open,rvo,10,11,1,34,5,1,0.06742056923978221,55.943995926233484,76,0.05756541122264276,22.02316393193446
open,astar,10,11,1,14,2,1,0.038942944387287036,85.11999767754182,76,0.09511001621798047,0.21026743036743842
open,mlp,10,11,1,107,5,1,0.09330476767108493,53.63924097994815,240,0.21804632421157238,0.18446561492358646
open,gnn,10,11,0,41,5,1,0.41098785305605223,240.25593568471442,240,1.0428177564562922,0.5421870019442091
open,orca,10,12,1,69,5,1,0.1425365733565282,100.63667861241667,119,0.10005128994310879,0.20349127467439956
open,rvo,10,12,1,32,5,1,0.10147948158869138,67.5359959325605,91,0.07113147729045498,21.98667544359853
open,astar,10,12,1,16,3,1,0.4120816070961475,104.15999635862521,93,0.10267219378945942,0.22257310188105028
open,mlp,10,12,1,89,5,1,0.10832555490505734,67.87764984570657,240,0.27204870187642566,0.187794171506539
open,gnn,10,12,0,48,7,1,0.5615061376693161,247.07069675490118,240,1.2598587085622026,0.5308102641720325
open,orca,10,13,1,79,5,1,0.12889092115721196,103.57899976088194,124,0.08732477147227755,0.20223484945393377
open,rvo,10,13,1,20,5,1,0.37924966123930415,66.02399568859421,89,0.07011798891077925,21.90972700861565
open,astar,10,13,1,24,4,1,0.08380396257677415,104.15999535154202,93,0.11404923391036885,0.2486036179126591
open,mlp,10,13,1,83,5,1,0.192742698965028,65.88150010028774,240,0.2542382242743246,0.18644588999450207
open,gnn,10,13,0,68,8,1,0.2732552830947412,243.7537934296551,240,1.4191460769376838,0.5261857508836935
open,orca,10,14,1,76,5,1,0.12223546175697798,96.04094387656485,115,0.09991209293984196,0.20289623542972232
open,rvo,10,14,1,29,5,1,0.12215412679930546,64.90399608524166,88,0.05631715343681103,22.01999897475947
open,astar,10,14,1,17,3,1,0.3971016009636442,98.55999661318188,88,0.10830607900824632,0.22007864688269116
open,mlp,10,14,1,102,5,1,0.19270130626341425,64.54400691442103,240,0.2520772742448339,0.18717380007728934
open,gnn,10,14,0,66,7,1,0.1053037594184513,241.62582519764544,240,1.3071890548188343,0.5288654569691668
open,orca,10,15,1,79,5,1,0.07605911990650838,101.86693310571792,122,0.11450901825428061,0.20165532659433905
open,rvo,10,15,1,29,5,1,0.17411765568086618,61.87999549140056,84,0.056891937829139774,22.132179677663814
open,astar,10,15,1,12,2,1,0.07961921625115843,94.07999638086036,84,0.12701560964947545,0.27935910371265243
open,mlp,10,15,1,80,4,1,0.026311012424633427,59.36903409404719,240,0.24803372706592602,0.19002171466127038
open,gnn,10,15,0,24,10,1,0.24434982537867259,244.08842268264738,240,1.0057196683862006,0.5238158841772625
open,orca,10,16,1,101,5,1,0.07178799882057176,80.45899312633956,102,0.06832050519750626,0.20568709199627241
open,rvo,10,16,1,30,5,1,0.1313977494924872,48.99999717965889,66,0.06592342935928645,22.15009625069797
open,astar,10,16,1,30,5,1,0.32005387134833846,75.03999775789555,67,0.11720511350199334,0.19391586503653385
open,mlp,10,16,1,122,5,1,0.07825715100899786,47.1521123052652,213,0.2357141604122726,0.19140325775238828
open,gnn,10,16,0,53,5,1,0.11488711439812162,244.940076659294,240,0.961242242678043,0.5445241714672496
open,orca,10,17,1,73,5,1,0.1397255175788163,94.6395983961723,113,0.11080510898215945,0.21705265873960689
open,rvo,10,17,1,31,5,1,0.13165654417461606,63.05599575098267,85,0.0638212635963886,21.973593281034162
open,astar,10,17,1,31,5,1,0.044629757701256455,96.319996183069,86,0.11665946633438669,0.20561760378091834
open,mlp,10,17,1,99,5,1,0.18487869594867415,62.89903500185171,240,0.24382018921099405,0.18818327225744724
open,gnn,10,17,0,77,8,1,0.12394907111552524,243.2378253223167,240,1.4080047586188058,0.5540441741080334
open,orca,10,18,1,68,5,1,0.17656087101915097,94.74987630299763,112,0.09669751553073269,0.21833462441073997
open,rvo,10,18,1,12,2,1,0.3010935077062416,61.93599530814389,83,0.07794434065293403,21.961077295961868
open,astar,10,18,1,23,5,1,0.1364505883834145,95.19999671214686,85,0.07908956797699486,0.25620004162192345
open,mlp,10,18,1,88,4,1,0.17560184847145163,66.86753252676354,240,0.2355720706598654,0.18722929526120424
open,gnn,10,18,0,59,7,1,0.29098480632621776,244.33344128806152,240,1.4063654350868813,0.5307278673474988
open,orca,10,19,1,79,5,1,0.08330544683356857,100.25061835864399,120,0.0826164263535746,0.20724484153712788
open,rvo,10,19,1,34,5,1,0.07779635810757121,60.8159954543316,83,0.061328329654014836,22.048411352268186
open,astar,10,19,1,14,2,1,0.04090142605735825,92.9599956815247,83,0.09913421138124785,0.228580412825188
open,mlp,10,19,1,80,4,1,0.15435650382667016,60.81522684788946,240,0.21667826975938373,0.18400431921084723
open,gnn,10,19,0,59,7,1,0.2213405716627016,240.28262642423198,240,1.6086150705512297,0.5365820601582527
open,orca,20,10,1,148,14,1,0.19703040345096004,163.98638951213704,107,0.08653181108900489,0.7858147331139195
open,rvo,20,10,1,124,22,1,0.11469835021628028,110.71199115451081,74,0.07484244699678642,81.23104825515199
open,astar,20,10,1,119,21,1,0.054963885481607515,167.99999386366378,75,0.11414768966872399,0.4487954452633858
open,mlp,20,10,1,642,24,1,0.01823363419445868,108.26191505245586,220,0.23189423691962005,0.20819633818146857
open,gnn,20,10,0,264,24,1,0.02718879079944655,473.1267564184952,240,1.5460775295870706,0.5922179028857499
open,orca,20,11,1,108,17,1,0.21681245021558257,175.08201302512776,110,0.06943279996167151,0.7678143172101541
open,rvo,20,11,1,136,22,1,0.07121098872838405,113.79199318448879,77,0.06746196123457347,81.56368825826551
open,astar,20,11,1,134,18,1,0.011333327160345531,170.23999559699504,76,0.07075734508902247,0.3090033944892256
open,mlp,20,11,1,681,24,1,0.04207564349181419,109.80781239917722,240,0.22812477566202446,0.20266129092002907
open,gnn,20,11,0,238,43,1,0.08166738728955363,474.5296925577399,240,0.8979647969439888,0.5423826456535608
open,orca,20,12,1,162,17,1,0.16657767873458085,232.06356261364442,145,0.068945859791287,0.7622904208456648
open,rvo,20,12,1,170,25,1,0.03535597987375098,137.31199278860234,93,0.063055256938329,81.51289753075088
open,astar,20,12,1,258,27,1,0.009348194921891104,206.0799923165201,92,0.11420919352446113,0.38559074290906603
open,mlp,20,12,1,748,25,1,0.05010707362248364,134.23909190476007,240,0.28100572370896615,0.19901092358243963
open,gnn,20,12,0,506,36,1,0.043071314946700086,457.3662410265684,240,1.264898977286965,0.5384868961603692
open,orca,20,13,1,127,17,1,0.21423291978914666,199.82781791339067,122,0.1091700819272988,0.7679035398559492
open,rvo,20,13,1,150,25,1,0.07799182886399897,128.91199105097644,87,0.06218727357557231,81.68843139134262
open,astar,20,13,1,144,20,1,0.09820230175231098,194.87999349808314,87,0.10840112063799856,0.5113232356292763
open,mlp,20,13,1,648,28,1,0.06124209619314515,129.63384309616873,240,0.2402938336527331,0.1982247553920994
open,gnn,20,13,0,425,35,1,0.013397390703797031,477.34650146010904,240,1.51512223646534,0.5423393081097553
open,orca,20,14,1,134,17,1,0.1818529789780166,215.02118754284535,133,0.07552227574456341,0.7594776430860498
open,rvo,20,14,1,163,23,1,0.1345771980936555,128.01599134519708,86,0.05667661385508153,81.74824770431705
open,astar,20,14,1,171,25,1,0.02537121922987669,194.8799929469321,87,0.09062016160325723,0.4737306996409235
open,mlp,20,14,1,697,27,1,0.03446873644211347,127.58675287596087,240,0.2464927351210573,0.20260390010662377
open,gnn,20,14,0,564,40,1,0.04592747312769403,476.39201078402766,240,1.50678282211218,0.5632711613240341
open,orca,20,15,1,163,17,1,0.19525064036790016,213.5684094580926,133,0.09565073827784548,0.7751125254129109
open,rvo,20,15,1,142,22,1,0.020365632030760843,126.61599003967174,86,0.06012277790123888,81.7406990478725
open,astar,20,15,1,140,22,1,0.06303243975385528,197.1199931704203,88,0.09221587641148019,0.5305837786925788
open,mlp,20,15,1,756,23,1,0.010836694618181762,124.33107563292099,240,0.2603774079377289,0.20180731662549078
open,gnn,20,15,0,334,33,1,0.023726524121832515,472.38790838787537,240,1.1903293439435692,0.5359616382823637
open,orca,20,16,1,164,14,1,0.20280606978172397,136.1378225064116,95,0.0914549171550006,0.7815681005779066
open,rvo,20,16,1,130,18,1,0.058407841928032854,98.83999226174363,67,0.06616068954257162,82.01601958847534
open,astar,20,16,1,136,22,1,0.0966094784480468,154.55999459443234,69,0.0926087755962884,0.43612464830495307
open,mlp,20,16,1,730,18,1,0.03501677902812549,95.40943929259394,226,0.22204615141574796,0.20441654204201382
open,gnn,20,16,0,225,23,1,0.05274011924130799,460.45009743123984,240,1.4266333854948052,0.5447935487609357
open,orca,20,17,1,135,17,1,0.1928407328360141,206.9238594942491,129,0.08138129703457764,0.764190728321325
open,rvo,20,17,1,158,22,1,0.05566073310864509,123.03199077527135,83,0.0508144667408998,81.7202558034066
open,astar,20,17,1,142,28,1,0.11135853655534568,188.1599920626796,84,0.08848168379604252,0.47576214585985455
open,mlp,20,17,1,740,30,1,0.04330261638186405,124.5372931948771,240,0.2361416671006593,0.19970166807373366
open,gnn,20,17,0,544,39,1,0.021397725216754645,478.08303549841696,240,1.5174006612627324,0.5386472349831214
open,orca,20,18,1,135,17,1,0.2281611290637237,190.58807477724608,118,0.07454203633785694,0.7673656070699632
open,rvo,20,18,1,138,20,1,0.09251397878806318,118.43999145244288,80,0.0661113564745031,82.21729208598845
open,astar,20,18,1,151,25,1,0.018187610462050238,179.1999947650726,80,0.10699571317563358,0.457356043625623
open,mlp,20,18,1,684,25,1,0.07075158641100292,119.8272582000967,240,0.21140148049346089,0.20676289374629656
open,gnn,20,18,0,388,27,1,0.0713715844983767,479.425288416352,240,1.516378191445523,0.5361069246040037
open,orca,20,19,1,123,17,1,0.23236833637323612,180.47904806768096,112,0.07586944707439286,0.7679386014517929
open,rvo,20,19,1,124,18,1,0.0471512738486081,114.12799304602412,77,0.060520701419722045,82.09908773590412
open,astar,20,19,1,136,22,1,0.008009846570947063,170.23999511502595,76,0.08800632252041272,0.3119701041692966
open,mlp,20,19,1,669,25,1,0.07309814555330414,116.9647860856041,237,0.2060079390350634,0.20427865325964453
open,gnn,20,19,0,341,27,1,0.06248395414498688,471.60220987341006,240,1.3493354784356555,0.5520723372076949
random,orca,5,10,1,22,2,1,0.34629537134152116,56.03608965893617,129,0.10234030654622225,0.29895022193821824
random,rvo,5,10,1,6,1,1,0.11998517337574026,27.6079984977151,99,0.1363378903614168,8.674325195677353
random,astar,5,10,1,11,2,1,0.40031424627473533,44.799997621481396,100,0.14114791095787016,0.32110287342220545
random,mlp,5,10,1,50,2,1,0.09190202721593409,34.61607945995807,240,0.5920055097304697,0.42670520876223844
random,gnn,5,10,1,24,2,1,0.13775926884652093,56.66495835940589,240,0.4852153250744344,0.7778843379734705
random,orca,5,11,1,35,2,1,0.07329364319532361,21.91806948816742,58,0.17281345371808846,0.3101647317666432
random,rvo,5,11,1,13,2,1,0.06248837284079589,16.46399893288432,43,0.13784300517598233,8.600144668720489
random,astar,5,11,1,12,2,1,0.0004348901223425712,19.26399957336686,43,0.18343583684628845,0.2748717467278935
random,mlp,5,11,1,48,2,1,0.028290448795272323,17.296142440108767,240,0.6235435288864245,0.4244739791223158
random,gnn,5,11,1,30,3,1,0.05857765855804349,59.317095094701514,240,0.5776829458565931,0.7950093635978798
random,orca,5,12,1,30,1,1,0.05926085109300446,49.35092143381082,127,0.10072425768008605,0.31048634756855137
random,rvo,5,12,1,12,2,1,0.043379462242737296,23.659998216630044,94,0.13652876982983658,8.650334502391992
random,astar,5,12,1,6,1,1,0.08683740836059806,43.45599941959184,97,0.09149431171277674,0.4303346858503892
random,mlp,5,12,1,158,25,1,0.0013419566405065866,41.46846604811343,240,0.4554631611087043,0.4224486571426193
random,gnn,5,12,1,28,2,1,0.19370099030247132,78.31455735720907,240,0.37704743142452785,0.7595632768546542
random,orca,5,13,1,0,0,0,0.7373644499409863,34.46261230639047,86,0.13646208770571838,0.3065660346819218
random,rvo,5,13,1,10,2,1,0.200220447073382,25.92799831133928,68,0.07190334681745934,8.926892221686156
random,astar,5,13,1,13,2,1,0.09502953842413647,30.46399927312245,68,0.11850571667630125,0.5510975058902713
random,mlp,5,13,1,23,2,1,0.10570490510341866,29.37648290691589,240,0.47601039302004355,0.42437970405444503
random,gnn,5,13,1,16,2,1,0.08914116203760421,40.94410051628905,240,0.5439581394703904,0.7568506989628077
random,orca,5,14,1,42,3,1,0.5198793163207084,36.82708296503311,98,0.13664959951374372,0.3048710059374571
random,rvo,5,14,1,37,4,1,0.03505443936675244,26.347998281031536,58,0.15157925400974695,8.753539825757516
random,astar,5,14,1,35,4,1,0.19399298827973138,26.879998968432762,60,0.1252876489410103,0.5021842118973533
random,mlp,5,14,1,80,4,1,0.06674974832620208,29.29606381872113,240,0.3626035814111599,0.4374556612068166
random,gnn,5,14,1,50,4,1,0.06610454194406407,62.94097333722901,240,0.4830910423380902,0.788034595704327
random,orca,5,15,0,9,1,1,0.5266542047348666,70.12481820710411,240,2.518550913979252,0.30285969260148704
random,rvo,5,15,0,2,1,1,0.6908589997305155,32.39599861072792,240,2.550536639901958,8.709453521684432
random,astar,5,15,1,25,3,1,0.06888376554257439,46.14399829189898,103,0.14400088817633164,0.7265549451474426
random,mlp,5,15,0,20,2,1,0.07198426524933525,47.64621369579804,240,1.2342609829997762,0.4300917712195466
random,gnn,5,15,1,29,3,1,0.3302420810410023,66.64341775243841,240,0.546463838826756,0.7546611227250347
random,orca,5,16,1,0,0,0,0.9267396899645801,92.84473801035654,240,0.28751163489090087,0.3010740135020266
random,rvo,5,16,1,37,5,1,0.19849552953265687,38.55599713999876,117,0.07243805616659928,8.644975467115385
random,astar,5,16,1,25,4,1,0.2553017647974782,51.51999836611402,115,0.08960905893475153,0.5083321391240411
random,mlp,5,16,1,68,5,1,0.1579232802527776,43.97318070239014,240,0.4350440898397349,0.4313165380153805
random,gnn,5,16,0,64,3,1,0.32762938784079076,45.609905743021756,240,0.7240311259496334,0.7787206365416447
random,orca,5,17,1,13,1,1,0.3440766913248014,51.27253077446808,117,0.10893537193678804,0.2988934055225462
random,rvo,5,17,1,11,2,1,0.16134079782104185,31.443997728045158,92,0.12541914111103583,8.747966332442086
random,astar,5,17,1,2,1,1,0.6744410655186998,41.663998541018316,93,0.1544233336587098,0.48617350678610544
random,mlp,5,17,0,23,2,1,0.3023759061575462,37.04418190144487,240,0.6929855917095048,0.43429080784941715
random,gnn,5,17,1,9,1,1,0.1943032163079586,51.659001094024404,240,0.5429029669236201,0.7929021143354475
random,orca,5,18,1,11,2,1,0.5256665683842179,42.46414575738173,131,0.10655219941761969,0.2967024449514979
random,rvo,5,18,1,11,2,1,0.04853655738471074,31.16399815519539,100,0.11377843994642198,8.641862599179149
random,astar,5,18,1,14,4,1,0.10702103539528955,43.007999048529754,96,0.16705435401418303,0.32714257152595866
random,mlp,5,18,1,21,2,1,0.10176390891116247,34.02880454204094,240,0.6045539774773993,0.4418729105964303
random,gnn,5,18,0,26,3,1,0.2333108867453422,57.90241958573766,240,0.6515199115068538,0.8237445979223897
random,orca,5,19,1,38,2,1,0.06981352505238599,23.49516505281183,62,0.10959228971147714,0.32464265372724305
random,rvo,5,19,1,13,2,1,0.03461298742902984,16.435999107133274,46,0.09621627016019066,8.70055531192085
random,astar,5,19,1,12,2,1,0.07736362393072647,20.607999218788947,46,0.09550666047215198,0.30677351574211015
random,mlp,5,19,0,49,2,1,0.10571252133907502,24.177706617145464,240,0.7777729711820396,0.44331762474030256
random,gnn,5,19,1,21,2,1,0.25356141959601625,59.79848490806628,240,0.42768734448415274,0.7933371545126041
random,orca,10,10,0,18,2,1,0.3065611305161036,149.74565132713965,240,1.5139000636105018,0.6602984038181603
random,rvo,10,10,1,48,7,1,0.04993426661658223,62.38399621437845,122,0.036625470895077936,26.77200387659498
random,astar,10,10,1,71,8,1,0.03867970173235987,117.59999483786413,105,0.09580649194233187,0.7399269468372777
random,mlp,10,10,1,138,8,1,0.049672554042202444,73.749945609942,240,0.6184590448247548,0.6616794698250791
random,gnn,10,10,1,74,6,1,0.03712004283759235,126.03150900194284,240,0.3635667628681307,1.0142229594445478
random,orca,10,11,1,50,5,1,0.22316077867186565,114.74497545190276,142,0.06933135261199329,0.6663298896763107
random,rvo,10,11,1,76,12,1,0.10791697072082568,73.80799511296269,97,0.05552567688180419,26.930534400852377
random,astar,10,11,1,87,12,1,0.029336235030618062,108.63999636982784,97,0.10589123177110335,1.0131964287192552
random,mlp,10,11,1,121,10,1,0.006685934973989193,76.00140766922283,240,0.5628628971420832,0.7401148361774782
random,gnn,10,11,1,80,8,1,0.14857645361394675,93.4488447647637,240,0.4207269734893819,1.0089813498780131
random,orca,10,12,1,32,5,1,0.3119639051492098,163.4555149523597,240,0.44659649133145896,0.6681243054723988
random,rvo,10,12,1,130,15,1,0.03976169989783113,77.2799948646687,118,0.05187984991945481,26.710869128800045
random,astar,10,12,1,134,14,1,0.029821882089818706,115.35999660142843,103,0.09532259577784136,1.1169220800104651
random,mlp,10,12,1,184,8,1,0.022499966180250262,94.2598074206498,240,0.3447502064216413,0.6628993200138211
random,gnn,10,12,1,201,12,1,0.0029747754334153815,147.57362716574522,240,0.325420314256402,1.0158756185167779
random,orca,10,13,1,48,5,1,0.3625974876976995,107.20102473715474,133,0.08687890325502227,0.6563228456989715
random,rvo,10,13,1,37,5,1,0.054219107532222026,69.1039961441881,100,0.04139772226593248,26.86388293746859
random,astar,10,13,1,31,6,1,0.011638365961983699,105.27999676431695,94,0.08431435767497848,0.5998661038168567
random,mlp,10,13,1,79,5,1,0.10359728158544473,70.26280311613695,240,0.576693609961818,0.6646133493632078
random,gnn,10,13,1,39,5,1,0.11350436187603827,98.34620671812517,240,0.544704333343485,1.0112953061858814
random,orca,10,14,1,29,3,1,0.43914121671808903,116.10481814648446,157,0.07066483052900269,0.6645048648166428
random,rvo,10,14,1,110,13,1,0.0666924667567498,60.479996260569315,82,0.05295999460377504,26.690065514341725
random,astar,10,14,1,91,12,1,0.0760955564332821,90.71999631938431,81,0.08437830353417283,0.6462724040043942
random,mlp,10,14,0,108,7,1,0.03327825469312477,61.2535856690712,240,0.7768953505924172,0.6639856476491938
random,gnn,10,14,1,107,6,1,0.12851542094380544,89.5899720535126,240,0.4556248184849342,1.0095566258920978
random,orca,10,15,1,25,3,1,0.282847125636251,132.18800834811884,171,0.09111983234173313,0.6611787262018661
random,rvo,10,15,1,50,8,1,0.027937087686623813,58.351996165163506,103,0.04136115424249577,26.780529096903443
random,astar,10,15,1,60,11,1,0.05629384118451256,97.43999647967485,87,0.0954810398431929,0.8898915284067049
random,mlp,10,15,1,192,8,1,0.08216597997155252,70.01783800399018,240,0.5773026101113844,0.6576198560651392
random,gnn,10,15,1,111,8,1,0.1031161217530914,123.13785685705824,240,0.4527470893352927,1.0218470512578886
random,orca,10,16,1,28,4,1,0.5067913529316685,96.81633980625868,119,0.06868479185425727,0.658969144422968
random,rvo,10,16,1,55,7,1,0.10284920429560972,63.39199618803436,95,0.036430719493637756,26.60768230592734
random,astar,10,16,1,46,6,1,0.005524581227549027,100.79999594279991,90,0.1020866445783591,0.8119534959809648
random,mlp,10,16,1,55,6,1,0.21291362673014222,77.33602532581843,240,0.4255253126335952,0.6683694334545484
random,gnn,10,16,1,62,7,1,0.07341817571864759,96.03647136384357,240,0.37214606091238456,1.0102416990169634
random,orca,10,17,1,36,5,1,0.494143597313327,124.36873187030848,154,0.08965525705764535,0.6584854155488602
random,rvo,10,17,1,66,9,1,0.08091719813735902,78.34399517846234,125,0.032105051652883264,26.91613933444023
random,astar,10,17,1,46,7,1,0.09107530216977594,135.51999546869592,121,0.09618175822869988,0.8910516592527716
random,mlp,10,17,1,107,8,1,0.15047805610405332,93.10002487547388,240,0.571123277247236,0.673176619845132
random,gnn,10,17,1,88,6,1,0.07051484685900263,146.01232544299359,240,0.4391374402632854,1.0225492490765948
random,orca,10,18,1,25,3,1,0.39103960890579387,177.61855028345985,240,0.18523642983499317,0.6640520587097853
random,rvo,10,18,1,46,7,1,0.06594840294559172,48.80399733611936,70,0.05414271556699901,26.586703237678325
random,astar,10,18,1,100,7,1,0.0732295889325079,76.15999782728166,68,0.11100145765530693,0.6187822505393449
random,mlp,10,18,1,167,8,1,0.02445051054072661,48.85953777027511,240,0.5483261604880162,0.6609535873091469
random,gnn,10,18,0,72,5,1,0.053863087653266084,86.18092453522169,240,1.1094997341582444,0.9930005820933729
random,orca,10,19,1,40,5,1,0.36075396174474944,164.99891539320623,240,0.5435940634712912,0.669930293224752
random,rvo,10,19,1,44,7,1,0.13395313835356823,64.51199626916305,108,0.0631061679758302,27.0897777820075
random,astar,10,19,1,57,8,1,0.05621758827442168,119.83999619200742,107,0.10718310798367096,0.5274709949496194
random,mlp,10,19,1,79,6,1,0.023400367516044178,70.42482556115185,240,0.5631920219478537,0.673290534177795
random,gnn,10,19,1,33,4,1,0.04971612569855021,98.00379948607201,240,0.5033821096428719,1.007604959886521
random,orca,20,10,1,116,11,1,0.3424779539390962,374.90396046413446,240,0.10379104690976351,1.615657313959673
random,rvo,20,10,1,216,31,1,0.04103975342732495,147.11199102378353,124,0.022034073292687133,90.74164524434075
random,astar,20,10,1,251,34,1,0.01618249407641422,264.3199911683177,118,0.08717632512695338,1.6753706386533833
random,mlp,20,10,0,480,30,1,0.009820515002177281,147.49068026463712,240,0.9255733582758283,1.147683304346477
random,gnn,20,10,1,391,28,1,0.023825393438252913,259.00289786070624,240,0.4581336057722468,1.4940076352407534
random,orca,20,11,1,205,19,1,0.32117461007535597,362.0243664082631,240,0.31671427784811174,1.6361163172405213
random,rvo,20,11,1,244,31,1,0.026098965748524914,146.66399116494006,129,0.021702289231230694,91.17398462294378
random,astar,20,11,1,260,31,1,0.0317757773051606,275.5199890744264,123,0.07216323327125103,1.6555159648017186
random,mlp,20,11,1,701,38,1,0.02994825102857061,155.3429609022215,240,0.5263024186775024,1.1752951832022518
random,gnn,20,11,1,533,35,1,0.025123858526946558,255.28494995744802,240,0.34046021869782733,1.4923231132949393
random,orca,20,12,1,184,14,1,0.2797824341967762,243.0607358378011,175,0.05818849957530651,1.6190434859267302
random,rvo,20,12,1,191,28,1,0.09379582691985257,137.39599136000254,102,0.04656963926614106,91.77045126938644
random,astar,20,12,1,215,33,1,0.04200772044413321,221.75999341242863,99,0.08599915203045522,2.850708829220196
random,mlp,20,12,1,441,24,1,0.0779686588188377,156.6121743097394,240,0.5750711685062002,1.1480690290530522
random,gnn,20,12,1,361,24,1,0.0071839287423808625,253.8862017640959,240,0.313830546781952,1.5088457284340013
random,orca,20,13,1,158,13,1,0.21474022435154924,326.93123155190216,240,0.43215821907442037,1.598581240978092
random,rvo,20,13,1,183,25,1,0.018236501810354078,125.66399228594065,99,0.02387808414670025,91.15908157099227
random,astar,20,13,1,208,28,1,0.02692278171949927,214.09463058404612,96,0.07649803667591136,1.557571779509696
random,mlp,20,13,0,421,28,1,0.03152348951359787,136.76899763180168,240,0.6798437645440332,1.130637099655966
random,gnn,20,13,1,348,27,1,0.023449370310062747,266.35076390869733,240,0.39621834838294795,1.502763561438769
random,orca,20,14,1,148,13,1,0.3747530329573527,366.0071589732094,226,0.05956785439374864,1.61394373043976
random,rvo,20,14,1,320,35,1,0.016418511425166784,133.2519916180966,132,0.03245154773955076,90.75910218455124
random,astar,20,14,1,314,41,1,0.034436877056259155,279.99999304473164,125,0.06711542508042447,1.1193607598543167
random,mlp,20,14,1,607,45,1,0.012657510864979193,147.58640525120086,240,0.5777136249600171,1.1370629052786778
random,gnn,20,14,1,579,33,1,0.013903561537656256,232.83671575114963,240,0.36399586269380757,1.4961745376543452
random,orca,20,15,1,129,19,1,0.23237453039762218,365.2424353518839,240,0.33580853601860905,1.6217778902500868
random,rvo,20,15,1,127,17,1,0.012443930412823653,105.75599363893807,90,0.0389785506189084,90.90555217117071
random,astar,20,15,1,136,18,1,0.004131793976008996,203.83999313567415,91,0.06690395317170608,1.4018234643307361
random,mlp,20,15,1,377,20,1,0.020595561637602275,129.48025052334944,240,0.6137297689332984,1.1213158393123497
random,gnn,20,15,1,244,18,1,0.0433626685141305,261.98392366439447,240,0.3717459317164643,1.4874321854828547
random,orca,20,16,1,134,14,1,0.1638941328828131,330.0778251800024,205,0.055831495510183425,1.6237992134581252
random,rvo,20,16,1,208,29,1,0.07155279505211118,140.6159903560459,121,0.022408844430659373,90.95124526272627
random,astar,20,16,1,164,28,1,0.016285960470991342,246.39999147400212,110,0.08345633251190263,1.8843623936514964
random,mlp,20,16,1,413,30,1,0.04742486867549323,174.58455290175743,240,0.5792295160521886,1.1427925201132894
random,gnn,20,16,1,321,30,1,0.05504109266951266,256.41904085879446,240,0.46332960039503224,1.5464818997619052
random,orca,20,17,1,73,8,1,0.3068881611421625,356.2868404647148,240,0.2889466816353031,1.621988685413574
random,rvo,20,17,1,223,25,1,0.0763938846678703,121.46399331860877,106,0.02590704671442081,91.15578164346516
random,astar,20,17,1,246,29,1,0.04728048288049431,219.5199923009111,98,0.06912642689201315,1.3307270555928046
random,mlp,20,17,1,602,27,1,0.011781105970655455,135.2446263478135,240,0.5741690052968549,1.151329626251633
random,gnn,20,17,1,494,27,1,0.03714194778385639,267.8319012128429,240,0.4270548221616403,1.4962242178929348
random,orca,20,18,1,115,13,1,0.16388388748600446,340.7907868227163,240,0.11158471182093968,1.6793816059362143
random,rvo,20,18,1,189,23,1,0.08087951325826961,159.57198991273356,112,0.03198913651869812,91.26143003231846
random,astar,20,18,1,202,27,1,0.01241896342058203,239.6799935386934,107,0.09342394366339841,1.7666470076645089
random,mlp,20,18,1,621,29,1,0.052957104460288916,164.86852213996315,240,0.5423803878279732,1.1841619988748182
random,gnn,20,18,1,329,26,1,0.04137954569810878,253.49513930992578,240,0.4806042529329847,1.500629459042102
random,orca,20,19,1,101,12,1,0.3837508163217697,307.0024701085249,190,0.0603284455010368,1.6419328675654374
random,rvo,20,19,1,248,35,1,0.022452570740237182,133.58799143540546,147,0.025685511543870075,90.89722244550481
random,astar,20,19,1,249,33,1,0.027852440291705128,284.479990860768,127,0.06012727364567907,1.1870233144053792
random,mlp,20,19,1,910,36,1,0.033097949678979124,144.28999918801463,240,0.5480395596872434,1.1702064773999155
random,gnn,20,19,1,640,32,1,0.022566041698415612,243.36293687198707,240,0.4412632433874317,1.5492142313936104
narrow,orca,5,10,0,9,1,1,0.504167179271492,55.73326852888733,240,1.106845839331231,0.1717715853980432
narrow,rvo,5,10,1,7,1,1,0.022684677276003363,29.31599783238478,90,0.058547662340468376,7.434872418849005
narrow,astar,5,10,1,7,2,1,0.5534230154856318,45.69599837881721,102,0.08534760301999604,0.412694530050252
narrow,mlp,5,10,1,10,1,1,0.5659062176651835,35.207738338427895,240,0.5012437401457468,0.2971048272835712
narrow,gnn,5,10,0,5,1,1,0.5710482956694232,46.16356319668237,240,0.8417788907082404,0.6645980465691537
narrow,orca,5,11,0,0,0,0,1.4515251857897713,24.45968828391735,240,2.771994649823294,0.18084725403847793
narrow,rvo,5,11,1,11,2,1,0.3544650228251752,25.255998418804783,82,0.05774899795529803,7.414364255964756
narrow,astar,5,11,1,38,4,1,0.07826028517633202,45.69599881796565,102,0.1258846336706368,0.4322186806330494
narrow,mlp,5,11,0,34,2,1,0.03379613981515726,27.798054337945565,240,0.6948594976680604,0.29378341084035736
narrow,gnn,5,11,1,4,1,1,0.684790358606321,42.05694275692959,240,0.611061048119804,0.6498945120256394
narrow,orca,5,12,0,9,1,1,0.500633458205331,57.7832169993129,240,0.9683695035874786,0.17005696427077055
narrow,rvo,5,12,1,4,1,1,0.5738771371173422,30.715997723282534,96,0.059746156914157154,7.380211289273575
narrow,astar,5,12,1,11,2,1,0.24791947852447602,44.351998359871665,99,0.1298575016884946,0.40251784252397943
narrow,mlp,5,12,1,15,2,1,0.030394422819011644,29.921149383438525,240,0.6033750334247515,0.2907177860227724
narrow,gnn,5,12,1,15,2,1,0.13967911398603347,41.17674640833028,240,0.5239457155973689,0.6226854224223644
narrow,orca,5,13,1,39,2,1,0.06659903467473846,37.01095582437047,115,0.08749749511242386,0.16973482687836108
narrow,rvo,5,13,1,3,1,1,0.6227195215722454,32.031998447846014,87,0.12150973557689564,7.460888876611817
narrow,astar,5,13,1,6,1,1,0.4101336157366988,39.42399849852236,88,0.12656374016361002,0.20654594250531358
narrow,mlp,5,13,1,23,2,1,0.23541642667445745,48.52578609153089,240,0.5934236638014093,0.3011007172365983
narrow,gnn,5,13,1,15,2,1,0.050615287248820647,50.27464375707686,240,0.5003800129077253,0.6471677974332124
narrow,orca,5,14,1,36,2,1,0.08017052971275788,35.94033897849098,111,0.08475826704810482,0.16793070008625854
narrow,rvo,5,14,1,4,1,1,0.5732218250001679,30.603998450448685,84,0.09034638240760191,7.429598442589243
narrow,astar,5,14,1,11,2,1,0.40067352038839243,38.07999873298887,85,0.12196437582767646,0.24798671879312573
narrow,mlp,5,14,1,24,2,1,0.03383378545134659,46.47680857742405,240,0.5736522676677077,0.30141806152338785
narrow,gnn,5,14,1,14,2,1,0.17899323893361105,49.06438307290235,240,0.48774331124189796,0.6789276492781937
narrow,orca,5,15,0,0,0,0,1.4930382692158626,34.30259500565553,240,2.2754328893608404,0.17827534466050565
narrow,rvo,5,15,1,5,1,1,0.4767856212193601,28.643998112551852,81,0.06273384112126731,7.442928971377788
narrow,astar,5,15,1,4,1,1,0.5538551295507776,45.695998929184384,102,0.08483455374940987,1.0017380300982326
narrow,mlp,5,15,0,22,2,1,0.10202386070127971,27.449507287254708,240,0.7399328691352656,0.3002756469262143
narrow,gnn,5,15,0,0,0,0,1.116079936260631,39.47317132532283,240,0.6742997659587278,0.6502089847344905
narrow,orca,5,16,0,0,0,0,1.4677016377993721,24.996046016326275,240,2.581394603489174,0.18319861264899373
narrow,rvo,5,16,1,9,2,1,0.4113085612317341,23.771998547099372,78,0.05863361794908012,7.371874764943734
narrow,astar,5,16,1,38,4,1,0.054393883248438676,44.35199897725834,99,0.12697106685499937,0.3981104242907028
narrow,mlp,5,16,1,0,0,0,0.9587763062817224,26.51693800851799,240,0.44177146930062594,0.3026411965644608
narrow,gnn,5,16,0,0,0,0,1.0382651862273653,33.77917311988626,240,1.4100680649435735,0.6524094981917491
narrow,orca,5,17,1,41,2,1,0.0775333878569833,34.60156057393432,109,0.13081137782465022,0.1951964324288959
narrow,rvo,5,17,1,12,2,1,0.08233184513475354,29.67999878940977,82,0.10281262049282143,7.462293659223289
narrow,astar,5,17,1,11,2,1,0.40511573213207275,36.28799902584459,81,0.15523152567826765,0.15075445566096424
narrow,mlp,5,17,1,24,2,1,0.11872899887845259,44.344850333963905,240,0.595795419989852,0.29256338020786643
narrow,gnn,5,17,1,15,2,1,0.28073063932082387,48.35929010324171,240,0.47768321252857937,0.6248530233278871
narrow,orca,5,18,1,28,2,1,0.08159625147243557,54.37960494088473,145,0.10397480218227846,0.16747590732471695
narrow,rvo,5,18,1,13,2,1,0.1888087074843401,31.611998249855063,91,0.06610712705961816,7.407893800268789
narrow,astar,5,18,1,6,1,1,0.13716622805568587,38.527998935584186,86,0.07886899840919633,0.8509543529430101
narrow,mlp,5,18,1,25,2,1,0.015670881838579717,33.831702724693415,240,0.624584446185557,0.29313886576953035
narrow,gnn,5,18,0,6,1,1,0.09140888377388712,45.5572757264627,240,0.7440174786750835,0.6387928170928111
narrow,orca,5,19,1,27,1,1,0.0747619236055399,62.57101098746279,240,0.6042849656752083,0.1675672751540939
narrow,rvo,5,19,1,4,1,1,0.5307094038762425,31.97599761256917,93,0.05879665925892437,7.3906601236392095
narrow,astar,5,19,1,6,1,1,0.3570384401859757,43.90399848890083,98,0.1192313448246541,0.347858979081621
narrow,mlp,5,19,0,23,2,1,0.15928739582147958,34.202810418512286,240,0.6670593067028755,0.29484084419285256
narrow,gnn,5,19,0,6,1,1,0.10830190908475522,47.30995475931629,240,0.7534998046667825,0.6394608373132845
narrow,orca,10,10,0,22,2,1,0.431512552571652,136.34732346602522,240,1.7109452329997097,0.41562711897616583
narrow,rvo,10,10,1,17,5,1,0.2200344013162067,57.623995842788254,83,0.07756930818493615,24.194798241537736
narrow,astar,10,10,1,118,14,1,0.06102998644677808,142.2399956567387,127,0.07908460077409726,0.8798656053841114
narrow,mlp,10,10,1,79,4,1,0.12962554579113383,63.78823167840683,240,0.6077052300787533,0.40321026269036037
narrow,gnn,10,10,1,54,3,1,0.17224922398021367,114.90050181645779,240,0.48334395324044727,0.7431183340183148
narrow,orca,10,11,0,16,2,1,0.5293965871426318,117.50619871562874,240,1.7007359810320204,0.40991507897463936
narrow,rvo,10,11,1,34,5,1,0.06742056923978221,56.559996336657505,83,0.06776137989371847,24.34755999213421
narrow,astar,10,11,1,130,12,1,0.038942944387287036,142.23999602433403,127,0.11415715528131964,0.883335456633427
narrow,mlp,10,11,1,82,5,1,0.012966534860194537,57.04664282274267,240,0.642717365004289,0.3962092741858214
narrow,gnn,10,11,1,68,3,1,0.24092896869897282,123.88957039903359,240,0.3407087379050767,0.7490683211168895
narrow,orca,10,12,1,56,4,1,0.1751038475198053,128.92001289995048,159,0.1015018313503077,0.40612548718568664
narrow,rvo,10,12,1,26,4,1,0.10147948158869138,68.65599627991723,103,0.061956849112014836,24.38109958978388
narrow,astar,10,12,1,10,2,1,0.4161956941185852,123.19999548171245,110,0.10110515411785151,0.5681086881932887
narrow,mlp,10,12,1,73,4,1,0.1413124959561457,70.22682092987104,240,0.642606304094033,0.39330387371592224
narrow,gnn,10,12,1,43,5,1,0.28717176480268636,163.93493018990458,240,0.3196147144522415,0.7337132333001742
narrow,orca,10,13,1,60,4,1,0.1895187401912256,137.5346502576214,177,0.09683875459476705,0.4346854458589338
narrow,rvo,10,13,1,18,4,1,0.37924966123930415,67.25599608652797,102,0.07547923649221952,24.020018809310653
narrow,astar,10,13,1,24,4,1,0.08380396257677415,127.6799936550728,114,0.09573864773890832,0.713871763365572
narrow,mlp,10,13,0,90,4,1,0.12626535688864607,73.6316388988867,240,0.6960760400058915,0.39632390447271365
narrow,gnn,10,13,1,44,4,1,0.30671902759660713,166.0192229116645,240,0.26323075755157105,0.742904490713651
narrow,orca,10,14,1,58,4,1,0.12276052537950166,122.84574313939845,149,0.11029557059632403,0.40029499667302876
narrow,rvo,10,14,1,24,4,1,0.12215412679930546,65.74399624687794,94,0.06373054841448818,24.157110269756075
narrow,astar,10,14,1,12,2,1,0.3971016009636442,118.71999525593161,106,0.1085041300472422,0.5639523953058809
narrow,mlp,10,14,0,90,4,1,0.04074966969556379,75.29304369550582,240,0.6753865198014989,0.40176277204106253
narrow,gnn,10,14,1,58,4,1,0.06775485913610582,171.85209210036598,240,0.2241942668256239,0.7478917444435259
narrow,orca,10,15,0,52,2,1,0.07712157939222787,128.30481669331257,240,1.4251418564536773,0.41389895874696475
narrow,rvo,10,15,1,22,4,1,0.17411765568086618,64.51199536988914,93,0.07638688684685271,24.273421515219955
narrow,astar,10,15,1,34,6,1,0.07961921625115843,134.39999570448123,120,0.1147482650677957,1.6804941891071696
narrow,mlp,10,15,0,86,5,1,0.15136230962924963,59.69042912261116,240,0.7076933866971886,0.4042700204687814
narrow,gnn,10,15,1,35,6,1,0.13537786598817417,173.55108315285227,240,0.5003691160183166,0.7416590873617679
narrow,orca,10,16,0,0,0,0,1.3946428321710869,23.637606123696543,240,3.04378923490887,0.4296811724392076
narrow,rvo,10,16,1,30,5,1,0.05343333241177442,49.895997465235794,83,0.07012009538993169,24.19113681416016
narrow,astar,10,16,1,168,18,1,0.06071486271801055,141.11999433139815,126,0.0922176681405217,0.7958384969877819
narrow,mlp,10,16,1,177,5,1,0.22722475954940832,51.86443005965162,240,0.5278500201902653,0.39287662754456204
narrow,gnn,10,16,1,122,5,1,0.056208429474541015,88.3783847539799,240,0.3502876762951396,0.7438672066200525
narrow,orca,10,17,1,56,4,1,0.1622154942872989,120.1741514131702,148,0.08904054434122674,0.3968500532209873
narrow,rvo,10,17,1,26,4,1,0.13165654417461606,64.11999609234219,97,0.06336766010557786,24.32604212813156
narrow,astar,10,17,1,26,4,1,0.044629757701256455,122.07999507244149,109,0.09211239444470257,0.5480227479283962
narrow,mlp,10,17,0,96,4,1,0.03540099262600949,69.27152677917667,240,0.681348847802619,0.40564048492039245
narrow,gnn,10,17,1,54,4,1,0.14061781125329326,167.24644662141358,240,0.2581864614133678,0.7487254062046608
narrow,orca,10,18,1,38,4,1,0.28603824811654704,162.44837330782872,240,0.6182328338158682,0.4008967507009705
narrow,rvo,10,18,1,12,2,1,0.3010935077062416,65.51999539512504,95,0.07769634624500676,24.124955537876016
narrow,astar,10,18,1,36,6,1,0.1364505883834145,132.15999555112472,118,0.13284558182841272,1.617933509050537
narrow,mlp,10,18,1,90,4,1,0.14443573826760894,68.35250183458214,240,0.5618414041270203,0.3980929361811529
narrow,gnn,10,18,1,37,5,1,0.37651443094104636,156.69914718267884,240,0.3165565653811988,0.7761627493891865
narrow,orca,10,19,0,56,2,1,0.07435636291166915,129.6011325624721,240,1.6094652496240411,0.4024830278164397
narrow,rvo,10,19,1,26,4,1,0.07779635810757121,62.2719955626669,91,0.07927709425216042,24.24162304397304
narrow,astar,10,19,1,48,6,1,0.04090142605735825,136.63999278720848,122,0.07835858046258412,0.8354729468949506
narrow,mlp,10,19,1,82,4,1,0.1669919526065041,68.39259557868411,240,0.5920141598880405,0.40406165838552016
narrow,gnn,10,19,1,40,3,1,0.1799802878625504,135.516482201599,240,0.34883953188842065,0.7856337004341185
narrow,orca,20,10,0,56,8,1,0.2846875840608333,221.68811579043629,240,1.8491793940884897,1.179447960263739
narrow,rvo,20,10,1,138,18,1,0.09252704810710762,119.50399134408782,85,0.06706679332509807,86.10643012010875
narrow,astar,20,10,1,582,82,1,0.018389647534339366,262.07999257137476,117,0.0982651985755114,2.513596577108161
narrow,mlp,20,10,1,896,21,1,0.07055149167025927,123.7513007726292,240,0.5638093392893472,0.60689474727648
narrow,gnn,20,10,0,587,21,1,0.09556114178916142,182.6299547858831,240,0.8676191353597076,0.9618395551418265
narrow,orca,20,11,0,70,8,1,0.19456133222858119,260.71922137552826,240,1.483091838362487,1.1510661822588493
narrow,rvo,20,11,1,148,19,1,0.07121098872838405,118.43999360010794,86,0.04010567285468979,85.86441805629536
narrow,astar,20,11,1,434,46,1,0.024409964850286087,255.35999320787528,114,0.06853145196815111,1.6963834130907791
narrow,mlp,20,11,0,421,17,1,0.004357700805360637,115.15670151594973,240,0.6720716913134014,0.6059355354712656
narrow,gnn,20,11,1,388,21,1,0.02523502236349617,278.35731049255355,240,0.35994375617164476,0.9764605667442083
narrow,orca,20,12,1,122,16,1,0.16858298920409356,252.78355326980758,153,0.07388624310278832,1.1510447586819628
narrow,rvo,20,12,1,180,28,1,0.03535597987375098,138.15199321881335,100,0.03409765698204952,85.91393010690808
narrow,astar,20,12,1,200,28,1,0.009348194921891104,208.3199928015065,93,0.06737293433835302,1.8566480977961453
narrow,mlp,20,12,0,702,31,1,0.03432352787210085,145.3816686727351,240,0.6778375488642221,0.6049055664334446
narrow,gnn,20,12,1,380,38,1,0.13728517907965032,334.0422194019127,240,0.3762353307319481,0.9637344065898409
narrow,orca,20,13,0,96,12,1,0.15393401383849853,330.84747229194363,240,0.7243547800628665,1.1386369413230568
narrow,rvo,20,13,1,138,22,1,0.07799182886399897,132.719991071831,101,0.03651753277553938,86.08374177100193
narrow,astar,20,13,1,202,26,1,0.025764365362948547,248.6399913923195,111,0.09678807745676324,2.214927427672051
narrow,mlp,20,13,1,1050,30,1,0.03914818196641389,147.32445267776453,240,0.6317727107122183,0.6168601335957646
narrow,gnn,20,13,1,516,29,1,0.04676203852868685,320.9026124198278,240,0.28696945413957053,0.9805572141582767
narrow,orca,20,14,1,90,10,1,0.1820185731006802,371.15082745820814,240,0.283527879152781,1.1331531219184399
narrow,rvo,20,14,1,150,20,1,0.1345771980936555,132.43999153442442,99,0.03879317095160406,85.69197738637226
narrow,astar,20,14,1,220,28,1,0.02537121922987669,235.19999111417792,105,0.08773197819320402,1.198872480364073
narrow,mlp,20,14,1,908,35,1,0.01569984361210987,148.99210347623054,240,0.5916413075064425,0.6034734251443297
narrow,gnn,20,14,1,454,29,1,0.067832793661064,337.85322038817253,240,0.22274372524249214,0.958915272106727
narrow,orca,20,15,1,118,14,1,0.21578373562336894,352.7362309316439,240,0.4465472934693146,1.1279307422228158
narrow,rvo,20,15,1,126,20,1,0.015961591193665362,132.15999058799568,101,0.03738590822772286,85.66248509110791
narrow,astar,20,15,1,200,28,1,0.03958819085696216,244.15999148642226,109,0.0819176041737384,2.3169087613462853
narrow,mlp,20,15,0,489,20,1,0.05934344128402869,129.39143256874817,240,0.69189342401571,0.5989345954731107
narrow,gnn,20,15,1,265,20,1,0.05929625736672276,327.31933471310896,240,0.36673557244359095,0.9546616619142393
narrow,orca,20,16,0,40,4,1,0.2192038244894992,83.94118087718181,240,2.672281271035063,1.2058663686426978
narrow,rvo,20,16,1,130,17,1,0.10927883698809786,106.67999345112625,80,0.05637876235368085,85.13294094591402
narrow,astar,20,16,1,732,78,1,0.01767244738335776,255.3599911006648,114,0.07520347412359157,2.329065807555851
narrow,mlp,20,16,1,599,19,1,0.004585484451297339,104.24455250430894,240,0.5978070222728158,0.6063910996696601
narrow,gnn,20,16,1,622,18,1,0.01708068281294985,189.05566642193006,240,0.35113386594480495,0.9424627351108938
narrow,orca,20,17,1,128,16,1,0.1920082901866407,367.9259239604459,240,0.30717994944187066,1.1337372260944296
narrow,rvo,20,17,1,160,24,1,0.05566073310864509,128.7999913998898,99,0.040238240798576116,85.6812855021821
narrow,astar,20,17,1,172,30,1,0.10332521214686076,237.43999147802646,106,0.09774002867560959,2.1871176091426947
narrow,mlp,20,17,1,1054,34,1,0.032076930889962066,141.63826834965224,240,0.5986185057114298,0.6026826469072452
narrow,gnn,20,17,1,472,42,1,0.04402004268537751,327.1295424681045,240,0.2223478718561612,0.9588163287844509
narrow,orca,20,18,0,98,12,1,0.21295659259408628,317.17591423759393,240,0.831174792843453,1.1547037749551237
narrow,rvo,20,18,1,146,21,1,0.09251397878806318,126.22399180933571,93,0.03790024868047401,85.94462773211862
narrow,astar,20,18,1,320,46,1,0.06364678241960257,253.11999176735384,113,0.07258094110130839,2.5138566311679584
narrow,mlp,20,18,1,1063,24,1,0.02611861372637932,130.4291946251825,240,0.5750922387667644,0.6064323533792049
narrow,gnn,20,18,1,461,27,1,0.018579766955498653,287.50309533845245,240,0.318287163833492,0.9604513121303171
narrow,orca,20,19,0,72,8,1,0.20951933321807506,253.70462655763075,240,1.6090397174766555,1.1553640302736312
narrow,rvo,20,19,1,111,17,1,0.0471512738486081,119.6719932955289,97,0.04107442480163042,85.39943486336888
narrow,astar,20,19,1,416,54,1,0.004824896932414749,253.11999149078179,113,0.09735682782124506,1.6759317121015185
narrow,mlp,20,19,1,1032,23,1,0.061227310452861505,127.34988294075859,240,0.5998571336478127,0.6059854892858615
narrow,gnn,20,19,1,398,20,1,0.03705633047377566,249.04136302794066,240,0.356329720615166,0.9589297522325069
