layout,method,robots,success_mean,success_std,success_ci95,collision_events_mean,collision_events_std,collision_events_ci95,collision_episode_mean,collision_episode_std,collision_episode_ci95,min_separation_mean,min_separation_std,min_separation_ci95,path_length_mean,path_length_std,path_length_ci95,final_error_mean,final_error_std,final_error_ci95,control_time_ms_mean,control_time_ms_std,control_time_ms_ci95,episodes
crossing,astar,5,1.0,0.0,0.0,1.7,0.4830458915396479,0.2993949454037815,1.0,0.0,0.0,0.2181931119333161,0.14458864691931972,0.08961697182111991,36.10879873778509,3.9577557655306976,2.453042437781104,0.11683046867090092,0.013430039114146058,0.008324024482506916,1.0458741799294418,0.7737181217554572,0.47955546021216516,10
crossing,astar,10,1.0,0.0,0.0,4.5,0.8498365855987975,0.5267341728888386,1.0,0.0,0.0,0.04544738743184941,0.02706800222345435,0.01677692159237707,95.08799663067859,9.40696253078376,5.830495782383142,0.09161625744294027,0.015168225373580028,0.009401363487681173,2.89790646845704,0.9320749747781114,0.5777060545871942,10
crossing,astar,20,1.0,0.0,0.0,25.0,4.83045891539648,2.9939494540378155,1.0,0.0,0.0,0.0303883070057936,0.02884152620590009,0.017876163145191432,192.1919938803498,17.150592958153297,10.63004764616102,0.07837062792801543,0.01498667121999653,0.00928883505745955,5.845863635765699,0.9522671128305978,0.5902212714137792,10
crossing,gnn,5,0.2,0.42163702135578396,0.26133333333333336,1.7,0.48304589153964794,0.29939494540378153,1.0,0.0,0.0,0.13237415392794402,0.11172977962669464,0.06925083487345039,38.62428207839723,3.9320698362224107,2.437122133856381,0.7559427620800597,0.09887601765207567,0.06128399066252435,0.781030172171692,0.02891464534401325,0.01792148285652069,10
crossing,gnn,10,1.0,0.0,0.0,4.9,0.5676462121975466,0.3518307673994542,1.0,0.0,0.0,0.06947483644270239,0.056457038297414525,0.03499243486956818,131.2360728948547,7.802713470523583,4.836171913320196,0.3474690070371257,0.09384243501028301,0.058164143818528906,1.0138338837229335,0.01190561679834297,0.007379177742257371,10
crossing,gnn,20,0.9,0.31622776601683794,0.19599999999999998,27.5,4.8362060428489695,2.9975115605374323,1.0,0.0,0.0,0.03577973008699695,0.02785159188331409,0.017262595495295296,239.61043277397957,14.965371590585177,9.275633410377102,0.4254895207739683,0.10791361150654913,0.06688554936746893,1.4994599239435047,0.02019689360766443,0.012518164350221694,10
crossing,mlp,5,0.5,0.5270462766947299,0.32666666666666666,2.0,0.0,0.0,1.0,0.0,0.0,0.20238727429993258,0.14408515101764846,0.089304901828119,34.3785820096103,5.583153297565544,3.46047426545264,0.6241544553002089,0.19677961931281984,0.12196527164935618,0.4540751959818105,0.082873687261244,0.05136564352903448,10
crossing,mlp,10,0.9,0.31622776601683794,0.19599999999999998,5.2,1.0327955589886446,0.6401333194473373,1.0,0.0,0.0,0.05962112668301985,0.03699751474922391,0.022931297217151293,67.96136687027145,7.289131310196743,4.5178503924367295,0.5784096874685511,0.11995414924782231,0.07434835197653485,0.6742279937801262,0.014494602196628676,0.00898384751700757,10
crossing,mlp,20,1.0,0.0,0.0,28.6,6.686636756330579,4.144420399096169,1.0,0.0,0.0,0.040118891346419924,0.03761239221067714,0.023312402216129832,136.7216702331461,8.173343796404732,5.065890969264313,0.5515728474491587,0.056233340677975516,0.03485378564858955,1.1401188497742016,0.010196146476607253,0.006319637059664812,10
crossing,orca,5,0.7,0.4830458915396479,0.2993949454037815,1.2,0.7888106377466155,0.4889098985384617,0.8,0.42163702135578396,0.26133333333333336,0.5210996487977855,0.2842732649609995,0.17619439505318188,49.22311750580524,18.553379434126906,11.499503711812723,0.43354213336878544,0.4970589296739251,0.30808031642263156,0.29964030077724246,0.0034280336703497215,0.00212471728163418,10
crossing,orca,10,0.9,0.31622776601683794,0.19599999999999998,3.5,1.1785113019775793,0.7304488726499313,1.0,0.0,0.0,0.36018375171397843,0.1831022756753173,0.1134879662352334,141.2459429828188,29.85635690870531,18.50516173141688,0.26654119113763397,0.25228352590768804,0.1563669493692529,0.6617729472094163,0.012966160431897498,0.008036509496501934,10
crossing,orca,20,0.9,0.31622776601683794,0.19599999999999998,13.2,1.8737959096740262,1.1613907371959036,1.0,0.0,0.0,0.2338070965341763,0.08196605522898401,0.050803087367177764,287.21682007641544,66.9639342330102,41.50467643935842,0.1283813815114363,0.2001845177724208,0.124075649578808,1.6633625187425611,0.013481922546715848,0.008356182167177583,10
crossing,rvo,5,1.0,0.0,0.0,1.9,0.31622776601683794,0.19599999999999998,1.0,0.0,0.0,0.27522224952061564,0.16501811657405127,0.102279288298776,31.018398150492573,4.805113415596692,2.978240150508492,0.09662138221533441,0.029694720674734977,0.018404978555672285,8.654723442101629,0.03745248478559639,0.023213290567236363,10
crossing,rvo,10,1.0,0.0,0.0,4.6,0.6992058987801011,0.4333723059397722,1.0,0.0,0.0,0.11900535823432783,0.06919410060432031,0.04288694787707115,65.41639601218382,8.806048488130136,5.458045400041198,0.0491522164565282,0.0126229901234967,0.007823810335723701,26.70550389932015,0.0963836011480653,0.05973917490855282,10
crossing,rvo,20,1.0,0.0,0.0,23.1,3.212821536005731,1.991327418806081,1.0,0.0,0.0,0.058650580245020976,0.019805341361232652,0.012275477753572423,129.74079197183295,17.07654752591094,10.584153811782386,0.03366914369732229,0.007786372560857962,0.00482604371257804,90.91325687585808,0.2460276085649705,0.15248949162853273,10
narrow,astar,5,1.0,0.0,0.0,2.0,1.1547005383792515,0.715690808473417,1.0,0.0,0.0,0.31979793284844815,0.18258374811093508,0.11316657952116001,42.201598714493805,3.680998428188566,2.2815064629288218,0.1154755343886941,0.024480460106979275,0.01517314637296098,0.445137995658025,0.2731824259734164,0.16932022183004197,10
narrow,astar,10,1.0,0.0,0.0,7.4,5.420127099780759,3.3594295812103443,1.0,0.0,0.0,0.13593900396042663,0.1455593597004023,0.09021862583616315,132.04799495204435,8.76260336892292,5.43111783617838,0.10088721779034356,0.017026716755536374,0.01055326838032127,0.9086895798851117,0.411116719940022,0.2548127829608542,10
narrow,astar,20,1.0,0.0,0.0,44.6,21.06181378704123,13.054247431391824,1.0,0.0,0.0,0.03323409216385392,0.029652991223957523,0.018379114374119217,245.27999184105028,15.45618027287356,9.57983978333488,0.08434885164274754,0.01280095559008372,0.007934114474700538,2.0503308517345515,0.4284310861527215,0.2655443383218354,10
narrow,gnn,5,0.5,0.5270462766947299,0.32666666666666666,1.2,0.7888106377466155,0.4889098985384617,0.8,0.42163702135578396,0.26133333333333336,0.42599128491116717,0.40235177881613227,0.24938021616913575,44.321514422615124,5.1397627626930795,3.1856579647538084,0.7024477305347784,0.27946959878242567,0.17321705190947342,0.6468998588388786,0.016940472387158196,0.010499813566991492,10
narrow,gnn,10,1.0,0.0,0.0,4.2,1.0327955589886446,0.6401333194473373,1.0,0.0,0.0,0.19635226697341907,0.10473526663900906,0.0649155908091661,146.198786132995,29.062225414461107,18.0129539318539,0.3405331780971404,0.09031455490122513,0.05597754107303018,0.7512744273602342,0.016381188717451856,0.01015316595712726,10
narrow,gnn,20,0.9,0.31622776601683794,0.19599999999999998,26.5,8.181958472422385,5.0712304007782745,1.0,0.0,0.0,0.054870925571638286,0.03765293167040868,0.023337528833591244,283.38343194578863,58.742041513119815,36.40869453556598,0.37283455963385775,0.1829668392521453,0.11340402187046088,0.9616828804913288,0.010659052168030887,0.006606548979708546,10
narrow,mlp,5,0.7,0.48304589153964794,0.29939494540378153,1.7,0.6749485577105528,0.4183374501789461,0.9,0.31622776601683794,0.19599999999999998,0.22538344359466697,0.30555595951146314,0.18938554580010505,35.427534550170925,8.224901250306385,5.097846610263231,0.6035697714021852,0.0876286561586644,0.05431280378517966,0.2967584736567611,0.004312543909734249,0.0026729424077925716,10
narrow,mlp,10,0.6,0.5163977794943223,0.32006665972366866,4.3,0.48304589153964794,0.29939494540378153,1.0,0.0,0.0,0.1176335355870464,0.06725572158762354,0.041685528115429034,65.75578614001189,7.51674720198998,4.658928183781272,0.6335239277689599,0.05992180899342498,0.03713992199560976,0.39957518146062887,0.004775567132835528,0.002959927174724829,10
narrow,mlp,20,0.7,0.4830458915396479,0.2993949454037815,25.4,6.552353266829661,4.06119063001644,1.0,0.0,0.0,0.0347432526730773,0.0232983117918305,0.01444044325619285,131.36595581039597,14.69888066036596,9.110460620584236,0.6200400922100165,0.04557976230806988,0.02825062936410844,0.6058495592636366,0.004562737274085511,0.002828013861607403,10
narrow,orca,5,0.5,0.5270462766947299,0.32666666666666666,1.1,0.8755950357709131,0.5426994257106474,0.7,0.4830458915396479,0.2993949454037815,0.5797726857604284,0.6379492259034109,0.39540502673762906,42.17782861392426,14.087865045885167,8.73174921915765,1.0715364393434685,1.0859718403323568,0.673092320089971,0.1752054902889117,0.009092242197643291,0.005635430098959735,10
narrow,orca,10,0.5,0.5270462766947299,0.32666666666666666,2.8,1.3984117975602022,0.8667446118795444,0.9,0.31622776601683794,0.19599999999999998,0.34426667696836455,0.3982676681859095,0.24684885817484423,120.73200085791044,36.38067561854449,22.548976362989713,1.0505987089716813,1.0050044851353297,0.6229082334156455,0.41104580905930244,0.01271110728998839,0.007878425921350208,10
narrow,orca,20,0.4,0.5163977794943223,0.32006665972366866,10.8,3.9101008796307144,2.4235056334895435,1.0,0.0,0.0,0.20332562685443567,0.03568951764985715,0.022120592215800355,281.26730667504205,87.51172656273042,54.240330070768884,1.028026315903577,0.8416843826556031,0.5216813851561477,1.1530951106634746,0.023828156433729663,0.014768844367582626,10
narrow,rvo,5,1.0,0.0,0.0,1.4,0.5163977794943223,0.32006665972366866,1.0,0.0,0.0,0.38369123227373647,0.216088267642286,0.13393289587237858,29.360798218425202,2.8112147288480362,1.7424089408546006,0.07369828010761321,0.022891456044670407,0.014188271451522376,7.41955866027412,0.03203486379045935,0.019855414285776876,10
narrow,rvo,10,1.0,0.0,0.0,4.1,0.8755950357709131,0.5426994257106474,1.0,0.0,0.0,0.1628435638264359,0.10752029675268575,0.0666417703573958,62.215996067802806,5.811841639310764,3.6022167681640442,0.07133454049369062,0.006738027219300065,0.0041762725380430155,24.22577659418833,0.11100877992398726,0.06880395462788991,10
narrow,rvo,20,1.0,0.0,0.0,20.6,3.40587727318528,2.1109846043967253,1.0,0.0,0.0,0.07322294575939761,0.03580330110977807,0.022191115934907656,125.47919213131408,9.369477971565937,5.807262611876849,0.04295584117510646,0.010405082089071451,0.006449136693927801,85.7481271575378,0.30471123068351064,0.18886197744820432,10
open,astar,5,1.0,0.0,0.0,1.5,0.5270462766947299,0.32666666666666666,1.0,0.0,0.0,0.3860151402111825,0.11222179248390625,0.06955578760175805,35.57119877823309,3.5351333934167606,2.191098377720543,0.1261581043926267,0.017664738622262678,0.010948718430307385,0.11296315423341215,0.014982937346762325,0.00928652077885232,10
open,astar,10,1.0,0.0,0.0,3.3,1.3374935098492586,0.8289870659760352,1.0,0.0,0.0,0.16472876104392778,0.1507471508465603,0.09343405210139764,93.18399657777269,8.987955764920457,5.570792698293953,0.1055316123270105,0.013937313317976855,0.008638436291448266,0.22619636497994833,0.02762870195693572,0.01712444688766217,10
open,astar,20,1.0,0.0,0.0,23.0,3.1622776601683795,1.96,1.0,0.0,0.0,0.04964168403362764,0.04080228060790797,0.025289515528260535,182.3359937929825,16.36546083279567,10.143417713222428,0.09664438820233204,0.013919741175352255,0.008627544964611905,0.4340240238584183,0.07619983651674292,0.047229147982174244,10
open,gnn,5,1.0,0.0,0.0,2.0,0.0,0.0,1.0,0.0,0.0,0.15007791724398303,0.10264834554314163,0.06362210371300696,39.179218781581845,6.439569202092793,3.9912863424617253,0.5942109374365203,0.013446584846384974,0.008334279633595244,0.5216042354004458,0.0045809594211251295,0.0028393080653541258,10
open,gnn,10,0.0,0.0,0.0,6.9,1.5951314818673865,0.9886727354275416,1.0,0.0,0.0,0.2515321927820068,0.14440883698110052,0.08950552446678135,242.75442081270768,2.699126717430278,1.6729360716167019,1.2993795132650707,0.23024438756187232,0.14270694990054755,0.533505769756933,0.010924940962510017,0.006771348561903156,10
open,gnn,20,0.0,0.0,0.0,32.7,7.071853442423076,4.383180174764031,1.0,0.0,0.0,0.04429722640904497,0.02292691097486367,0.014210246644926202,472.07097418542344,7.419849336497138,4.598870264529533,1.3730923422977832,0.2064543451767207,0.12796172886501891,0.5486279597971588,0.01744608228700733,0.010813193829637857,10
open,mlp,5,1.0,0.0,0.0,1.8,0.42163702135578396,0.26133333333333336,1.0,0.0,0.0,0.23147663512059355,0.15476102998899252,0.09592188016857257,28.00933873327626,2.804389751667355,1.7381787761721539,0.2553133100613795,0.02085143432760378,0.012923852891503301,0.18417253689757998,0.004434523516269468,0.0027485461512020922,10
open,mlp,10,1.0,0.0,0.0,4.7,0.48304589153964794,0.29939494540378153,1.0,0.0,0.0,0.1299184227840749,0.05791609174432289,0.035896765565117575,60.585801861425786,6.5505078107605,4.060046804494375,0.23920660438723823,0.0185479388470438,0.011496131601002466,0.18715248058854128,0.002378831445603288,0.0014744150053965163,10
open,mlp,20,1.0,0.0,0.0,24.9,3.212821536005731,1.991327418806081,1.0,0.0,0.0,0.043913300593649285,0.02064596726356477,0.012796503085827155,119.05992677346156,11.73423635115471,7.272955040588882,0.23637859510470616,0.02242293377355361,0.013897878339318551,0.2027664281929839,0.0032582559290283554,0.002019487947353597,10
open,orca,5,1.0,0.0,0.0,2.0,0.0,0.0,1.0,0.0,0.0,0.07122414527280274,0.0048412565820339275,0.0030006419171557668,34.79552355456228,3.6307210610997642,2.250344227956449,0.15271358705548072,0.018471988397996512,0.011449057024975276,0.07002121740784406,0.001062198611898781,0.000658357520449598,10
open,orca,10,1.0,0.0,0.0,5.0,0.0,0.0,1.0,0.0,0.0,0.10989414784227217,0.03674364676654975,0.02277394821130376,95.73731899530695,6.675040722643536,4.13723310295425,0.09124029273881534,0.015576111908307166,0.009654174181104792,0.20636872713546958,0.006218612308782632,0.003854335841137039,10
open,orca,20,1.0,0.0,0.0,16.4,1.2649110640673518,0.7839999999999999,1.0,0.0,0.0,0.20279333395908847,0.02050700616560631,0.012710374104988681,191.36781849108252,28.297132931042086,17.538744697671273,0.08285012643934989,0.012871826803926,0.0079780409081319,0.7699476216945637,0.008395132209599478,0.005203356851952981,10
open,rvo,5,1.0,0.0,0.0,1.7,0.4830458915396479,0.2993949454037815,1.0,0.0,0.0,0.35898405391052435,0.22754668364494923,0.14103489568982158,28.632798125099008,2.929780776631801,1.8158969386301678,0.12182148461903328,0.010171902382355043,0.006304610414366434,6.336044840877668,0.05166445793663151,0.032021962786912876,10
open,rvo,10,1.0,0.0,0.0,4.6,0.9660917830792959,0.5987898908075631,1.0,0.0,0.0,0.17064000553450714,0.10135521879449101,0.06282061545051824,60.82159587281378,5.511722988449057,3.4162013011801537,0.06386813890548496,0.007339628771961288,0.004549149043502443,22.036637040560503,0.08593411775241495,0.05326251799968919,10
open,rvo,20,1.0,0.0,0.0,21.7,2.4517567397911053,1.5196145710160993,1.0,0.0,0.0,0.07079338054801793,0.035370912667846595,0.021923118802062408,119.97999170989291,11.084581692882107,6.870294911703646,0.06279535446792779,0.0065231697106107244,0.004043102474472859,81.75376674014751,0.2936086260638466,0.18198051181074895,10
random,astar,5,1.0,0.0,0.0,2.5,1.1785113019775793,0.7304488726499313,1.0,0.0,0.0,0.19596203266463114,0.20349132606460507,0.12612523059261946,36.78079883223454,11.463606758776372,7.105217081413818,0.13104657203903747,0.0326470895759471,0.02023487575896456,0.443456770211377,0.14023330967446662,0.08691750582942784,10
random,astar,10,1.0,0.0,0.0,9.1,2.884826203122507,1.7880338052981235,1.0,0.0,0.0,0.04679126430368291,0.028470370422636386,0.01764611840738744,106.73599628032814,16.704736748531683,10.3537031044196,0.09776469889896572,0.008983098110278757,0.005567781892754118,0.7855333892517655,0.19284989112179618,0.11952960088223062,10
random,astar,20,1.0,0.0,0.0,30.2,5.940445175985458,3.68192606600887,1.0,0.0,0.0,0.025929529164124793,0.013627133630880429,0.008446184929600229,244.9614558593999,29.73450164755558,18.429635058075753,0.07619901020696943,0.010850089346357861,0.006724955049560406,1.6429111207684237,0.49198020714761176,0.30493249158834923,10
random,gnn,5,0.8,0.4216370213557839,0.2613333333333333,2.5,0.8498365855987975,0.5267341728888386,1.0,0.0,0.0,0.1884330613219814,0.10003152516361319,0.06200018163814315,57.9794913748123,10.557706390951687,6.543734216293794,0.5359600071855052,0.10167184278104448,0.06301686103055112,0.7820707899130259,0.0213609441035917,0.013239650322423125,10
random,gnn,10,0.9,0.31622776601683794,0.19599999999999998,6.7,2.263232692902394,1.4027661561674805,1.0,0.0,0.0,0.07813194123873556,0.0449488507953178,0.027859586357173935,110.43615373892787,23.259247857411516,14.416231178795087,0.4986955636754412,0.22437865052493502,0.13907132841885106,1.011517540124866,0.008332334383609774,0.005164434356155041,10
random,gnn,20,1.0,0.0,0.0,28.0,4.898979485566356,3.0364189434266144,1.0,0.0,0.0,0.029297740891932277,0.01460948123583696,0.009055050283192322,255.0454471160042,10.490777374339906,6.502251182020294,0.4056636432922335,0.056842962520427344,0.035231633181162625,1.5074096569636217,0.022114704749202085,0.013706836010765777,10
random,mlp,5,0.7,0.48304589153964794,0.29939494540378153,4.8,7.177124153246278,4.448427637316858,1.0,0.0,0.0,0.10337489679912297,0.08239283394401002,0.05106760755526474,33.89233221326367,9.249583779116326,5.732951421508853,0.6254243787365257,0.24867277347108593,0.1541289818229865,0.4316352862709512,0.007433603841977968,0.004607395395349637,10
random,mlp,10,0.9,0.31622776601683794,0.19599999999999998,7.4,1.429840705968481,0.8862244511283683,1.0,0.0,0.0,0.07091425323375297,0.06703427767151908,0.04154827575424908,73.52658010217321,13.438529822860552,8.329287078290337,0.55651304913708,0.11333913116792475,0.07024832129298353,0.6726702653880541,0.024240253987037,0.01502426507736286,10
random,mlp,20,0.8,0.42163702135578396,0.26133333333333336,30.7,7.227263198011633,4.479504139224935,1.0,0.0,0.0,0.03277750156511812,0.021589009210456023,0.013381006540153315,149.2269169460499,13.94565454626509,8.643606238303619,0.614205257276114,0.11747892225497092,0.07281419039196026,1.1508553983488432,0.020099076622437734,0.012457536754656884,10
random,orca,5,0.9,0.31622776601683794,0.19599999999999998,1.4,0.9660917830792958,0.598789890807563,0.8,0.42163702135578396,0.26133333333333336,0.4129044311352395,0.2931976157838559,0.1817257649999522,47.87961736544602,21.594806549956477,13.384599768402689,0.3780132115099896,0.754234780777457,0.4674795603638112,0.30552105521975925,0.008199569393976147,0.005082145763043945,10
random,orca,10,0.9,0.31622776601683794,0.19599999999999998,4.0,1.1547005383792515,0.715690808473417,1.0,0.0,0.0,0.36790001652847576,0.09188938155677173,0.05695362874671883,134.72425303163934,27.611724483682167,17.113924140720588,0.3165662015897898,0.4542899291708421,0.2815718152742601,0.6628195947590715,0.004475252200642086,0.0027737900513111293,10
random,orca,20,1.0,0.0,0.0,13.6,3.3399933466334266,2.0701493236533017,1.0,0.0,0.0,0.27837197837505023,0.08132805722137326,0.05040765210522468,337.23278111631527,39.386297281464266,24.411879969945304,0.18229197682874226,0.1445057503485955,0.08956559199427357,1.6272222351168213,0.021812636374194463,0.013519612092236302,10
random,rvo,5,0.9,0.31622776601683794,0.19599999999999998,2.3,1.2516655570345725,0.7757903496864772,1.0,0.0,0.0,0.15949727667973623,0.19815190213402073,0.1228158213539038,27.00039829807008,6.955819841945977,4.311261804090975,0.3592580813480647,0.7704348684900083,0.4775204787551804,8.70500496465754,0.09188830417116774,0.056952960976203164,10
random,rvo,10,1.0,0.0,0.0,9.0,3.2317865716108862,2.003082069656103,1.0,0.0,0.0,0.0730129542942963,0.03332974297270055,0.02065798871785809,65.645995973371,9.1634244343257,5.679549306344609,0.046553452349789,0.010246065639632146,0.006350577277458204,26.794818761501453,0.15705120245475954,0.09734134376895241,10
random,rvo,20,1.0,0.0,0.0,27.9,5.586690532964138,3.462666666666667,1.0,0.0,0.0,0.04593122534625347,0.031313345603552825,0.019408212680380378,135.1083916114495,15.108276120651889,9.3642065557586,0.02916047235028662,0.00830571801984489,0.005147937362979434,91.07754964473999,0.3033674782504121,0.18802911106140738,10
