layout,method,robots,seed,success,strict_success,collisions,collision_events,collision_episode,min_separation,path_length,steps,final_error,control_time_ms
crossing,orca,5,10,1,0,3,1,1,0.7042649030379938,83.198581910471,240,0.11708993113621954,0.2916513748156528
crossing,rvo,5,10,1,0,14,2,1,0.06532137674859803,30.267997846457156,82,0.07979768515983957,8.712212322279811
crossing,astar,5,10,1,0,6,1,1,0.07819731434808391,35.3919988255199,79,0.12523882769511469,1.689314771490761
crossing,mlp,5,10,1,0,22,2,1,0.30381730466283274,44.26703721338616,240,0.45681054948102073,0.6849770084954798
crossing,gnn,5,10,0,0,9,2,1,0.1521809834064545,35.66236903874571,240,0.7812819594143156,0.85134034549507
crossing,attention,5,10,1,0,7,1,1,0.19210776301054633,36.89286341144092,240,0.44429549849839,1.7045753193087876
crossing,transformer,5,10,1,1,0,0,0,0.7259126375017454,41.29099074257338,240,0.4762182012641393,1.3241347992637504
crossing,orca,5,11,1,0,17,2,1,0.4801185479887942,30.21400119594552,93,0.1284158058756153,0.2949255248231272
crossing,rvo,5,11,1,0,12,2,1,0.153165960422175,24.86399821487895,69,0.1218456439212064,8.71214541890051
crossing,astar,5,11,1,0,6,1,1,0.37853202572357936,30.91199880816976,69,0.11806432813721841,0.43554112747095636
crossing,mlp,5,11,0,0,18,2,1,0.17999944926900388,27.28154118638566,240,0.8187695018659008,0.4319305007811636
crossing,gnn,5,11,0,0,18,2,1,0.09217286294171946,39.38237813414256,240,0.8529821778358802,0.7984590464426825
crossing,attention,5,11,1,0,6,1,1,0.3435100696318001,31.09934229222557,240,0.43515670092890735,1.210741347555692
crossing,transformer,5,11,1,0,13,2,1,0.13038450369074753,52.76406235690265,240,0.48801669732667763,1.2753442201452951
crossing,orca,5,12,1,0,11,1,1,0.49038817568903037,34.31893820906171,109,0.15803450675874645,0.30435258180859986
crossing,rvo,5,12,1,0,4,1,1,0.5738771371173422,30.855997618927887,80,0.1402719456731943,8.734025730518624
crossing,astar,5,12,1,0,13,2,1,0.16500141981799016,36.73599866977638,82,0.11466536103320339,1.7873451636150115
crossing,mlp,5,12,1,0,18,2,1,0.29818539336263084,33.040163311751044,240,0.49944284092330726,0.418625744835784
crossing,gnn,5,12,0,0,17,2,1,0.016781803554344183,42.90138132231158,240,0.7465902544202252,0.7608058571349829
crossing,attention,5,12,0,0,0,0,0,1.0043197160083208,44.52675540916194,240,0.8686781303252671,1.2051875023947407
crossing,transformer,5,12,1,0,9,1,1,0.0964640219596319,49.95479409875944,240,0.5922716976682978,1.2681151274591684
crossing,orca,5,13,0,0,8,1,1,0.5394978597068073,75.52585270527085,240,1.1801908503037781,0.29305518061543506
crossing,rvo,5,13,1,0,10,2,1,0.3432669712136453,37.71599843511627,95,0.08627898220575628,8.723170682787895
crossing,astar,5,13,1,0,12,2,1,0.06870826541325886,40.76799842539865,91,0.12862240762085841,0.3926326868707662
crossing,mlp,5,13,0,0,29,2,1,0.07886706833374989,34.341614427147825,240,0.678655321101177,0.42040293337777257
crossing,gnn,5,13,0,0,21,2,1,0.07078895159816628,42.98370371664064,240,0.6526175341347811,0.7637763628736138
crossing,attention,5,13,0,0,0,0,0,0.7652174503762668,32.16098205078325,240,2.91228557174204,1.208767929347232
crossing,transformer,5,13,1,1,0,0,0,1.8571783695099657,46.95460903649875,240,0.6279356054596045,1.2475566084807117
crossing,orca,5,14,0,0,0,0,0,1.0361917922629575,60.80757995597638,240,1.1357521184515713,0.29256134876050055
crossing,rvo,5,14,1,0,11,2,1,0.20860983978264888,35.67199858568587,91,0.08596090921902663,8.704297541343903
crossing,astar,5,14,1,0,12,2,1,0.04286790083181922,39.42399869892064,88,0.10157248889305473,0.4543382462791421
crossing,mlp,5,14,0,0,25,2,1,0.30760456707579137,30.977075358479446,240,0.7190151642874867,0.4219945966421316
crossing,gnn,5,14,0,0,20,2,1,0.07034354596701474,37.02864603121259,240,0.8739960615046337,0.7642817819335809
crossing,attention,5,14,0,0,0,0,0,0.9468303494831165,29.026452681242546,240,3.1838349884437473,1.245156186632812
crossing,transformer,5,14,0,0,4,1,1,0.6743352378415034,43.89297525045719,240,0.772678796367422,1.3182492868509144
crossing,orca,5,15,1,0,29,1,1,0.0660112076609494,33.9859869863375,110,0.1031076598331591,0.32822806388139725
crossing,rvo,5,15,1,0,11,2,1,0.3659114170511059,26.711998187672457,80,0.06782583937369455,8.81881442037411
crossing,astar,5,15,1,0,10,2,1,0.2899068108950289,32.70399911830748,73,0.11148290287961511,2.0671489533700353
crossing,mlp,5,15,0,0,22,2,1,0.10950091281008187,41.59938122601446,240,0.6560998015502206,0.4164880975925674
crossing,gnn,5,15,0,0,7,1,1,0.19266690506451892,42.03188198494142,240,0.7445685095617016,0.7942185116310915
crossing,attention,5,15,1,0,5,2,1,0.66222794382559,35.300394862528805,240,0.6054856812894525,1.1977210427479197
crossing,transformer,5,15,1,0,6,1,1,0.39451118486633346,28.94957615125768,240,0.39504938136861656,1.2568009241173665
crossing,orca,5,16,1,0,28,2,1,0.23151705607709144,38.53513620384769,95,0.10845186119693848,0.29063932597637177
crossing,rvo,5,16,1,0,9,2,1,0.3655358400026137,23.63199814281623,73,0.05716065518079387,8.65994360655138
crossing,astar,5,16,1,0,12,2,1,0.3060810135313153,29.119999054341957,65,0.10473311873089945,2.0814778139958015
crossing,mlp,5,16,1,0,18,2,1,0.4617931955251237,39.41860973168666,240,0.39990191052679697,0.4297056293580681
crossing,gnn,5,16,1,0,21,2,1,0.05268537332101382,30.18960201201857,240,0.6069692241424527,0.7524615968577564
crossing,attention,5,16,1,0,5,1,1,0.3741568641776568,29.888217274920713,240,0.6223501767924847,1.1816498707048595
crossing,transformer,5,16,1,0,17,2,1,0.07467011557615387,41.72741275829086,240,0.4079041031922979,1.2550958606880158
crossing,orca,5,17,0,0,0,0,0,0.8431474515322034,54.86201255496278,240,1.1439988261575413,0.2924977239066114
crossing,rvo,5,17,1,0,12,2,1,0.11068530500682258,35.11199864295241,88,0.07223900733693762,8.756871007128872
crossing,astar,5,17,1,0,11,2,1,0.08364249075266181,38.5279989162086,86,0.09657756054171887,0.35860043473888276
crossing,mlp,5,17,0,0,39,2,1,0.03725679006992608,29.243388316542532,240,1.027098043485203,0.4192967569300284
crossing,gnn,5,17,0,0,20,2,1,0.03690585141702652,40.28415818833862,240,0.8905437935916947,0.7495284778997302
crossing,attention,5,17,0,0,0,0,0,1.0558366551065528,27.502482213719723,240,3.2289625000646858,1.1954649778393407
crossing,transformer,5,17,1,1,0,0,0,1.2972021446066873,42.83389562346567,240,0.6232966030551567,1.2312421381163101
crossing,orca,5,18,1,0,25,2,1,0.3548153753854916,40.3192746893459,114,0.14048582452588732,0.2936186277095163
crossing,rvo,5,18,1,0,12,2,1,0.13411482126091204,34.60799818258113,85,0.12484902659645476,8.639716493951923
crossing,astar,5,18,1,0,5,1,1,0.4024769601580217,38.52799819848203,86,0.13699091262759572,0.4786359373653351
crossing,mlp,5,18,1,0,19,2,1,0.011861181424672728,32.785557130965216,240,0.5518571499708065,0.4176488301406304
crossing,gnn,5,18,1,0,7,1,1,0.31158113058263154,39.18698793316121,240,0.6433491104754326,0.7474291390584161
crossing,attention,5,18,0,0,0,0,0,1.0882422182916676,46.05156946132142,240,0.745239026862006,1.1571617214940488
crossing,transformer,5,18,1,0,15,2,1,0.1131291629861637,47.165060915936316,240,0.47974187403936447,1.2277453827361267
crossing,orca,5,19,1,0,18,2,1,0.46504411863653616,40.46381064683309,112,0.11989394944839885,0.2915369363368622
crossing,rvo,5,19,1,0,8,2,1,0.43173382660029314,30.743997647837354,84,0.12998412748644056,8.686143206432462
crossing,astar,5,19,1,0,11,2,1,0.36651691786140167,38.975998662725495,87,0.13035677854973074,0.5583394072607331
crossing,mlp,5,19,1,0,20,2,1,0.2349868804655133,30.831452193743957,240,0.433894269810169,0.4154879890847951
crossing,gnn,5,19,0,0,8,1,1,0.3276341314265508,36.59171242245946,240,0.7665289957194797,0.7412890651418517
crossing,attention,5,19,0,0,5,1,1,0.6255084643096646,48.36141771115125,240,1.2495821095834359,1.1736552405636758
crossing,transformer,5,19,0,0,8,1,1,0.06746127385989427,45.641068164925244,240,0.6969555967528762,1.2502952343008171
crossing,orca,10,10,1,0,24,4,1,0.39957295353796235,169.21241960361212,240,0.12664849375971143,0.6344529916532338
crossing,rvo,10,10,1,0,24,5,1,0.19236279812584373,58.88399613989571,83,0.0711747792945814,27.211997624352037
crossing,astar,10,10,1,0,36,5,1,0.010216054115451637,90.71999550289624,81,0.08389117033458879,3.509324503901564
crossing,mlp,10,10,1,0,102,5,1,0.01869637765511951,72.83973802654353,240,0.4808014586872593,0.6520391073233137
crossing,gnn,10,10,1,0,65,6,1,0.10127916591639745,127.57047966409958,240,0.3059102306021568,0.9667850895008693
crossing,attention,10,10,1,0,15,2,1,0.18111130776360898,102.17370747251806,240,0.5927639482286157,1.395062976128732
crossing,transformer,10,10,1,0,25,3,1,0.0763888129455995,125.22274558319604,240,0.44187781616470606,1.458570904408892
crossing,orca,10,11,1,0,54,4,1,0.11957424256711578,100.17437030067127,131,0.08329048624705045,0.6369794861107837
crossing,rvo,10,11,1,0,34,5,1,0.06742056923978221,56.44799605931607,85,0.04125021212457672,26.876332035616915
crossing,astar,10,11,1,0,25,4,1,0.038942944387287036,88.47999764094094,79,0.08624930590780219,2.221562033165482
crossing,mlp,10,11,1,0,80,4,1,0.02709052657523418,58.367198607345806,240,0.649229350560639,0.6405936379451305
crossing,gnn,10,11,1,0,53,4,1,0.03449058637126876,140.84001911832306,240,0.34523863941595734,0.9741912285486857
crossing,attention,10,11,1,0,118,4,1,0.028221108277089756,91.691329267169,240,0.5008542049625866,1.398559141671285
crossing,transformer,10,11,1,0,28,3,1,0.0828628140922984,132.33021304421075,240,0.4242682623853356,1.4773971653388192
crossing,orca,10,12,1,0,19,3,1,0.46812784429791254,154.76269679215775,240,0.6173214827519589,0.6381243176292628
crossing,rvo,10,12,1,0,32,5,1,0.03331641513309335,75.87999562568093,102,0.06654241662844637,27.03899761899283
crossing,astar,10,12,1,0,32,5,1,0.040011681453832625,104.15999658195305,93,0.11084229029266879,2.9333771797277595
crossing,mlp,10,12,1,0,75,5,1,0.06023741650524924,76.37652228560339,240,0.6057234282070025,0.6475161023748418
crossing,gnn,10,12,1,0,48,5,1,0.06936686594392544,140.7023578091609,240,0.19780693077431166,1.0090075452656795
crossing,attention,10,12,0,0,42,5,1,0.23235014062361176,77.7283630292988,240,1.2344582913907995,1.4248385016495984
crossing,transformer,10,12,1,0,12,2,1,0.37019911920052445,116.36447444516229,240,0.4470054671651118,1.4930658585702379
crossing,orca,10,13,1,0,37,4,1,0.32293552585862095,177.31297042824514,240,0.2365030796885199,0.6399281206540763
crossing,rvo,10,13,1,0,22,4,1,0.2281056422854049,76.49599624051525,114,0.049057233832260835,26.927885403366464
crossing,astar,10,13,1,0,19,3,1,0.05527623077714075,105.27999623133493,94,0.08233868017699544,3.116456861112346
crossing,mlp,10,13,1,0,70,5,1,0.05791323939341617,78.88093919121631,240,0.4048898221726147,0.6430483888834715
crossing,gnn,10,13,1,0,51,5,1,0.060283690169284344,126.38317652775301,240,0.23988151050091794,0.9790031763259321
crossing,attention,10,13,1,0,18,3,1,0.44765858767506456,86.1558401922568,240,0.6329184030031155,1.4100183616392314
crossing,transformer,10,13,1,0,42,3,1,0.044534627039779257,107.21327586014583,240,0.41236188458260925,1.4793095896796633
crossing,orca,10,14,0,0,8,1,1,0.5904084963373848,137.66235342434854,240,0.674872366961383,0.6416473421268165
crossing,rvo,10,14,1,0,32,5,1,0.13632361871307672,72.74399629508736,99,0.05060418674212808,26.88152218388036
crossing,astar,10,14,1,0,31,5,1,0.003554139445713721,100.7999964009299,90,0.08667504561404626,1.9974443440635998
crossing,mlp,10,14,0,0,204,7,1,0.02891520326465536,68.10395812594182,240,0.824762977348097,0.6484322172279159
crossing,gnn,10,14,1,0,60,5,1,0.013684642053904907,128.62668066643198,240,0.3229867248471908,0.9890007243181268
crossing,attention,10,14,0,0,32,3,1,0.08007565990910341,88.29642657519032,240,0.7669252063723817,1.4141140505671501
crossing,transformer,10,14,0,0,42,4,1,0.2458732314119892,99.08545192318765,240,0.7708855025494274,1.5016990597359836
crossing,orca,10,15,1,0,54,5,1,0.15528604731561618,111.64867745184377,145,0.08512746142458237,0.6338060608711736
crossing,rvo,10,15,1,0,30,5,1,0.17411765568086618,64.31599570569004,94,0.03651282564885193,26.872412479938344
crossing,astar,10,15,1,0,28,5,1,0.07961921625115843,97.43999698129737,87,0.07313047390510148,3.637460820462512
crossing,mlp,10,15,1,0,86,4,1,0.05386478608090819,69.04828879349061,240,0.6031933266160598,0.6473012423763672
crossing,gnn,10,15,1,0,54,5,1,0.09808526817662182,130.33594661525433,240,0.3211688458179887,0.9752909400655577
crossing,attention,10,15,1,0,24,3,1,0.20513315352560643,125.56672011238872,240,0.5429656695177772,1.462352592110013
crossing,transformer,10,15,1,0,42,5,1,0.06159334304569881,128.03490354089539,240,0.4873542895766059,1.4927906721519928
crossing,orca,10,16,1,0,67,4,1,0.11627508016422218,173.65037998895914,227,0.09358471238918524,0.6338398460512119
crossing,rvo,10,16,1,0,24,4,1,0.1313977494924872,49.72799714715833,83,0.03857917051619217,26.760321048772838
crossing,astar,10,16,1,0,30,5,1,0.08861655660377352,72.79999773780467,65,0.1020273316936845,3.9950133158037295
crossing,mlp,10,16,1,0,89,5,1,0.073992399605668,59.15340488457892,240,0.5031923078259342,0.6460111200188597
crossing,gnn,10,16,1,0,78,5,1,0.03217050254740779,143.95826466138476,240,0.5093028955176444,0.9685549710411578
crossing,attention,10,16,1,0,55,4,1,0.08228531845462086,100.78345482368712,240,0.585933456054074,1.4311602494368951
crossing,transformer,10,16,1,0,62,4,1,0.0333355602814631,111.49446665159888,240,0.42616395345487457,1.4820861785362165
crossing,orca,10,17,1,0,43,4,1,0.32922494451885836,156.4410994269414,240,0.5809543315448854,0.6405984633602202
crossing,rvo,10,17,1,0,33,5,1,0.07479914849229861,70.08399594467758,94,0.04552462445396601,26.950490537119357
crossing,astar,10,17,1,0,33,5,1,0.03879284974588699,97.4399966953302,87,0.119982335730398,2.925088286571119
crossing,mlp,10,17,1,0,93,7,1,0.035571314820720026,71.923198872218,240,0.46622956517990594,0.6496802612673491
crossing,gnn,10,17,1,0,62,5,1,0.03109435040880711,121.54414445077329,240,0.36200797627803655,0.983860136087363
crossing,attention,10,17,1,0,46,5,1,0.1466933671375485,97.85281211174545,240,0.5596687895135061,1.4279971791741748
crossing,transformer,10,17,1,0,108,9,1,0.05149889231759085,116.63280315718313,240,0.35809922528056665,1.490764234525462
crossing,orca,10,18,1,0,13,2,1,0.5784397751964621,133.19023282951926,179,0.07051682570416515,0.6438212901062472
crossing,rvo,10,18,1,0,19,3,1,0.13388349236128316,67.87199540216014,93,0.05795398407859753,27.020281135675408
crossing,astar,10,18,1,0,27,5,1,0.06231611746435921,97.43999700464349,87,0.0948085546234958,3.3129126358049352
crossing,mlp,10,18,1,0,96,5,1,0.1363858812616649,65.39967876599398,240,0.6061029019704771,0.6507036062733581
crossing,gnn,10,18,1,0,32,4,1,0.04677619275511236,128.93599869937745,240,0.419896305430531,0.9802031874035796
crossing,attention,10,18,1,0,26,3,1,0.045219732072851265,95.49812543845336,240,0.596857493851374,1.4198439137544483
crossing,transformer,10,18,1,0,56,5,1,0.060236728069914945,93.49209249768637,240,0.5024675674079271,1.4858547016046941
crossing,orca,10,19,1,0,28,4,1,0.5219926073456289,98.40422958188951,136,0.09659267090489822,0.6484697086681777
crossing,rvo,10,19,1,0,34,5,1,0.018326492819142646,61.71199556165691,94,0.0343227312456813,27.413567087236554
crossing,astar,10,19,1,0,21,3,1,0.03712808407389047,96.31999552965515,86,0.07621738615062192,0.9169185826511577
crossing,mlp,10,19,1,0,112,5,1,0.10354412166756348,59.520741149782204,240,0.6399717361175218,0.6649091800985237
crossing,gnn,10,19,1,0,53,5,1,0.20751710008429422,123.46366073598848,240,0.4504900111865216,0.9832717420067638
crossing,attention,10,19,1,0,34,3,1,0.3340921066235392,93.51350193420971,240,0.5031900007939313,1.4040190066831808
crossing,transformer,10,19,1,0,41,4,1,0.09939670530742684,126.11561122698583,240,0.4264685072147526,1.4887337301236887
crossing,orca,20,10,1,0,146,15,1,0.2732303921931682,366.5251174529309,240,0.07399068493627324,1.6275706448747467
crossing,rvo,20,10,1,0,138,23,1,0.05137930802048729,113.79199151315304,80,0.0497810123038621,91.9159435259644
crossing,astar,20,10,1,0,142,21,1,0.054963885481607515,194.879993121567,87,0.07909428018221712,6.520818485396689
crossing,mlp,20,10,1,0,933,25,1,0.03726734833862513,130.248832544298,240,0.5838951315354802,1.1126247971939545
crossing,gnn,20,10,1,0,485,30,1,0.047847516613803515,238.40321706191472,240,0.3754944524366714,1.4392913377378136
crossing,attention,20,10,1,0,524,27,1,0.053606470992410664,229.0700126923623,240,0.45650102149055555,1.8857101657583069
crossing,transformer,20,10,1,0,300,25,1,0.03267670225019394,240.86882398593454,240,0.40212862079503287,1.9449011228668194
crossing,orca,20,11,1,0,100,13,1,0.21584961479405335,244.83478553914244,156,0.06273923626955548,1.6213917048074877
crossing,rvo,20,11,1,0,142,23,1,0.07121098872838405,117.06799333233909,90,0.02830455743581614,91.90737565255
crossing,astar,20,11,1,0,155,20,1,0.01327117695361482,181.43999498568084,81,0.10002419808584764,5.531042279606616
crossing,mlp,20,11,1,0,479,18,1,0.017614389147070787,133.29535402358505,240,0.589404668306359,1.1028368840925395
crossing,gnn,20,11,1,0,341,20,1,0.003249203722015525,251.8402048586949,240,0.35607800729120337,1.43788528512232
crossing,attention,20,11,1,0,564,33,1,0.05743257770517218,204.2729487002177,240,0.4671793330660335,1.8930701558322955
crossing,transformer,20,11,1,0,469,35,1,0.03336364403134124,262.64314772511784,240,0.40421288883675005,1.9603086829495926
crossing,orca,20,12,0,0,115,11,1,0.15179042056037564,315.5933814406075,240,0.6978833439677425,1.6184130179074903
crossing,rvo,20,12,1,0,167,26,1,0.06970989959674864,154.22399236347093,109,0.03850413075492028,91.81014747452845
crossing,astar,20,12,1,0,362,34,1,0.02242180705071617,219.519993188026,98,0.07966986263329887,5.624034912420475
crossing,mlp,20,12,1,0,848,29,1,0.1264162813707114,150.47294738981657,240,0.6312317127996866,1.125059771584347
crossing,gnn,20,12,0,0,471,35,1,0.05127682658273676,229.67268595724659,240,0.709051831259681,1.4791535950886707
crossing,attention,20,12,0,0,640,35,1,0.06964190680173749,191.8686762551893,240,0.9141967540038148,1.9760511311081548
crossing,transformer,20,12,0,0,493,34,1,0.11776294268718236,206.81946194662063,240,1.1577320841802228,1.9815473506848018
crossing,orca,20,13,1,0,94,10,1,0.3204431720639505,370.1785157968501,240,0.0695925708300105,1.6256208589766175
crossing,rvo,20,13,1,0,156,29,1,0.04375951767659348,144.95599143363228,106,0.02845478617839552,92.00184974590984
crossing,astar,20,13,1,0,162,20,1,0.008492144040230288,201.59999362045392,90,0.06046010470205208,6.464890090541707
crossing,mlp,20,13,1,0,782,27,1,0.08349604434660726,140.7888242520736,240,0.5256774309846084,1.1055696309388925
crossing,gnn,20,13,1,0,587,29,1,0.10020864117717504,235.26609859880858,240,0.45140363295201985,1.4910079170173656
crossing,attention,20,13,1,0,748,23,1,0.09878314856760151,207.17475519021517,240,0.5037594182443547,2.0200271159410477
crossing,transformer,20,13,0,0,582,35,1,0.05920425901530299,217.99771565221974,240,0.7997880094680135,1.9651986988416563
crossing,orca,20,14,1,0,93,13,1,0.32381740797094205,331.96941222526607,217,0.060104944752798005,1.6291583673642254
crossing,rvo,20,14,1,0,210,24,1,0.04186182747178625,145.90799244683822,100,0.02610787334780278,91.78748879116029
crossing,astar,20,14,1,0,227,27,1,0.005900703416845797,201.59999453044608,90,0.09689737472874861,5.128733591280049
crossing,mlp,20,14,1,0,876,33,1,0.0074238328302308,141.78592413645373,240,0.4693802409603632,1.1254280242913712
crossing,gnn,20,14,1,0,451,23,1,0.023192741874202016,224.6653275247778,240,0.4003999816075049,1.4683716697618365
crossing,attention,20,14,0,0,581,26,1,0.051457356389297,172.53293538478061,240,0.8433937882141098,1.9195429747924209
crossing,transformer,20,14,0,0,532,28,1,0.017275395080341104,193.63386185586015,240,0.7558975761329,1.9801900547463447
crossing,orca,20,15,1,0,129,16,1,0.18136688864941672,275.4802190500684,181,0.05862661077241943,1.624728681632827
crossing,rvo,20,15,1,0,134,20,1,0.06402302954317055,137.08799059731172,101,0.027653209520548328,91.73737025570752
crossing,astar,20,15,1,0,260,27,1,0.03219112770418645,201.59999211008682,90,0.06767976547265861,6.873658909979794
crossing,mlp,20,15,1,0,628,24,1,0.0436433278643247,141.29912563462977,240,0.6253113843098592,1.1140971308729302
crossing,gnn,20,15,1,0,321,30,1,0.01764482995299798,249.2537028833371,240,0.40041598630719155,1.457627839408815
crossing,attention,20,15,0,0,557,37,1,0.02485446737820958,230.43430118693172,240,0.8325607334154557,1.8814904731698334
crossing,transformer,20,15,1,0,323,28,1,0.03740789760299542,261.9403804189533,240,0.44162103279022585,1.9439310242887586
crossing,orca,20,16,1,0,134,15,1,0.20167399367781896,183.15391601446944,121,0.05714611650172734,1.6493578864769503
crossing,rvo,20,16,1,0,130,18,1,0.058407841928032854,99.7919927204418,80,0.03868817740657855,91.36511692777276
crossing,astar,20,16,1,0,138,22,1,0.0966094784480468,154.55999527583415,69,0.07324104962287911,4.993059274241112
crossing,mlp,20,16,1,0,510,42,1,0.03560417336690514,119.83530262615129,240,0.5720128493089784,1.1001705618885655
crossing,gnn,20,16,1,0,256,26,1,0.049920740445050384,273.70502574498056,240,0.32944501702740514,1.557884047118326
crossing,attention,20,16,1,0,381,22,1,0.007536044956414945,236.12666718095014,240,0.3834974098483407,1.9181481834190588
crossing,transformer,20,16,1,0,519,24,1,0.04823505728021774,246.81953862884026,240,0.32125778246474046,2.0554155053105205
crossing,orca,20,17,1,0,128,12,1,0.3626870756763601,340.2260371504875,240,0.07181977617702778,1.6572901280596852
crossing,rvo,20,17,1,0,175,25,1,0.1033912646645647,137.1999910873872,95,0.040667912641400766,91.95097101558196
crossing,astar,20,17,1,0,282,31,1,0.04677636108971229,194.87999356591845,87,0.07633448715509532,6.273949363579352
crossing,mlp,20,17,1,0,887,35,1,0.0255385181498409,136.67914799308588,240,0.4962081447509809,1.1190902111896623
crossing,gnn,20,17,1,0,593,22,1,0.021904716822676765,226.7856560870858,240,0.47022691681014467,1.4893955395867426
crossing,attention,20,17,0,0,722,26,1,0.09370749858459142,186.63383302745578,240,0.872406631586057,1.9441681914031506
crossing,transformer,20,17,0,0,478,33,1,0.05113280937983582,215.32035036974983,240,0.6512995494255346,1.9730828042762976
crossing,orca,20,18,1,0,95,13,1,0.19232193377840986,234.8407754995412,157,0.06334721784245836,1.652077202252142
crossing,rvo,20,18,1,0,146,23,1,0.035610850971834376,128.01599120789786,98,0.02969962725977615,92.0391287417056
crossing,astar,20,18,1,0,158,26,1,0.018187610462050238,188.15999373508288,84,0.09413707447065198,6.686206779531425
crossing,mlp,20,18,1,0,1075,25,1,0.013417600505853363,138.64219801801747,240,0.51621899846643,1.1029453482478857
crossing,gnn,20,18,1,0,565,33,1,0.014726830250250225,229.86600204721387,240,0.3822941124693649,1.4516985102090985
crossing,attention,20,18,1,0,546,24,1,0.05787626029007984,202.6736624293751,240,0.5325898463353145,1.8636690724330645
crossing,transformer,20,18,1,0,510,28,1,0.03166224832115094,236.79481109662285,240,0.39846233378085155,1.9367372520112742
crossing,orca,20,19,1,0,126,14,1,0.11489006597726813,209.36604059479114,138,0.0685633130643505,1.6383981008244597
crossing,rvo,20,19,1,0,136,20,1,0.0471512738486081,119.36399301585732,96,0.028830150124122718,92.10896478907671
crossing,astar,20,19,1,0,152,22,1,0.005068775410926128,183.6799946704017,82,0.056168082226705295,3.810722227549044
crossing,mlp,20,19,1,0,1024,28,1,0.010767397544030128,134.16904571334967,240,0.5063879130688413,1.152580345903213
crossing,gnn,20,19,1,0,533,27,1,0.027825253429061714,236.6464069757358,240,0.3800852695784965,1.4463824840883415
crossing,attention,20,19,1,0,358,25,1,0.06984505455267496,207.51739634714568,240,0.48710097569910304,1.8829837713080149
crossing,transformer,20,19,1,0,336,29,1,0.06466315603231552,260.01375434159576,240,0.3485121786721893,1.997030076260368
open,orca,5,10,1,0,56,2,1,0.06996241445119565,34.25702469017386,115,0.16897059085940072,0.0692752108949682
open,rvo,5,10,1,0,14,2,1,0.022684677276003363,28.335997774743063,77,0.1358132426458944,6.407437059883174
open,astar,5,10,1,0,2,1,1,0.6622738048362639,34.943998819198505,78,0.1374864498636547,0.10870786932989573
open,mlp,5,10,1,0,15,1,1,0.4148777874307703,27.83482095809318,240,0.22192731095996598,0.18225795938633382
open,gnn,5,10,1,0,16,2,1,0.1678548747304627,41.0056051286618,240,0.5939792492546492,0.5125751524853209
open,attention,5,10,0,0,8,2,1,0.10237068289700657,32.46437049797559,240,0.7132608762272673,0.9775284367303053
open,transformer,5,10,0,0,11,2,1,0.13614433413290367,103.5125823843344,240,0.7222660933851283,1.0007100587245077
open,orca,5,11,1,0,55,2,1,0.07029491102162534,29.986075797570596,103,0.16922908684892188,0.07013251860309573
open,rvo,5,11,1,0,12,2,1,0.153165960422175,24.751998200547064,68,0.12384025255511037,6.351851570584318
open,astar,5,11,1,0,6,1,1,0.37853202572357936,30.91199880816976,69,0.11806432813721841,0.1060748810245507
open,mlp,5,11,1,0,28,2,1,0.0428072004992894,24.237632486221464,219,0.23601017320526108,0.17910392010865145
open,gnn,5,11,1,0,13,2,1,0.0938977601911705,27.874467178970143,240,0.5764254510262231,0.5015445834336182
open,attention,5,11,0,0,0,0,0,1.6102634615716893,31.384341313214982,240,0.7406061327038971,0.9247330890502781
open,transformer,5,11,0,0,15,2,1,0.23959380998895463,99.58892068612079,240,0.7659053239459872,1.025313276719923
open,orca,5,12,1,0,53,2,1,0.07211327359118527,35.64807591392544,118,0.15501285012444493,0.06911013733153626
open,rvo,5,12,1,0,4,1,1,0.5738771371173422,29.455997547080504,80,0.1351229020100752,6.496622069971636
open,astar,5,12,1,0,12,2,1,0.24791947852447602,36.735998620844335,82,0.10264704207042508,0.12752729490762804
open,mlp,5,12,1,0,17,1,1,0.34289920991142897,28.899004540071683,240,0.25659127437133666,0.18253768212161958
open,gnn,5,12,1,0,13,2,1,0.3953969448493599,37.69597515094473,240,0.5851699880335468,0.5155214962239066
open,attention,5,12,0,0,0,0,0,0.9209202088075208,35.889431531531194,240,0.7203737673908529,0.9364044138540825
open,transformer,5,12,0,0,9,2,1,0.46440273648456226,93.39151757208957,240,1.013970950150767,1.055872723615418
open,orca,5,13,1,0,57,2,1,0.06659903467473846,38.9125611024736,128,0.13659699341426387,0.07014091897872277
open,rvo,5,13,1,0,3,1,1,0.6227195215722454,32.031998447846014,87,0.12150973557689564,6.336030700169076
open,astar,5,13,1,0,6,1,1,0.4101336157366988,39.42399849852236,88,0.12656374016361002,0.09705303025177935
open,mlp,5,13,1,0,28,2,1,0.07730361538436048,31.191371417170465,240,0.2835248137185001,0.18283247093980512
open,gnn,5,13,1,0,17,2,1,0.060569185004969835,43.16868673233968,240,0.5987545308579477,0.5786250170785934
open,attention,5,13,0,0,8,2,1,0.5399183604040139,37.11406198844046,240,0.6983181849316373,1.0069721145555377
open,transformer,5,13,0,0,12,2,1,0.2720222458989571,95.48080237298659,240,1.0198943172428032,1.0787001655747492
open,orca,5,14,1,0,55,2,1,0.06959964675602462,37.431723794826645,123,0.12661067321123765,0.09005503516977395
open,rvo,5,14,1,0,4,1,1,0.5732218250001679,30.46399844150262,83,0.11767866220568939,6.605929532368858
open,astar,5,14,1,0,11,2,1,0.40067352038839243,38.07999873298887,85,0.12196437582767646,0.11189270983724033
open,mlp,5,14,1,0,29,2,1,0.041791865703796054,29.696040011865676,240,0.27294807427687673,0.18364975694566965
open,gnn,5,14,1,0,17,2,1,0.1530950556008241,42.19134515944531,240,0.597467797533956,0.5228422834382703
open,attention,5,14,0,0,0,0,0,1.0537988987843971,36.175132683124225,240,0.7162169095091342,0.9169396129436791
open,transformer,5,14,0,0,12,2,1,0.320430040428829,95.38702028951184,240,1.0080095591650038,0.9937005932442844
open,orca,5,15,1,0,56,2,1,0.0660112076609494,31.71435251874595,108,0.17443693845680644,0.06982685860108447
open,rvo,5,15,1,0,8,2,1,0.4767856212193601,26.375998144477713,72,0.12269532888871451,6.346828802230044
open,astar,5,15,1,0,10,2,1,0.2899068108950289,32.25599906754369,72,0.11661737467162252,0.11253368575125933
open,mlp,5,15,1,0,21,2,1,0.2661709379139485,26.0216819165939,240,0.2243568501201627,0.1833536933797101
open,gnn,5,15,1,0,12,2,1,0.1989926023016221,33.11069699677836,240,0.5792828756717737,0.5220412470710775
open,attention,5,15,0,0,0,0,0,1.0066637831112784,30.141847664987786,240,0.7580041734744657,0.9338063886389136
open,transformer,5,15,0,0,0,0,0,1.287387861794836,97.40682570424443,240,0.8172537362111191,1.018725448132803
open,orca,5,16,1,0,54,2,1,0.07492238433850858,28.307333152181915,98,0.1345340766985327,0.07107496090537431
open,rvo,5,16,1,0,9,2,1,0.3655358400026137,23.239998146038783,63,0.12619345663741477,6.343374368808572
open,astar,5,16,1,0,11,2,1,0.3060810135313153,29.567998961524722,66,0.1005778830702769,0.11081874342353056
open,mlp,5,16,1,0,21,2,1,0.18241605701855065,22.706390460220994,199,0.263313109051177,0.18695576219402965
open,gnn,5,16,1,0,14,2,1,0.07436650662533599,31.27484576974925,240,0.5827128835332156,0.5095420347061008
open,attention,5,16,0,0,0,0,0,1.0744746878913978,28.626420761294792,240,0.753506169291108,0.9202688311537107
open,transformer,5,16,0,0,10,2,1,0.3048149684209838,97.10617439241236,240,0.8780960567842626,0.9941628066978107
open,orca,5,17,1,0,55,2,1,0.07471713882564347,36.34876822591931,120,0.16085261177243435,0.06950322228173415
open,rvo,5,17,1,0,12,2,1,0.08233184513475354,29.67999878940977,82,0.10281262049282143,6.341276412102871
open,astar,5,17,1,0,11,2,1,0.40511573213207275,36.28799902584459,81,0.15523152567826765,0.08090800479238416
open,mlp,5,17,1,0,30,2,1,0.13594329299711527,29.159969253943622,240,0.2668402561118982,0.1818699820432812
open,gnn,5,17,1,0,18,2,1,0.029022770970747173,42.89225520640612,240,0.5995381878418573,0.5402024156258752
open,attention,5,17,0,0,0,0,0,0.8182127891390865,35.45245397876134,240,0.7072420730189957,0.9252235914270083
open,transformer,5,17,0,0,13,2,1,0.25613498310751615,95.08805370826299,240,1.0208352941443708,1.014376967214048
open,orca,5,18,1,0,52,2,1,0.08159625147243557,37.746773414115204,123,0.13162372418738633,0.07491955548767151
open,rvo,5,18,1,0,13,2,1,0.1888087074843401,31.191998147987253,85,0.10940340108170218,6.4033790381954
open,astar,5,18,1,0,5,1,1,0.4024769601580217,38.5279984108593,86,0.14112058736335822,0.11895863924088866
open,mlp,5,18,1,0,24,2,1,0.3827969714688556,30.20846645935788,240,0.26678715595044517,0.1882438431493938
open,gnn,5,18,1,0,17,2,1,0.1634574166791571,46.87885612751307,240,0.6146821115292875,0.5133731387710819
open,attention,5,18,0,0,11,2,1,0.06699663035193845,37.95167331570464,240,0.6975735845090242,0.9295202326029539
open,transformer,5,18,0,0,13,2,1,0.1079783341454083,93.82752464957495,240,1.018517779967664,1.1321969136285286
open,orca,5,19,1,0,55,2,1,0.0664251899357214,37.602546935690256,124,0.16926832498137906,0.0701962947665203
open,rvo,5,19,1,0,7,2,1,0.5307094038762425,30.799997611357327,84,0.12314524409601535,6.432371241750107
open,astar,5,19,1,0,6,1,1,0.3570384401859757,38.97599883683475,87,0.14130773708015693,0.12953388879353972
open,mlp,5,19,1,0,19,2,1,0.4277594128778208,30.138009829223694,240,0.2608340828481709,0.18955239405234656
open,gnn,5,19,1,0,17,2,1,0.16412605548618125,45.699454365010034,240,0.6140962990827468,0.5519584383970747
open,attention,5,19,0,0,6,1,1,0.2596742981030801,38.20420742336845,240,0.705673285743222,0.9828780447908988
open,transformer,5,19,0,0,14,2,1,0.052999215761722805,94.72587279241513,240,1.0172133527600777,1.0779002176908155
open,orca,10,10,1,0,87,5,1,0.08166888108345392,93.54255859245579,114,0.07503271722572553,0.20646255283632822
open,rvo,10,10,1,0,18,4,1,0.2200344013162067,57.1199959109903,77,0.05764005710239826,22.256575996515814
open,astar,10,10,1,0,12,2,1,0.09370263567389917,86.23999706133938,77,0.09607463149995206,0.19500224379363
open,mlp,10,10,1,0,91,5,1,0.09270468835573768,56.81267999807732,230,0.2158371021567845,0.1853080992789372
open,gnn,10,10,0,0,52,5,1,0.1687575057002681,237.9555646836085,240,1.5748363605545328,0.5098869170372685
open,attention,10,10,0,0,26,4,1,0.07883951292225387,76.47704563519447,240,0.7318900683293028,0.9815315599553287
open,transformer,10,10,0,0,30,5,1,0.05130975094487105,196.6047036349521,240,1.0564661619128788,1.062536637376373
open,orca,10,11,1,0,87,5,1,0.07617068690993416,91.60798982087876,112,0.07713348148894658,0.23473389696196786
open,rvo,10,11,1,0,34,5,1,0.06742056923978221,55.943995926233484,76,0.05756541122264276,22.12852824748935
open,astar,10,11,1,0,14,2,1,0.038942944387287036,85.11999767754182,76,0.09511001621798047,0.20673429274833516
open,mlp,10,11,1,0,107,5,1,0.09330476767108493,53.63924097994815,240,0.21804632421157238,0.1875618181657046
open,gnn,10,11,0,0,41,5,1,0.41098785305605223,240.25593568471442,240,1.0428177564562922,0.5369384307414293
open,attention,10,11,0,0,12,2,1,0.1650737294905826,66.99057348747608,240,0.7444965852922587,0.9619519754778594
open,transformer,10,11,0,0,38,4,1,0.1851876759203329,185.329785095576,240,1.052166652395358,1.0573672247119248
open,orca,10,12,1,0,69,5,1,0.1425365733565282,100.63667861241667,119,0.10005128994310879,0.21640759571885862
open,rvo,10,12,1,0,32,5,1,0.10147948158869138,67.5359959325605,91,0.07113147729045498,22.13230702493872
open,astar,10,12,1,0,16,3,1,0.4120816070961475,104.15999635862521,93,0.10267219378945942,0.21905229196593326
open,mlp,10,12,1,0,89,5,1,0.10832555490505734,67.87764984570657,240,0.27204870187642566,0.18760812235996127
open,gnn,10,12,0,0,48,7,1,0.5615061376693161,247.07069675490118,240,1.2598587085622026,0.5106880969833583
open,attention,10,12,0,0,57,7,1,0.02594728274395795,82.463659547337,240,0.7266432307359695,0.9332559420727193
open,transformer,10,12,0,0,36,5,1,0.06775468004559872,198.2436016871846,240,0.8727221572061434,1.0603093289925407
open,orca,10,13,1,0,79,5,1,0.12889092115721196,103.57899976088194,124,0.08732477147227755,0.20313765778536758
open,rvo,10,13,1,0,20,5,1,0.37924966123930415,66.02399568859421,89,0.07011798891077925,22.087042471080014
open,astar,10,13,1,0,24,4,1,0.08380396257677415,104.15999535154202,93,0.11404923391036885,0.24511637066000252
open,mlp,10,13,1,0,83,5,1,0.192742698965028,65.88150010028774,240,0.2542382242743246,0.18985132919624448
open,gnn,10,13,0,0,68,8,1,0.2732552830947412,243.7537934296551,240,1.4191460769376838,0.5204787477850914
open,attention,10,13,0,0,34,5,1,0.09431757740177273,85.13701077028489,240,0.710380518270318,0.9667023861159881
open,transformer,10,13,0,0,32,5,1,0.07586335962652499,190.67341220875335,240,1.0575491215459192,1.0986810666508973
open,orca,10,14,1,0,76,5,1,0.12223546175697798,96.04094387656485,115,0.09991209293984196,0.20574749163959338
open,rvo,10,14,1,0,29,5,1,0.12215412679930546,64.90399608524166,88,0.05631715343681103,22.091877313373104
open,astar,10,14,1,0,17,3,1,0.3971016009636442,98.55999661318188,88,0.10830607900824632,0.21711001384326004
open,mlp,10,14,1,0,102,5,1,0.19270130626341425,64.54400691442103,240,0.2520772742448339,0.18614860406766334
open,gnn,10,14,0,0,66,7,1,0.1053037594184513,241.62582519764544,240,1.3071890548188343,0.5158871431679776
open,attention,10,14,0,0,41,7,1,0.15307415321147302,85.01216772550725,240,0.7067621177518053,0.9462646868390342
open,transformer,10,14,0,0,34,5,1,0.08085267188787637,201.01701419881874,240,0.8683517318283294,1.0208412558616449
open,orca,10,15,1,0,79,5,1,0.07605911990650838,101.86693310571792,122,0.11450901825428061,0.20310591875773962
open,rvo,10,15,1,0,29,5,1,0.17411765568086618,61.87999549140056,84,0.056891937829139774,22.245490496667724
open,astar,10,15,1,0,12,2,1,0.07961921625115843,94.07999638086036,84,0.12701560964947545,0.27011516725733165
open,mlp,10,15,1,0,80,4,1,0.026311012424633427,59.36903409404719,240,0.24803372706592602,0.18813887921472391
open,gnn,10,15,0,0,24,10,1,0.24434982537867259,244.08842268264738,240,1.0057196683862006,0.5206564712959031
open,attention,10,15,0,0,51,7,1,0.031298023721860996,75.70830673675914,240,0.7385276502435528,0.9530233529706796
open,transformer,10,15,0,0,42,5,1,0.2699575068096896,197.88311114763158,240,0.8490388994791754,1.0393510611417394
open,orca,10,16,1,0,101,5,1,0.07178799882057176,80.45899312633956,102,0.06832050519750626,0.2036753804514221
open,rvo,10,16,1,0,30,5,1,0.1313977494924872,48.99999717965889,66,0.06592342935928645,22.194265246842846
open,astar,10,16,1,0,30,5,1,0.32005387134833846,75.03999775789555,67,0.11720511350199334,0.18955038777038233
open,mlp,10,16,1,0,122,5,1,0.07825715100899786,47.1521123052652,213,0.2357141604122726,0.1940132980125611
open,gnn,10,16,0,0,53,5,1,0.11488711439812162,244.940076659294,240,0.961242242678043,0.5298806490221372
open,attention,10,16,0,0,25,4,1,0.1966792722143678,66.82958282726479,240,0.740557622447454,0.9511797436668227
open,transformer,10,16,0,0,49,6,1,0.0620115919168501,181.6065243240284,240,1.0486672963718675,1.051941766248395
open,orca,10,17,1,0,73,5,1,0.1397255175788163,94.6395983961723,113,0.11080510898215945,0.20717670811356698
open,rvo,10,17,1,0,31,5,1,0.13165654417461606,63.05599575098267,85,0.0638212635963886,22.18887046636904
open,astar,10,17,1,0,31,5,1,0.044629757701256455,96.319996183069,86,0.11665946633438669,0.20249935711712339
open,mlp,10,17,1,0,99,5,1,0.18487869594867415,62.89903500185171,240,0.24382018921099405,0.18656301350953677
open,gnn,10,17,0,0,77,8,1,0.12394907111552524,243.2378253223167,240,1.4080047586188058,0.5141627470341822
open,attention,10,17,0,0,32,6,1,0.18275081615983493,84.69265098243427,240,0.7069572964751307,1.005521573824808
open,transformer,10,17,0,0,34,5,1,0.07066550991673365,190.0279007258532,240,1.0597996930965792,1.0644814232364297
open,orca,10,18,1,0,68,5,1,0.17656087101915097,94.74987630299763,112,0.09669751553073269,0.20419850313503826
open,rvo,10,18,1,0,12,2,1,0.3010935077062416,61.93599530814389,83,0.07794434065293403,22.183925917663846
open,astar,10,18,1,0,23,5,1,0.1364505883834145,95.19999671214686,85,0.07908956797699486,0.25323763599290566
open,mlp,10,18,1,0,88,4,1,0.17560184847145163,66.86753252676354,240,0.2355720706598654,0.1930148903435717
open,gnn,10,18,0,0,59,7,1,0.29098480632621776,244.33344128806152,240,1.4063654350868813,0.524774925240005
open,attention,10,18,0,0,30,5,1,0.14892705392878983,80.40518689230211,240,0.7196078998140532,0.9561769140418619
open,transformer,10,18,0,0,32,5,1,0.09294688798311332,194.40608458641515,240,1.0562874540534488,1.035977735106523
open,orca,10,19,1,0,79,5,1,0.08330544683356857,100.25061835864399,120,0.0826164263535746,0.2021905810882648
open,rvo,10,19,1,0,34,5,1,0.07779635810757121,60.8159954543316,83,0.061328329654014836,22.181396215525737
open,astar,10,19,1,0,14,2,1,0.04090142605735825,92.9599956815247,83,0.09913421138124785,0.22434090342686838
open,mlp,10,19,1,0,80,4,1,0.15435650382667016,60.81522684788946,240,0.21667826975938373,0.18912546414261064
open,gnn,10,19,0,0,59,7,1,0.2213405716627016,240.28262642423198,240,1.6086150705512297,0.5151186118988941
open,attention,10,19,0,0,32,5,1,0.11924680946749801,79.53169698678947,240,0.7211635318812835,0.9418447269126773
open,transformer,10,19,0,0,29,5,1,0.12569454627214383,196.952734578899,240,0.989914029621298,1.0080234264023602
open,orca,20,10,1,0,148,14,1,0.19703040345096004,163.98638951213704,107,0.08653181108900489,0.7731480758950532
open,rvo,20,10,1,0,124,22,1,0.11469835021628028,110.71199115451081,74,0.07484244699678642,82.45369408128632
open,astar,20,10,1,0,119,21,1,0.054963885481607515,167.99999386366378,75,0.11414768966872399,0.4402480957408746
open,mlp,20,10,1,0,642,24,1,0.01823363419445868,108.26191505245586,220,0.23189423691962005,0.20426040811633522
open,gnn,20,10,0,0,264,24,1,0.02718879079944655,473.1267564184952,240,1.5460775295870706,0.5407547617020706
open,attention,20,10,0,0,338,24,1,0.10030075200677087,148.60532334612785,240,0.7380796354205352,1.024579272295038
open,transformer,20,10,0,0,201,21,1,0.04829664505563364,386.2734143268162,240,0.989164401665143,1.1112368665635586
open,orca,20,11,1,0,108,17,1,0.21681245021558257,175.08201302512776,110,0.06943279996167151,0.7693112277510491
open,rvo,20,11,1,0,136,22,1,0.07121098872838405,113.79199318448879,77,0.06746196123457347,82.20434874030096
open,astar,20,11,1,0,134,18,1,0.011333327160345531,170.23999559699504,76,0.07075734508902247,0.29851300764436783
open,mlp,20,11,1,0,681,24,1,0.04207564349181419,109.80781239917722,240,0.22812477566202446,0.20478200749494135
open,gnn,20,11,0,0,238,43,1,0.08166738728955363,474.5296925577399,240,0.8979647969439888,0.5448128678835928
open,attention,20,11,0,0,152,21,1,0.03441840407015526,142.9060436182422,240,0.7387484960969749,0.9946626048379889
open,transformer,20,11,0,0,310,25,1,0.006626194180395196,392.4578525991606,240,0.8724258508269939,1.1198694972942274
open,orca,20,12,1,0,162,17,1,0.16657767873458085,232.06356261364442,145,0.068945859791287,0.768039555385195
open,rvo,20,12,1,0,170,25,1,0.03535597987375098,137.31199278860234,93,0.063055256938329,82.13112869309963
open,astar,20,12,1,0,258,27,1,0.009348194921891104,206.0799923165201,92,0.11420919352446113,0.38685774653340166
open,mlp,20,12,1,0,748,25,1,0.05010707362248364,134.23909190476007,240,0.28100572370896615,0.20471593791929385
open,gnn,20,12,0,0,506,36,1,0.043071314946700086,457.3662410265684,240,1.264898977286965,0.5474121309816837
open,attention,20,12,0,0,263,29,1,0.0742392630575719,180.33435138672854,240,0.7053650112004151,0.9766640413242081
open,transformer,20,12,0,0,197,24,1,0.05198887008873043,398.96602136758105,240,0.8795123258623093,1.0548453855638702
open,orca,20,13,1,0,127,17,1,0.21423291978914666,199.82781791339067,122,0.1091700819272988,0.8071537747918094
open,rvo,20,13,1,0,150,25,1,0.07799182886399897,128.91199105097644,87,0.06218727357557231,82.5319254621007
open,astar,20,13,1,0,144,20,1,0.09820230175231098,194.87999349808314,87,0.10840112063799856,0.5101180881604381
open,mlp,20,13,1,0,648,28,1,0.06124209619314515,129.63384309616873,240,0.2402938336527331,0.2112953302760919
open,gnn,20,13,0,0,425,35,1,0.013397390703797031,477.34650146010904,240,1.51512223646534,0.5636218294966966
open,attention,20,13,0,0,263,25,1,0.05536969469231448,166.56603971388625,240,0.724371868554614,0.9977844854195913
open,transformer,20,13,0,0,175,21,1,0.04510044188966357,388.6385823205168,240,0.9897620585049648,1.055244302066664
open,orca,20,14,1,0,134,17,1,0.1818529789780166,215.02118754284535,133,0.07552227574456341,0.7785943553860026
open,rvo,20,14,1,0,163,23,1,0.1345771980936555,128.01599134519708,86,0.05667661385508153,82.77865138641278
open,astar,20,14,1,0,171,25,1,0.02537121922987669,194.8799929469321,87,0.09062016160325723,0.4682720735155303
open,mlp,20,14,1,0,697,27,1,0.03446873644211347,127.58675287596087,240,0.2464927351210573,0.20479699596762657
open,gnn,20,14,0,0,564,40,1,0.04592747312769403,476.39201078402766,240,1.50678282211218,0.5451512037931631
open,attention,20,14,0,0,234,25,1,0.02748199037734632,167.67190650845842,240,0.7127356184311014,0.985627268285801
open,transformer,20,14,0,0,164,21,1,0.010812773185158662,406.7055576277041,240,0.8846420195083746,1.0524565256976832
open,orca,20,15,1,0,163,17,1,0.19525064036790016,213.5684094580926,133,0.09565073827784548,0.767056595646125
open,rvo,20,15,1,0,142,22,1,0.020365632030760843,126.61599003967174,86,0.06012277790123888,82.3366121594729
open,astar,20,15,1,0,140,22,1,0.06303243975385528,197.1199931704203,88,0.09221587641148019,0.5232673350044272
open,mlp,20,15,1,0,756,23,1,0.010836694618181762,124.33107563292099,240,0.2603774079377289,0.2055926500664403
open,gnn,20,15,0,0,334,33,1,0.023726524121832515,472.38790838787537,240,1.1903293439435692,0.5555060342885554
open,attention,20,15,0,0,327,27,1,0.013726288654471808,157.82996026075662,240,0.728840223774602,0.9613506457147499
open,transformer,20,15,0,0,178,24,1,0.06196577024808853,373.3522803799557,240,1.0575750060629754,1.0373119187230866
open,orca,20,16,1,0,164,14,1,0.20280606978172397,136.1378225064116,95,0.0914549171550006,0.7804358966256443
open,rvo,20,16,1,0,130,18,1,0.058407841928032854,98.83999226174363,67,0.06616068954257162,82.63426818259394
open,astar,20,16,1,0,136,22,1,0.0966094784480468,154.55999459443234,69,0.0926087755962884,0.44083218022749043
open,mlp,20,16,1,0,730,18,1,0.03501677902812549,95.40943929259394,226,0.22204615141574796,0.21031731945685053
open,gnn,20,16,0,0,225,23,1,0.05274011924130799,460.45009743123984,240,1.4266333854948052,0.5906603124458343
open,attention,20,16,0,0,287,22,1,0.07179247996579463,128.45524761743044,240,0.7414386449504933,1.0536659489541005
open,transformer,20,16,0,0,270,22,1,0.017328467575826685,391.34815828749515,240,0.8519168903963242,1.126098952954635
open,orca,20,17,1,0,135,17,1,0.1928407328360141,206.9238594942491,129,0.08138129703457764,0.772369036436543
open,rvo,20,17,1,0,158,22,1,0.05566073310864509,123.03199077527135,83,0.0508144667408998,82.42163927215769
open,astar,20,17,1,0,142,28,1,0.11135853655534568,188.1599920626796,84,0.08848168379604252,0.4681877603399612
open,mlp,20,17,1,0,740,30,1,0.04330261638186405,124.5372931948771,240,0.2361416671006593,0.20668551636238894
open,gnn,20,17,0,0,544,39,1,0.021397725216754645,478.08303549841696,240,1.5174006612627324,0.5557888672531893
open,attention,20,17,0,0,238,25,1,0.022388515478360557,163.50721584549476,240,0.717176215230141,1.0484147060196847
open,transformer,20,17,0,0,167,20,1,0.031586282688139844,411.60516114528787,240,0.8752616906063505,1.1024110290842752
open,orca,20,18,1,0,135,17,1,0.2281611290637237,190.58807477724608,118,0.07454203633785694,0.7698674749393585
open,rvo,20,18,1,0,138,20,1,0.09251397878806318,118.43999145244288,80,0.0661113564745031,83.29660278977826
open,astar,20,18,1,0,151,25,1,0.018187610462050238,179.1999947650726,80,0.10699571317563358,0.4443315148819238
open,mlp,20,18,1,0,684,25,1,0.07075158641100292,119.8272582000967,240,0.21140148049346089,0.21029317673916617
open,gnn,20,18,0,0,388,27,1,0.0713715844983767,479.425288416352,240,1.516378191445523,0.583561808646967
open,attention,20,18,0,0,241,25,1,0.10043662433663783,156.3183543759668,240,0.7241178199762164,1.0689030459616333
open,transformer,20,18,0,0,179,29,1,0.0391164211881503,414.5442138988533,240,0.8663731091257046,1.0998420766554773
open,orca,20,19,1,0,123,17,1,0.23236833637323612,180.47904806768096,112,0.07586944707439286,0.7737171212543866
open,rvo,20,19,1,0,124,18,1,0.0471512738486081,114.12799304602412,77,0.060520701419722045,82.28878133216655
open,astar,20,19,1,0,136,22,1,0.008009846570947063,170.23999511502595,76,0.08800632252041272,0.3363928316455138
open,mlp,20,19,1,0,669,25,1,0.07309814555330414,116.9647860856041,237,0.2060079390350634,0.20698743836977815
open,gnn,20,19,0,0,341,27,1,0.06248395414498688,471.60220987341006,240,1.3493354784356555,0.5815533280838281
open,attention,20,19,0,0,246,24,1,0.008270690937254773,152.1757565212156,240,0.7322169129373732,1.029296232930695
open,transformer,20,19,0,0,190,23,1,0.07728091572837686,392.4656579949285,240,0.9853770694204907,1.102627513076489
random,orca,5,10,1,0,22,2,1,0.34629537134152116,56.03608965893617,129,0.10234030654622225,0.292342073146918
random,rvo,5,10,1,0,6,1,1,0.11998517337574026,27.6079984977151,99,0.1363378903614168,8.720705774847907
random,astar,5,10,1,0,11,2,1,0.40031424627473533,44.799997621481396,100,0.14114791095787016,0.3093797992914915
random,mlp,5,10,1,0,50,2,1,0.09190202721593409,34.61607945995807,240,0.5920055097304697,0.42086695320904255
random,gnn,5,10,1,0,24,2,1,0.13775926884652093,56.66495835940589,240,0.4852153250744344,0.757800975892072
random,attention,5,10,0,0,21,2,1,0.06323564657373072,33.020620240675925,240,0.8098049623396563,1.1993286801346887
random,transformer,5,10,1,0,4,1,1,0.6399028197227115,53.79965824606166,240,0.4376995787331871,1.2956633620585005
random,orca,5,11,1,0,35,2,1,0.07329364319532361,21.91806948816742,58,0.17281345371808846,0.2934574390408294
random,rvo,5,11,1,0,13,2,1,0.06248837284079589,16.46399893288432,43,0.13784300517598233,8.643753718324872
random,astar,5,11,1,0,12,2,1,0.0004348901223425712,19.26399957336686,43,0.18343583684628845,0.2717371531870476
random,mlp,5,11,1,0,48,2,1,0.028290448795272323,17.296142440108767,240,0.6235435288864245,0.42873794639793533
random,gnn,5,11,1,0,30,3,1,0.05857765855804349,59.317095094701514,240,0.5776829458565931,0.7522570570775619
random,attention,5,11,0,0,6,1,1,0.1603198217299642,32.15462122196353,240,0.9960583996895529,1.2109522746565442
random,transformer,5,11,1,0,14,2,1,0.2582102987126926,57.42214918971922,240,0.30673209746862884,1.2583474454004318
random,orca,5,12,1,0,30,1,1,0.05926085109300446,49.35092143381082,127,0.10072425768008605,0.3358443106311982
random,rvo,5,12,1,0,12,2,1,0.043379462242737296,23.659998216630044,94,0.13652876982983658,8.661210309079987
random,astar,5,12,1,0,6,1,1,0.08683740836059806,43.45599941959184,97,0.09149431171277674,0.4508608433696413
random,mlp,5,12,1,0,158,25,1,0.0013419566405065866,41.46846604811343,240,0.4554631611087043,0.4308070444191496
random,gnn,5,12,1,0,28,2,1,0.19370099030247132,78.31455735720907,240,0.37704743142452785,0.7432144911338886
random,attention,5,12,0,0,186,4,1,0.2013983187673339,29.60810038114734,240,0.6900038269766942,1.1731924411530297
random,transformer,5,12,1,0,24,2,1,0.17161852784494608,42.22187529189498,240,0.2901221583138967,1.2483230462142576
random,orca,5,13,1,1,0,0,0,0.7373644499409863,34.46261230639047,86,0.13646208770571838,0.2930780634457289
random,rvo,5,13,1,0,10,2,1,0.200220447073382,25.92799831133928,68,0.07190334681745934,8.67257681538296
random,astar,5,13,1,0,13,2,1,0.09502953842413647,30.46399927312245,68,0.11850571667630125,0.5403770106461119
random,mlp,5,13,1,0,23,2,1,0.10570490510341866,29.37648290691589,240,0.47601039302004355,0.4185156508659323
random,gnn,5,13,1,0,16,2,1,0.08914116203760421,40.94410051628905,240,0.5439581394703904,0.7583459664601833
random,attention,5,13,1,0,11,1,1,0.5590704191273612,31.817225964023386,240,0.5853652898305441,1.1742884545431782
random,transformer,5,13,0,0,9,1,1,0.17895112152226994,33.57672536697496,240,1.1322876761171192,1.2582058358627062
random,orca,5,14,1,0,42,3,1,0.5198793163207084,36.82708296503311,98,0.13664959951374372,0.2978637063761755
random,rvo,5,14,1,0,37,4,1,0.03505443936675244,26.347998281031536,58,0.15157925400974695,8.798618399505985
random,astar,5,14,1,0,35,4,1,0.19399298827973138,26.879998968432762,60,0.1252876489410103,0.43943583344419795
random,mlp,5,14,1,0,80,4,1,0.06674974832620208,29.29606381872113,240,0.3626035814111599,0.42151742381975055
random,gnn,5,14,1,0,50,4,1,0.06610454194406407,62.94097333722901,240,0.4830910423380902,0.7578855069975058
random,attention,5,14,1,0,16,3,1,0.4632190537414759,44.89246259433781,240,0.5810101707140347,1.2338495386453967
random,transformer,5,14,1,0,11,2,1,0.6676343119263081,30.93989266007138,144,0.2757644603291856,1.3195092679880973
random,orca,5,15,0,0,9,1,1,0.5266542047348666,70.12481820710411,240,2.518550913979252,0.2981726817476253
random,rvo,5,15,0,0,2,1,1,0.6908589997305155,32.39599861072792,240,2.550536639901958,8.788074754799405
random,astar,5,15,1,0,25,3,1,0.06888376554257439,46.14399829189898,103,0.14400088817633164,0.7077151122819452
random,mlp,5,15,0,0,20,2,1,0.07198426524933525,47.64621369579804,240,1.2342609829997762,0.4163264316351463
random,gnn,5,15,1,0,29,3,1,0.3302420810410023,66.64341775243841,240,0.546463838826756,0.7451894654271504
random,attention,5,15,0,0,67,1,1,0.5243415953051174,50.95237824853892,240,0.8887835461124526,1.1716812577409048
random,transformer,5,15,1,0,13,2,1,0.5717730979766837,55.53699449326896,240,0.3763591566978276,1.2490359309595078
random,orca,5,16,1,1,0,0,0,0.9267396899645801,92.84473801035654,240,0.28751163489090087,0.29587695995966595
random,rvo,5,16,1,0,37,5,1,0.19849552953265687,38.55599713999876,117,0.07243805616659928,8.693731939181303
random,astar,5,16,1,0,25,4,1,0.2553017647974782,51.51999836611402,115,0.08960905893475153,0.5242286492948947
random,mlp,5,16,1,0,68,5,1,0.1579232802527776,43.97318070239014,240,0.4350440898397349,0.4408779515263935
random,gnn,5,16,0,0,64,3,1,0.32762938784079076,45.609905743021756,240,0.7240311259496334,0.7533667279252162
random,attention,5,16,0,0,5,1,1,0.6571005836940093,43.14501200641331,240,1.0775461169697444,1.1743724811822176
random,transformer,5,16,1,0,22,2,1,0.05753608824986016,47.330747661173255,240,0.3881199114195022,1.2915316290066887
random,orca,5,17,1,0,13,1,1,0.3440766913248014,51.27253077446808,117,0.10893537193678804,0.28974769047947013
random,rvo,5,17,1,0,11,2,1,0.16134079782104185,31.443997728045158,92,0.12541914111103583,8.750995099746987
random,astar,5,17,1,0,2,1,1,0.6744410655186998,41.663998541018316,93,0.1544233336587098,0.47994785571611054
random,mlp,5,17,0,0,23,2,1,0.3023759061575462,37.04418190144487,240,0.6929855917095048,0.4252171454330285
random,gnn,5,17,1,0,9,1,1,0.1943032163079586,51.659001094024404,240,0.5429029669236201,0.7644363407356044
random,attention,5,17,1,1,0,0,0,1.05157962316237,44.62667472345599,240,0.32928973783631127,1.2006808169341336
random,transformer,5,17,1,0,8,1,1,0.4428163865637559,56.80274858466597,240,0.2949234228455114,1.3154030641696106
random,orca,5,18,1,0,11,2,1,0.5256665683842179,42.46414575738173,131,0.10655219941761969,0.2875815835276633
random,rvo,5,18,1,0,11,2,1,0.04853655738471074,31.16399815519539,100,0.11377843994642198,8.758501373231411
random,astar,5,18,1,0,14,4,1,0.10702103539528955,43.007999048529754,96,0.16705435401418303,0.3239771128088857
random,mlp,5,18,1,0,21,2,1,0.10176390891116247,34.02880454204094,240,0.6045539774773993,0.4397104591286431
random,gnn,5,18,0,0,26,3,1,0.2333108867453422,57.90241958573766,240,0.6515199115068538,0.7994034638007482
random,attention,5,18,0,0,24,2,1,0.049354878632191145,40.275840772844205,240,0.7430742902895952,1.194327959092334
random,transformer,5,18,1,0,6,1,1,0.5217001858653323,60.9581336781649,240,0.26610054874962286,1.2534839062330623
random,orca,5,19,1,0,38,2,1,0.06981352505238599,23.49516505281183,62,0.10959228971147714,0.2899332302472284
random,rvo,5,19,1,0,13,2,1,0.03461298742902984,16.435999107133274,46,0.09621627016019066,8.89243419363123
random,astar,5,19,1,0,12,2,1,0.07736362393072647,20.607999218788947,46,0.09550666047215198,0.2986514718150315
random,mlp,5,19,0,0,49,2,1,0.10571252133907502,24.177706617145464,240,0.7777729711820396,0.4413108787654589
random,gnn,5,19,1,0,21,2,1,0.25356141959601625,59.79848490806628,240,0.42768734448415274,0.7545167075780531
random,attention,5,19,0,0,7,1,1,0.10927139574718853,25.38174065900195,240,0.8070294005101134,1.168755841596673
random,transformer,5,19,1,0,6,1,1,0.5381324621859941,55.91016587345179,240,0.3372571374150571,1.2592747788100194
random,orca,10,10,0,0,18,2,1,0.3065611305161036,149.74565132713965,240,1.5139000636105018,0.6489061090784768
random,rvo,10,10,1,0,48,7,1,0.04993426661658223,62.38399621437845,122,0.036625470895077936,26.980489492416382
random,astar,10,10,1,0,71,8,1,0.03867970173235987,117.59999483786413,105,0.09580649194233187,0.7526750986774763
random,mlp,10,10,1,0,138,8,1,0.049672554042202444,73.749945609942,240,0.6184590448247548,0.684906136787807
random,gnn,10,10,1,0,74,6,1,0.03712004283759235,126.03150900194284,240,0.3635667628681307,1.009344484191388
random,attention,10,10,0,0,111,4,1,0.2764235136120253,89.11213373161908,240,0.9018709707628858,1.4141628770933796
random,transformer,10,10,1,0,22,3,1,0.26439743001142113,109.47289274393323,240,0.3253949536753828,1.5152472614621122
random,orca,10,11,1,0,50,5,1,0.22316077867186565,114.74497545190276,142,0.06933135261199329,0.6512714300671933
random,rvo,10,11,1,0,76,12,1,0.10791697072082568,73.80799511296269,97,0.05552567688180419,26.964524688832846
random,astar,10,11,1,0,87,12,1,0.029336235030618062,108.63999636982784,97,0.10589123177110335,0.9999440733304957
random,mlp,10,11,1,0,121,10,1,0.006685934973989193,76.00140766922283,240,0.5628628971420832,0.6907312005447844
random,gnn,10,11,1,0,80,8,1,0.14857645361394675,93.4488447647637,240,0.4207269734893819,1.0167808757008363
random,attention,10,11,0,0,65,5,1,0.10448911077832107,95.6955198485514,240,0.8595186933151281,1.4410148704579722
random,transformer,10,11,1,0,77,8,1,0.037205416421114496,114.773029942717,240,0.3125821830610895,1.5338863401363294
random,orca,10,12,1,0,32,5,1,0.3119639051492098,163.4555149523597,240,0.44659649133145896,0.6562982550046096
random,rvo,10,12,1,0,130,15,1,0.03976169989783113,77.2799948646687,118,0.05187984991945481,26.875522145527903
random,astar,10,12,1,0,134,14,1,0.029821882089818706,115.35999660142843,103,0.09532259577784136,1.1014520479999121
random,mlp,10,12,1,0,184,8,1,0.022499966180250262,94.2598074206498,240,0.3447502064216413,0.6575534663473567
random,gnn,10,12,1,0,201,12,1,0.0029747754334153815,147.57362716574522,240,0.325420314256402,0.9997039063212773
random,attention,10,12,1,0,179,5,1,0.3987488878961582,101.11047452626309,240,0.5850222333632658,1.4287613836737971
random,transformer,10,12,1,0,119,8,1,0.06187333994081409,105.70698981060119,240,0.3866391232247295,1.494767767144367
random,orca,10,13,1,0,48,5,1,0.3625974876976995,107.20102473715474,133,0.08687890325502227,0.6832845502049851
random,rvo,10,13,1,0,37,5,1,0.054219107532222026,69.1039961441881,100,0.04139772226593248,27.1241072146222
random,astar,10,13,1,0,31,6,1,0.011638365961983699,105.27999676431695,94,0.08431435767497848,0.5882749769915926
random,mlp,10,13,1,0,79,5,1,0.10359728158544473,70.26280311613695,240,0.576693609961818,0.6455629947595298
random,gnn,10,13,1,0,39,5,1,0.11350436187603827,98.34620671812517,240,0.544704333343485,0.981088417271773
random,attention,10,13,1,0,97,6,1,0.24407217365704936,81.19031157197144,240,0.5927557777738317,1.3904631525898974
random,transformer,10,13,1,0,38,4,1,0.09517497269512923,95.45937670334389,240,0.5519658750976965,1.4611018433546026
random,orca,10,14,1,0,29,3,1,0.43914121671808903,116.10481814648446,157,0.07066483052900269,0.6416904069720559
random,rvo,10,14,1,0,110,13,1,0.0666924667567498,60.479996260569315,82,0.05295999460377504,26.993750265186154
random,astar,10,14,1,0,91,12,1,0.0760955564332821,90.71999631938431,81,0.08437830353417283,0.6400608043703768
random,mlp,10,14,0,0,108,7,1,0.03327825469312477,61.2535856690712,240,0.7768953505924172,0.6471177951122323
random,gnn,10,14,1,0,107,6,1,0.12851542094380544,89.5899720535126,240,0.4556248184849342,0.9842026377251992
random,attention,10,14,0,0,118,6,1,0.09780086664164564,80.1974895967035,240,0.9257520101552981,1.4186139722975593
random,transformer,10,14,1,0,79,7,1,0.10946852598333418,98.59762479579959,240,0.2597901874147958,1.4882076783881832
random,orca,10,15,1,0,25,3,1,0.282847125636251,132.18800834811884,171,0.09111983234173313,0.663002969272304
random,rvo,10,15,1,0,50,8,1,0.027937087686623813,58.351996165163506,103,0.04136115424249577,26.846638297463215
random,astar,10,15,1,0,60,11,1,0.05629384118451256,97.43999647967485,87,0.0954810398431929,0.8687697800582853
random,mlp,10,15,1,0,192,8,1,0.08216597997155252,70.01783800399018,240,0.5773026101113844,0.6438767110618452
random,gnn,10,15,1,0,111,8,1,0.1031161217530914,123.13785685705824,240,0.4527470893352927,0.9759382752235979
random,attention,10,15,1,0,163,9,1,0.04765588038689104,84.01883939315995,240,0.6350853988678171,1.3902831822633743
random,transformer,10,15,1,0,74,7,1,0.07838289342807153,104.70958799715564,240,0.483486544208968,1.4542217269384612
random,orca,10,16,1,0,28,4,1,0.5067913529316685,96.81633980625868,119,0.06868479185425727,0.6473341745426174
random,rvo,10,16,1,0,55,7,1,0.10284920429560972,63.39199618803436,95,0.036430719493637756,26.86859501133624
random,astar,10,16,1,0,46,6,1,0.005524581227549027,100.79999594279991,90,0.1020866445783591,0.7980949918015136
random,mlp,10,16,1,0,55,6,1,0.21291362673014222,77.33602532581843,240,0.4255253126335952,0.7023534233060976
random,gnn,10,16,1,0,62,7,1,0.07341817571864759,96.03647136384357,240,0.37214606091238456,1.0008445106601964
random,attention,10,16,1,0,176,8,1,0.052560219813814736,75.43545112879397,240,0.49355411635583113,1.4013173737718414
random,transformer,10,16,1,0,85,6,1,0.16091405731863828,87.24436733638468,240,0.5378381215120831,1.4701225193372618
random,orca,10,17,1,0,36,5,1,0.494143597313327,124.36873187030848,154,0.08965525705764535,0.6521820036283175
random,rvo,10,17,1,0,66,9,1,0.08091719813735902,78.34399517846234,125,0.032105051652883264,27.062471751123667
random,astar,10,17,1,0,46,7,1,0.09107530216977594,135.51999546869592,121,0.09618175822869988,0.8755175219771784
random,mlp,10,17,1,0,107,8,1,0.15047805610405332,93.10002487547388,240,0.571123277247236,0.6455022841691971
random,gnn,10,17,1,0,88,6,1,0.07051484685900263,146.01232544299359,240,0.4391374402632854,0.9832892120660593
random,attention,10,17,0,0,113,6,1,0.07595215466131781,92.46072901381052,240,0.8096096137464714,1.3964865764137357
random,transformer,10,17,1,0,89,6,1,0.17506411255447799,137.36029887372447,240,0.32206242142240415,1.4749927504453808
random,orca,10,18,1,0,25,3,1,0.39103960890579387,177.61855028345985,240,0.18523642983499317,0.644053400416548
random,rvo,10,18,1,0,46,7,1,0.06594840294559172,48.80399733611936,70,0.05414271556699901,26.756485578204906
random,astar,10,18,1,0,100,7,1,0.0732295889325079,76.15999782728166,68,0.11100145765530693,0.5991054589257521
random,mlp,10,18,1,0,167,8,1,0.02445051054072661,48.85953777027511,240,0.5483261604880162,0.6527395841355125
random,gnn,10,18,0,0,72,5,1,0.053863087653266084,86.18092453522169,240,1.1094997341582444,0.9806630201637745
random,attention,10,18,0,0,65,4,1,0.03400742309775875,81.22531613192483,240,0.8395869464351534,1.4169745768109958
random,transformer,10,18,0,0,253,5,1,0.08415149123930264,41.674248251182334,240,2.3227328291676446,1.4826225776535769
random,orca,10,19,1,0,40,5,1,0.36075396174474944,164.99891539320623,240,0.5435940634712912,0.6574519133816162
random,rvo,10,19,1,0,44,7,1,0.13395313835356823,64.51199626916305,108,0.0631061679758302,26.91261359507701
random,astar,10,19,1,0,57,8,1,0.05621758827442168,119.83999619200742,107,0.10718310798367096,0.5152300740026425
random,mlp,10,19,1,0,79,6,1,0.023400367516044178,70.42482556115185,240,0.5631920219478537,0.6547142247048517
random,gnn,10,19,1,0,33,4,1,0.04971612569855021,98.00379948607201,240,0.5033821096428719,1.0203181048079084
random,attention,10,19,0,0,262,7,1,0.022891879573735577,81.49305522107846,240,0.7792765414567977,1.4933418424334377
random,transformer,10,19,1,0,62,10,1,0.03735875525577646,95.55028158066827,240,0.36497794885394375,1.5517601219471544
random,orca,20,10,1,0,116,11,1,0.3424779539390962,374.90396046413446,240,0.10379104690976351,1.6101809897615265
random,rvo,20,10,1,0,216,31,1,0.04103975342732495,147.11199102378353,124,0.022034073292687133,91.86915722450301
random,astar,20,10,1,0,251,34,1,0.01618249407641422,264.3199911683177,118,0.08717632512695338,1.6534560936171625
random,mlp,20,10,0,0,480,30,1,0.009820515002177281,147.49068026463712,240,0.9255733582758283,1.111992324392001
random,gnn,20,10,1,0,391,28,1,0.023825393438252913,259.00289786070624,240,0.4581336057722468,1.4594704650032024
random,attention,20,10,0,0,723,34,1,0.026858920245376672,159.03793055454733,240,1.2097682735363546,1.9010197332439323
random,transformer,20,10,0,0,363,34,1,0.011831949362601091,220.65918404920765,240,0.8047189754308747,2.013590830999116
random,orca,20,11,1,0,205,19,1,0.32117461007535597,362.0243664082631,240,0.31671427784811174,1.6147579338091116
random,rvo,20,11,1,0,244,31,1,0.026098965748524914,146.66399116494006,129,0.021702289231230694,92.13825393208238
random,astar,20,11,1,0,260,31,1,0.0317757773051606,275.5199890744264,123,0.07216323327125103,1.6380044767951094
random,mlp,20,11,1,0,701,38,1,0.02994825102857061,155.3429609022215,240,0.5263024186775024,1.1060609656851739
random,gnn,20,11,1,0,533,35,1,0.025123858526946558,255.28494995744802,240,0.34046021869782733,1.4537384170883645
random,attention,20,11,0,0,563,19,1,0.07593242914245141,176.48184176379561,240,1.3994091933117505,1.8903969166179497
random,transformer,20,11,1,0,506,35,1,0.05754595809801404,242.29455167232464,240,0.31490925603605624,1.9985380679524194
random,orca,20,12,1,0,184,14,1,0.2797824341967762,243.0607358378011,175,0.05818849957530651,1.6286663764289446
random,rvo,20,12,1,0,191,28,1,0.09379582691985257,137.39599136000254,102,0.04656963926614106,91.99279669087892
random,astar,20,12,1,0,215,33,1,0.04200772044413321,221.75999341242863,99,0.08599915203045522,2.8144192853660295
random,mlp,20,12,1,0,441,24,1,0.0779686588188377,156.6121743097394,240,0.5750711685062002,1.1022204455609124
random,gnn,20,12,1,0,361,24,1,0.0071839287423808625,253.8862017640959,240,0.313830546781952,1.471842951529349
random,attention,20,12,0,0,372,29,1,0.045178787512833864,190.17455097290477,240,0.9921111257992041,1.9222469437712182
random,transformer,20,12,1,0,273,28,1,0.06991427249362503,213.91797915309309,240,0.5736570902842588,1.9651957380119711
random,orca,20,13,1,0,158,13,1,0.21474022435154924,326.93123155190216,240,0.43215821907442037,1.603132482462873
random,rvo,20,13,1,0,183,25,1,0.018236501810354078,125.66399228594065,99,0.02387808414670025,91.87291968011796
random,astar,20,13,1,0,208,28,1,0.02692278171949927,214.09463058404612,96,0.07649803667591136,1.536329878338923
random,mlp,20,13,0,0,421,28,1,0.03152348951359787,136.76899763180168,240,0.6798437645440332,1.1047655677733321
random,gnn,20,13,1,0,348,27,1,0.023449370310062747,266.35076390869733,240,0.39621834838294795,1.5233579188740503
random,attention,20,13,0,0,361,19,1,0.03709966782870146,193.71298974869984,240,1.1557253987293035,1.8913503367609035
random,transformer,20,13,1,0,370,29,1,0.01973953224525503,220.7377044931408,240,0.3696200248066739,1.9829803767303626
random,orca,20,14,1,0,148,13,1,0.3747530329573527,366.0071589732094,226,0.05956785439374864,1.6033044146720024
random,rvo,20,14,1,0,320,35,1,0.016418511425166784,133.2519916180966,132,0.03245154773955076,92.06138966449846
random,astar,20,14,1,0,314,41,1,0.034436877056259155,279.99999304473164,125,0.06711542508042447,1.0997031480073929
random,mlp,20,14,1,0,607,45,1,0.012657510864979193,147.58640525120086,240,0.5777136249600171,1.1064092783878248
random,gnn,20,14,1,0,579,33,1,0.013903561537656256,232.83671575114963,240,0.36399586269380757,1.4434409133779507
random,attention,20,14,0,0,748,33,1,0.04514212010380156,164.4480334724064,240,0.9750604681925648,1.8853243925453473
random,transformer,20,14,1,0,422,31,1,0.028107854206179873,183.82274786970174,240,0.455090805986463,1.9555484914841752
random,orca,20,15,1,0,129,19,1,0.23237453039762218,365.2424353518839,240,0.33580853601860905,1.5862342823917668
random,rvo,20,15,1,0,127,17,1,0.012443930412823653,105.75599363893807,90,0.0389785506189084,91.93413945225377
random,astar,20,15,1,0,136,18,1,0.004131793976008996,203.83999313567415,91,0.06690395317170608,1.3714611253977478
random,mlp,20,15,1,0,377,20,1,0.020595561637602275,129.48025052334944,240,0.6137297689332984,1.114286408604433
random,gnn,20,15,1,0,244,18,1,0.0433626685141305,261.98392366439447,240,0.3717459317164643,1.4734965283423662
random,attention,20,15,1,0,440,32,1,0.05894998912678411,210.6183810603315,240,0.6041682944310908,1.91569213833039
random,transformer,20,15,1,0,320,19,1,0.03573879269066309,231.32063269460085,240,0.43928928397584566,1.9411324989050627
random,orca,20,16,1,0,134,14,1,0.1638941328828131,330.0778251800024,205,0.055831495510183425,1.6034996068877418
random,rvo,20,16,1,0,208,29,1,0.07155279505211118,140.6159903560459,121,0.022408844430659373,91.83279668512054
random,astar,20,16,1,0,164,28,1,0.016285960470991342,246.39999147400212,110,0.08345633251190263,1.8658535851334983
random,mlp,20,16,1,0,413,30,1,0.04742486867549323,174.58455290175743,240,0.5792295160521886,1.1285179624489199
random,gnn,20,16,1,0,321,30,1,0.05504109266951266,256.41904085879446,240,0.46332960039503224,1.483823232896005
random,attention,20,16,0,0,627,35,1,0.020181422808498398,184.04241086727694,240,0.915686791457459,1.8987098960982014
random,transformer,20,16,1,0,340,32,1,0.008527979965027391,199.12645040411425,240,0.4122454600391679,1.9686790687652926
random,orca,20,17,1,0,73,8,1,0.3068881611421625,356.2868404647148,240,0.2889466816353031,1.5940561502551038
random,rvo,20,17,1,0,223,25,1,0.0763938846678703,121.46399331860877,106,0.02590704671442081,92.21835436633313
random,astar,20,17,1,0,246,29,1,0.04728048288049431,219.5199923009111,98,0.06912642689201315,1.2407867684580234
random,mlp,20,17,1,0,602,27,1,0.011781105970655455,135.2446263478135,240,0.5741690052968549,1.1397501085108768
random,gnn,20,17,1,0,494,27,1,0.03714194778385639,267.8319012128429,240,0.4270548221616403,1.4625080298477162
random,attention,20,17,0,0,555,33,1,0.048451163286293904,168.2896904842907,240,0.689818454350178,1.9215303725407769
random,transformer,20,17,0,0,375,26,1,0.05088620459904199,191.56571525267557,240,0.7522064394353695,1.9740208672980468
random,orca,20,18,1,0,115,13,1,0.16388388748600446,340.7907868227163,240,0.11158471182093968,1.6162934130989015
random,rvo,20,18,1,0,189,23,1,0.08087951325826961,159.57198991273356,112,0.03198913651869812,91.97341181736972
random,astar,20,18,1,0,202,27,1,0.01241896342058203,239.6799935386934,107,0.09342394366339841,1.7233170769133856
random,mlp,20,18,1,0,621,29,1,0.052957104460288916,164.86852213996315,240,0.5423803878279732,1.1161542225939531
random,gnn,20,18,1,0,329,26,1,0.04137954569810878,253.49513930992578,240,0.4806042529329847,1.4822917466517538
random,attention,20,18,0,0,461,17,1,0.009087829274923404,177.48877528549548,240,1.0392992028600756,1.9025936509327341
random,transformer,20,18,0,0,459,19,1,0.054709735685340544,204.5956598958404,240,1.0288909389727414,1.9729486705424886
random,orca,20,19,1,0,101,12,1,0.3837508163217697,307.0024701085249,190,0.0603284455010368,1.637130740441774
random,rvo,20,19,1,0,248,35,1,0.022452570740237182,133.58799143540546,147,0.025685511543870075,91.99890422438379
random,astar,20,19,1,0,249,33,1,0.027852440291705128,284.479990860768,127,0.06012727364567907,1.1665386910454965
random,mlp,20,19,1,0,910,36,1,0.033097949678979124,144.28999918801463,240,0.5480395596872434,1.1103166034445167
random,gnn,20,19,1,0,640,32,1,0.022566041698415612,243.36293687198707,240,0.4412632433874317,1.464988993636022
random,attention,20,19,0,0,584,36,1,0.03085672284941641,155.86355379038176,240,0.8304819725345054,1.9315358775202185
random,transformer,20,19,1,0,345,22,1,0.03576728027733593,191.00005506594064,240,0.4740922280689036,1.9810984066377084
narrow,orca,5,10,0,0,9,1,1,0.504167179271492,55.73326852888733,240,1.106845839331231,0.16598655104947588
narrow,rvo,5,10,1,0,7,1,1,0.022684677276003363,29.31599783238478,90,0.058547662340468376,7.506032412250836
narrow,astar,5,10,1,0,7,2,1,0.5534230154856318,45.69599837881721,102,0.08534760301999604,0.39592195831823584
narrow,mlp,5,10,1,0,10,1,1,0.5659062176651835,35.207738338427895,240,0.5012437401457468,0.301530136493966
narrow,gnn,5,10,0,0,5,1,1,0.5710482956694232,46.16356319668237,240,0.8417788907082404,0.6391558951387802
narrow,attention,5,10,1,1,0,0,0,0.8270981681209207,40.4037031773053,240,0.3351892516502219,1.1329350139324863
narrow,transformer,5,10,1,0,6,2,1,0.3853894729024398,69.89070938966734,240,0.618361140508654,1.1592782141330342
narrow,orca,5,11,0,0,0,0,0,1.4515251857897713,24.45968828391735,240,2.771994649823294,0.17799725950074693
narrow,rvo,5,11,1,0,11,2,1,0.3544650228251752,25.255998418804783,82,0.05774899795529803,7.428352749429461
narrow,astar,5,11,1,0,38,4,1,0.07826028517633202,45.69599881796565,102,0.1258846336706368,0.4285904031027766
narrow,mlp,5,11,0,0,34,2,1,0.03379613981515726,27.798054337945565,240,0.6948594976680604,0.2853867074009031
narrow,gnn,5,11,1,0,4,1,1,0.684790358606321,42.05694275692959,240,0.611061048119804,0.6083744190012416
narrow,attention,5,11,1,0,12,2,1,0.39536069401894475,29.651942122873937,240,0.5494995216838715,1.0363381899272401
narrow,transformer,5,11,0,0,0,0,0,2.156602308608303,13.389327158164214,240,3.5055805902324266,1.1123786796815693
narrow,orca,5,12,0,0,9,1,1,0.500633458205331,57.7832169993129,240,0.9683695035874786,0.1645809718562911
narrow,rvo,5,12,1,0,4,1,1,0.5738771371173422,30.715997723282534,96,0.059746156914157154,7.411851309977162
narrow,astar,5,12,1,0,11,2,1,0.24791947852447602,44.351998359871665,99,0.1298575016884946,0.39933177858892116
narrow,mlp,5,12,1,0,15,2,1,0.030394422819011644,29.921149383438525,240,0.6033750334247515,0.2927801280748099
narrow,gnn,5,12,1,0,15,2,1,0.13967911398603347,41.17674640833028,240,0.5239457155973689,0.6743405965001633
narrow,attention,5,12,0,0,0,0,0,1.1046827967645292,37.77393781814897,240,1.0552351415273167,1.114751136628911
narrow,transformer,5,12,1,0,7,1,1,0.3623833954012902,63.86070379388162,240,0.2780074268285385,1.1895155747576307
narrow,orca,5,13,1,0,39,2,1,0.06659903467473846,37.01095582437047,115,0.08749749511242386,0.17432074831879657
narrow,rvo,5,13,1,0,3,1,1,0.6227195215722454,32.031998447846014,87,0.12150973557689564,7.395184368708695
narrow,astar,5,13,1,0,6,1,1,0.4101336157366988,39.42399849852236,88,0.12656374016361002,0.20421069877391512
narrow,mlp,5,13,1,0,23,2,1,0.23541642667445745,48.52578609153089,240,0.5934236638014093,0.28900979086756706
narrow,gnn,5,13,1,0,15,2,1,0.050615287248820647,50.27464375707686,240,0.5003800129077253,0.6109564138265947
narrow,attention,5,13,1,0,11,2,1,0.23318203361594309,53.010465420202785,240,0.6095574041188925,1.0372856922913343
narrow,transformer,5,13,1,0,12,2,1,0.025815403255220283,66.22106041068774,240,0.28748744216178845,1.0983422262749325
narrow,orca,5,14,1,0,36,2,1,0.08017052971275788,35.94033897849098,111,0.08475826704810482,0.1631496675513886
narrow,rvo,5,14,1,0,4,1,1,0.5732218250001679,30.603998450448685,84,0.09034638240760191,7.583975426054427
narrow,astar,5,14,1,0,11,2,1,0.40067352038839243,38.07999873298887,85,0.12196437582767646,0.24441657040049047
narrow,mlp,5,14,1,0,24,2,1,0.03383378545134659,46.47680857742405,240,0.5736522676677077,0.2953063851843278
narrow,gnn,5,14,1,0,14,2,1,0.17899323893361105,49.06438307290235,240,0.48774331124189796,0.6240617154010882
narrow,attention,5,14,0,0,6,1,1,0.4936802617761719,46.68095952554068,240,0.7395350293647422,1.0490510864959408
narrow,transformer,5,14,1,0,11,2,1,0.12003254178628936,47.84538043120064,240,0.4538682042330021,1.152357746226092
narrow,orca,5,15,0,0,0,0,0,1.4930382692158626,34.30259500565553,240,2.2754328893608404,0.17324852912376323
narrow,rvo,5,15,1,0,5,1,1,0.4767856212193601,28.643998112551852,81,0.06273384112126731,7.461240354143543
narrow,astar,5,15,1,0,4,1,1,0.5538551295507776,45.695998929184384,102,0.08483455374940987,0.9798248134115163
narrow,mlp,5,15,0,0,22,2,1,0.10202386070127971,27.449507287254708,240,0.7399328691352656,0.29028628099088866
narrow,gnn,5,15,0,0,0,0,0,1.116079936260631,39.47317132532283,240,0.6742997659587278,0.6255061637299756
narrow,attention,5,15,0,0,0,0,0,0.7849999290670463,31.5093968325214,240,1.1518500935309075,1.0584827124451597
narrow,transformer,5,15,1,0,7,2,1,0.5696535818564352,48.23129077033228,240,0.4889673445758721,1.1369667501033593
narrow,orca,5,16,0,0,0,0,0,1.4677016377993721,24.996046016326275,240,2.581394603489174,0.1815806239998589
narrow,rvo,5,16,1,0,9,2,1,0.4113085612317341,23.771998547099372,78,0.05863361794908012,7.450513923779512
narrow,astar,5,16,1,0,38,4,1,0.054393883248438676,44.35199897725834,99,0.12697106685499937,0.3875639063842369
narrow,mlp,5,16,1,1,0,0,0,0.9587763062817224,26.51693800851799,240,0.44177146930062594,0.28862092876806855
narrow,gnn,5,16,0,0,0,0,0,1.0382651862273653,33.77917311988626,240,1.4100680649435735,0.6125125083296249
narrow,attention,5,16,0,0,8,1,1,0.007139917902050922,36.364179944197765,240,0.689337969575382,1.0460671289668728
narrow,transformer,5,16,0,0,0,0,0,2.4289624601386386,14.967842490638263,240,3.5016098400160223,1.1710194308155526
narrow,orca,5,17,1,0,41,2,1,0.0775333878569833,34.60156057393432,109,0.13081137782465022,0.16838315566745374
narrow,rvo,5,17,1,0,12,2,1,0.08233184513475354,29.67999878940977,82,0.10281262049282143,7.451141940248085
narrow,astar,5,17,1,0,11,2,1,0.40511573213207275,36.28799902584459,81,0.15523152567826765,0.14917041968416284
narrow,mlp,5,17,1,0,24,2,1,0.11872899887845259,44.344850333963905,240,0.595795419989852,0.2976891817525029
narrow,gnn,5,17,1,0,15,2,1,0.28073063932082387,48.35929010324171,240,0.47768321252857937,0.650411673511068
narrow,attention,5,17,0,0,5,1,1,0.47073173882383285,48.17652416628258,240,0.7522124996710857,1.0434117109980434
narrow,transformer,5,17,1,0,12,2,1,0.024186434925687752,71.2706855951248,240,0.27075209031752934,1.1044238810427487
narrow,orca,5,18,1,0,28,2,1,0.08159625147243557,54.37960494088473,145,0.10397480218227846,0.16599245497892642
narrow,rvo,5,18,1,0,13,2,1,0.1888087074843401,31.611998249855063,91,0.06610712705961816,7.451088899480445
narrow,astar,5,18,1,0,6,1,1,0.13716622805568587,38.527998935584186,86,0.07886899840919633,0.8654631782583025
narrow,mlp,5,18,1,0,25,2,1,0.015670881838579717,33.831702724693415,240,0.624584446185557,0.28871001171258587
narrow,gnn,5,18,0,0,6,1,1,0.09140888377388712,45.5572757264627,240,0.7440174786750835,0.6129886683387061
narrow,attention,5,18,1,0,7,1,1,0.33885322244403004,35.80257455098053,240,0.4476277193816685,1.053316400308783
narrow,transformer,5,18,1,0,11,2,1,0.22005030123411976,66.57771599877655,240,0.475856707358196,1.1292876074245821
narrow,orca,5,19,1,0,27,1,1,0.0747619236055399,62.57101098746279,240,0.6042849656752083,0.1644344631737719
narrow,rvo,5,19,1,0,4,1,1,0.5307094038762425,31.97599761256917,93,0.05879665925892437,7.417562913389936
narrow,astar,5,19,1,0,6,1,1,0.3570384401859757,43.90399848890083,98,0.1192313448246541,0.3533311216730852
narrow,mlp,5,19,0,0,23,2,1,0.15928739582147958,34.202810418512286,240,0.6670593067028755,0.30068679673907656
narrow,gnn,5,19,0,0,6,1,1,0.10830190908475522,47.30995475931629,240,0.7534998046667825,0.6677838022975872
narrow,attention,5,19,0,0,0,0,0,0.7837132670008691,34.60595216606866,240,1.0685444604284131,1.1249577975831926
narrow,transformer,5,19,0,0,6,1,1,0.20121092664827675,67.45128792905868,240,0.6719959174021828,1.1742226391409833
narrow,orca,10,10,0,0,22,2,1,0.431512552571652,136.34732346602522,240,1.7109452329997097,0.39951118524186313
narrow,rvo,10,10,1,0,17,5,1,0.2200344013162067,57.623995842788254,83,0.07756930818493615,24.425295074975274
narrow,astar,10,10,1,0,118,14,1,0.06102998644677808,142.2399956567387,127,0.07908460077409726,0.8688273208993157
narrow,mlp,10,10,1,0,79,4,1,0.12962554579113383,63.78823167840683,240,0.6077052300787533,0.38686578239624697
narrow,gnn,10,10,1,0,54,3,1,0.17224922398021367,114.90050181645779,240,0.48334395324044727,0.7134190178476274
narrow,attention,10,10,1,0,64,4,1,0.13726536402855818,94.76110351228118,240,0.6154822470611714,1.1400279433776934
narrow,transformer,10,10,0,0,54,7,1,0.048394364580105625,121.39556164672017,240,0.7590021571794485,1.2238045591705788
narrow,orca,10,11,0,0,16,2,1,0.5293965871426318,117.50619871562874,240,1.7007359810320204,0.4038656731912245
narrow,rvo,10,11,1,0,34,5,1,0.06742056923978221,56.559996336657505,83,0.06776137989371847,24.42840110308614
narrow,astar,10,11,1,0,130,12,1,0.038942944387287036,142.23999602433403,127,0.11415715528131964,0.8753713946349508
narrow,mlp,10,11,1,0,82,5,1,0.012966534860194537,57.04664282274267,240,0.642717365004289,0.38679078958618146
narrow,gnn,10,11,1,0,68,3,1,0.24092896869897282,123.88957039903359,240,0.3407087379050767,0.7220095314551145
narrow,attention,10,11,0,0,47,3,1,0.26638391723834,65.57063031487567,240,0.7603549051081937,1.1564247640005003
narrow,transformer,10,11,1,0,23,3,1,0.3745628986874755,113.16403092116863,240,0.3581302646849012,1.2363797305927922
narrow,orca,10,12,1,0,56,4,1,0.1751038475198053,128.92001289995048,159,0.1015018313503077,0.3936531566926893
narrow,rvo,10,12,1,0,26,4,1,0.10147948158869138,68.65599627991723,103,0.061956849112014836,24.396823126895047
narrow,astar,10,12,1,0,10,2,1,0.4161956941185852,123.19999548171245,110,0.10110515411785151,0.5678599361668933
narrow,mlp,10,12,1,0,73,4,1,0.1413124959561457,70.22682092987104,240,0.642606304094033,0.3913035034202039
narrow,gnn,10,12,1,0,43,5,1,0.28717176480268636,163.93493018990458,240,0.3196147144522415,0.7426329966013631
narrow,attention,10,12,0,0,62,6,1,0.042124183143068775,87.05016901299227,240,0.7429043146038843,1.1748801354163636
narrow,transformer,10,12,1,0,37,5,1,0.05416292671760158,153.74279383546502,240,0.38752988764511087,1.2260941419905673
narrow,orca,10,13,1,0,60,4,1,0.1895187401912256,137.5346502576214,177,0.09683875459476705,0.3921856293402149
narrow,rvo,10,13,1,0,18,4,1,0.37924966123930415,67.25599608652797,102,0.07547923649221952,24.491928088679618
narrow,astar,10,13,1,0,24,4,1,0.08380396257677415,127.6799936550728,114,0.09573864773890832,0.7048515611115778
narrow,mlp,10,13,0,0,90,4,1,0.12626535688864607,73.6316388988867,240,0.6960760400058915,0.4057289760870238
narrow,gnn,10,13,1,0,44,4,1,0.30671902759660713,166.0192229116645,240,0.26323075755157105,0.7298057336204996
narrow,attention,10,13,0,0,81,5,1,0.05683630559013133,103.29404102223974,240,0.8074027268685992,1.1568698236563553
narrow,transformer,10,13,1,0,156,8,1,0.16008697154725207,150.5519356069588,240,0.45652894491968554,1.2391970628717293
narrow,orca,10,14,1,0,58,4,1,0.12276052537950166,122.84574313939845,149,0.11029557059632403,0.3943114428962237
narrow,rvo,10,14,1,0,24,4,1,0.12215412679930546,65.74399624687794,94,0.06373054841448818,24.391230166037666
narrow,astar,10,14,1,0,12,2,1,0.3971016009636442,118.71999525593161,106,0.1085041300472422,0.5615576135240635
narrow,mlp,10,14,0,0,90,4,1,0.04074966969556379,75.29304369550582,240,0.6753865198014989,0.3948694036807865
narrow,gnn,10,14,1,0,58,4,1,0.06775485913610582,171.85209210036598,240,0.2241942668256239,0.7297840182824681
narrow,attention,10,14,1,0,32,5,1,0.05430997400833194,95.81668825436655,240,0.6206990608117001,1.1631550927025576
narrow,transformer,10,14,1,0,37,5,1,0.155045040613512,155.72234757948516,240,0.3883729814084325,1.2307051472210635
narrow,orca,10,15,0,0,52,2,1,0.07712157939222787,128.30481669331257,240,1.4251418564536773,0.4068930905001859
narrow,rvo,10,15,1,0,22,4,1,0.17411765568086618,64.51199536988914,93,0.07638688684685271,24.370091636815378
narrow,astar,10,15,1,0,34,6,1,0.07961921625115843,134.39999570448123,120,0.1147482650677957,1.678386943725248
narrow,mlp,10,15,0,0,86,5,1,0.15136230962924963,59.69042912261116,240,0.7076933866971886,0.3992075313969205
narrow,gnn,10,15,1,0,35,6,1,0.13537786598817417,173.55108315285227,240,0.5003691160183166,0.7404336337155352
narrow,attention,10,15,0,0,38,5,1,0.19615171720987676,82.15191018996202,240,0.9238425769963128,1.181554658493648
narrow,transformer,10,15,1,0,36,5,1,0.04245403906622538,143.1020009281329,240,0.4299933361734956,1.2263220715491723
narrow,orca,10,16,0,0,0,0,0,1.3946428321710869,23.637606123696543,240,3.04378923490887,0.4337191639933735
narrow,rvo,10,16,1,0,30,5,1,0.05343333241177442,49.895997465235794,83,0.07012009538993169,24.36245723167457
narrow,astar,10,16,1,0,168,18,1,0.06071486271801055,141.11999433139815,126,0.0922176681405217,0.7795344905129501
narrow,mlp,10,16,1,0,177,5,1,0.22722475954940832,51.86443005965162,240,0.5278500201902653,0.38984592732352513
narrow,gnn,10,16,1,0,122,5,1,0.056208429474541015,88.3783847539799,240,0.3502876762951396,0.7389573923622569
narrow,attention,10,16,0,0,46,4,1,0.1707933611176405,70.60033908409055,240,0.6574312489260062,1.170245265044893
narrow,transformer,10,16,0,0,0,0,0,0.8347521967419297,31.9749693173353,240,3.6845353048354914,1.2602607894223183
narrow,orca,10,17,1,0,56,4,1,0.1622154942872989,120.1741514131702,148,0.08904054434122674,0.3998420402609013
narrow,rvo,10,17,1,0,26,4,1,0.13165654417461606,64.11999609234219,97,0.06336766010557786,24.479057058960812
narrow,astar,10,17,1,0,26,4,1,0.044629757701256455,122.07999507244149,109,0.09211239444470257,0.5403820579068377
narrow,mlp,10,17,0,0,96,4,1,0.03540099262600949,69.27152677917667,240,0.681348847802619,0.39049852833462256
narrow,gnn,10,17,1,0,54,4,1,0.14061781125329326,167.24644662141358,240,0.2581864614133678,0.7298056327272207
narrow,attention,10,17,0,0,34,6,1,0.0743699731961861,94.66128901442406,240,0.747839165076279,1.1479283508379012
narrow,transformer,10,17,1,0,55,8,1,0.18506724647039355,152.5242711603262,240,0.3887974835159728,1.2498944318698098
narrow,orca,10,18,1,0,38,4,1,0.28603824811654704,162.44837330782872,240,0.6182328338158682,0.40643678124373156
narrow,rvo,10,18,1,0,12,2,1,0.3010935077062416,65.51999539512504,95,0.07769634624500676,24.4620869083232
narrow,astar,10,18,1,0,36,6,1,0.1364505883834145,132.15999555112472,118,0.13284558182841272,1.6212874620963456
narrow,mlp,10,18,1,0,90,4,1,0.14443573826760894,68.35250183458214,240,0.5618414041270203,0.3974199198031177
narrow,gnn,10,18,1,0,37,5,1,0.37651443094104636,156.69914718267884,240,0.3165565653811988,0.7371849981912723
narrow,attention,10,18,1,0,19,3,1,0.06707748479863058,95.27623347299216,240,0.5536462784697636,1.1639583390206099
narrow,transformer,10,18,1,0,78,6,1,0.04526967198316229,133.76533447912308,240,0.6175353466890563,1.2368558013501267
narrow,orca,10,19,0,0,56,2,1,0.07435636291166915,129.6011325624721,240,1.6094652496240411,0.4010268293010692
narrow,rvo,10,19,1,0,26,4,1,0.07779635810757121,62.2719955626669,91,0.07927709425216042,24.43903882138349
narrow,astar,10,19,1,0,48,6,1,0.04090142605735825,136.63999278720848,122,0.07835858046258412,0.8600785389359369
narrow,mlp,10,19,1,0,82,4,1,0.1669919526065041,68.39259557868411,240,0.5920141598880405,0.38951427947419387
narrow,gnn,10,19,1,0,40,3,1,0.1799802878625504,135.516482201599,240,0.34883953188842065,0.7160836830735207
narrow,attention,10,19,1,0,29,4,1,0.09780485636899731,97.17740011803195,240,0.49999936957641156,1.1359446759646137
narrow,transformer,10,19,0,0,43,6,1,0.3378711406385225,122.90928197923095,240,0.6922940058729136,1.2012481029766302
narrow,orca,20,10,0,0,56,8,1,0.2846875840608333,221.68811579043629,240,1.8491793940884897,1.1703219206538051
narrow,rvo,20,10,1,0,138,18,1,0.09252704810710762,119.50399134408782,85,0.06706679332509807,86.69453759622924
narrow,astar,20,10,1,0,582,82,1,0.018389647534339366,262.07999257137476,117,0.0982651985755114,2.4950853429543667
narrow,mlp,20,10,1,0,896,21,1,0.07055149167025927,123.7513007726292,240,0.5638093392893472,0.5911576930278292
narrow,gnn,20,10,0,0,587,21,1,0.09556114178916142,182.6299547858831,240,0.8676191353597076,0.9249068020532528
narrow,attention,20,10,1,0,660,27,1,0.021300895623236882,172.35053865875827,240,0.6129429746570202,1.3492207566741854
narrow,transformer,20,10,0,0,524,26,1,0.06329528652360542,222.49054778840906,240,0.779264205886663,1.4425514071869354
narrow,orca,20,11,0,0,70,8,1,0.19456133222858119,260.71922137552826,240,1.483091838362487,1.1550765154728044
narrow,rvo,20,11,1,0,148,19,1,0.07121098872838405,118.43999360010794,86,0.04010567285468979,87.10120792695602
narrow,astar,20,11,1,0,434,46,1,0.024409964850286087,255.35999320787528,114,0.06853145196815111,1.6752818043817554
narrow,mlp,20,11,0,0,421,17,1,0.004357700805360637,115.15670151594973,240,0.6720716913134014,0.5950061953626573
narrow,gnn,20,11,1,0,388,21,1,0.02523502236349617,278.35731049255355,240,0.35994375617164476,0.9328467402762423
narrow,attention,20,11,0,0,760,18,1,0.016415615920033808,130.51011675979692,240,1.536118097760949,1.356469952346136
narrow,transformer,20,11,1,0,355,24,1,0.013336737124648992,257.98985098179475,240,0.35374982204991434,1.4435742904121678
narrow,orca,20,12,1,0,122,16,1,0.16858298920409356,252.78355326980758,153,0.07388624310278832,1.1518060144499627
narrow,rvo,20,12,1,0,180,28,1,0.03535597987375098,138.15199321881335,100,0.03409765698204952,86.88289804849774
narrow,astar,20,12,1,0,200,28,1,0.009348194921891104,208.3199928015065,93,0.06737293433835302,1.8406501640715907
narrow,mlp,20,12,0,0,702,31,1,0.03432352787210085,145.3816686727351,240,0.6778375488642221,0.6286635238211602
narrow,gnn,20,12,1,0,380,38,1,0.13728517907965032,334.0422194019127,240,0.3762353307319481,0.9439072338864207
narrow,attention,20,12,1,0,1011,49,1,0.009405383049069243,181.91068456897,240,0.5580720300583624,1.3906229248580833
narrow,transformer,20,12,1,0,565,27,1,0.03944374868390765,249.88720589453192,240,0.4778335590895292,1.4993928625093151
narrow,orca,20,13,0,0,96,12,1,0.15393401383849853,330.84747229194363,240,0.7243547800628665,1.1663350567687303
narrow,rvo,20,13,1,0,138,22,1,0.07799182886399897,132.719991071831,101,0.03651753277553938,87.10224742512449
narrow,astar,20,13,1,0,202,26,1,0.025764365362948547,248.6399913923195,111,0.09678807745676324,2.19325136460431
narrow,mlp,20,13,1,0,1050,30,1,0.03914818196641389,147.32445267776453,240,0.6317727107122183,0.5988618611202886
narrow,gnn,20,13,1,0,516,29,1,0.04676203852868685,320.9026124198278,240,0.28696945413957053,0.9431689511984587
narrow,attention,20,13,1,0,517,38,1,0.03608187452312593,206.1217311416851,240,0.6409921421746437,1.3821594009641558
narrow,transformer,20,13,0,0,663,37,1,0.018656345245092857,277.3716129377766,240,0.676521485047088,1.4785888663027436
narrow,orca,20,14,1,0,90,10,1,0.1820185731006802,371.15082745820814,240,0.283527879152781,1.134465526168545
narrow,rvo,20,14,1,0,150,20,1,0.1345771980936555,132.43999153442442,99,0.03879317095160406,86.93281889450971
narrow,astar,20,14,1,0,220,28,1,0.02537121922987669,235.19999111417792,105,0.08773197819320402,1.1870208639828932
narrow,mlp,20,14,1,0,908,35,1,0.01569984361210987,148.99210347623054,240,0.5916413075064425,0.5916900176089257
narrow,gnn,20,14,1,0,454,29,1,0.067832793661064,337.85322038817253,240,0.22274372524249214,0.9313704484763244
narrow,attention,20,14,1,0,768,34,1,0.06415746484656526,179.7077016666052,240,0.5266064058732498,1.4430273886925231
narrow,transformer,20,14,1,0,665,35,1,0.04829982779004467,293.95965655893133,240,0.48012085039856417,1.4359364635311067
narrow,orca,20,15,1,0,118,14,1,0.21578373562336894,352.7362309316439,240,0.4465472934693146,1.1259331503727783
narrow,rvo,20,15,1,0,126,20,1,0.015961591193665362,132.15999058799568,101,0.03738590822772286,87.05519877447941
narrow,astar,20,15,1,0,200,28,1,0.03958819085696216,244.15999148642226,109,0.0819176041737384,2.2745434613471183
narrow,mlp,20,15,0,0,489,20,1,0.05934344128402869,129.39143256874817,240,0.69189342401571,0.5969815344239274
narrow,gnn,20,15,1,0,265,20,1,0.05929625736672276,327.31933471310896,240,0.36673557244359095,0.9359549925041696
narrow,attention,20,15,0,0,959,28,1,0.03521346645242576,180.41186756603923,240,0.7392444209419112,1.4529821462929249
narrow,transformer,20,15,1,0,521,29,1,0.05038552895940337,276.28920804161174,240,0.5692769304441965,1.4511072406700503
narrow,orca,20,16,0,0,40,4,1,0.2192038244894992,83.94118087718181,240,2.672281271035063,1.2007160558520507
narrow,rvo,20,16,1,0,130,17,1,0.10927883698809786,106.67999345112625,80,0.05637876235368085,86.8123939668294
narrow,astar,20,16,1,0,732,78,1,0.01767244738335776,255.3599911006648,114,0.07520347412359157,2.320447389297841
narrow,mlp,20,16,1,0,599,19,1,0.004585484451297339,104.24455250430894,240,0.5978070222728158,0.5938142906719198
narrow,gnn,20,16,1,0,622,18,1,0.01708068281294985,189.05566642193006,240,0.35113386594480495,0.9582399177209785
narrow,attention,20,16,1,0,707,32,1,0.01334817109414604,133.6594033589575,240,0.6049135734480972,1.3748418015893549
narrow,transformer,20,16,0,0,1400,27,1,0.003728477285560979,92.80857565477025,240,3.111922899335086,1.465857894315074
narrow,orca,20,17,1,0,128,16,1,0.1920082901866407,367.9259239604459,240,0.30717994944187066,1.1602584486051153
narrow,rvo,20,17,1,0,160,24,1,0.05566073310864509,128.7999913998898,99,0.040238240798576116,87.20478490747587
narrow,astar,20,17,1,0,172,30,1,0.10332521214686076,237.43999147802646,106,0.09774002867560959,2.167994239947425
narrow,mlp,20,17,1,0,1054,34,1,0.032076930889962066,141.63826834965224,240,0.5986185057114298,0.5925471564599624
narrow,gnn,20,17,1,0,472,42,1,0.04402004268537751,327.1295424681045,240,0.2223478718561612,0.9407819112918029
narrow,attention,20,17,1,0,702,28,1,0.038118953404098065,190.9619814818291,240,0.5947112081540279,1.3886151641296844
narrow,transformer,20,17,1,0,645,38,1,0.06365600608903982,285.8019667965451,240,0.5176120382443774,1.4610708206115912
narrow,orca,20,18,0,0,98,12,1,0.21295659259408628,317.17591423759393,240,0.831174792843453,1.1373189995841433
narrow,rvo,20,18,1,0,146,21,1,0.09251397878806318,126.22399180933571,93,0.03790024868047401,87.44026003505594
narrow,astar,20,18,1,0,320,46,1,0.06364678241960257,253.11999176735384,113,0.07258094110130839,2.4990156762697526
narrow,mlp,20,18,1,0,1063,24,1,0.02611861372637932,130.4291946251825,240,0.5750922387667644,0.6214567634742707
narrow,gnn,20,18,1,0,461,27,1,0.018579766955498653,287.50309533845245,240,0.318287163833492,0.9598041962211331
narrow,attention,20,18,1,0,376,29,1,0.00959131695464618,202.57141548508014,240,0.6125696350507426,1.3940660865046084
narrow,transformer,20,18,0,0,894,50,1,0.00617292582511871,250.1007590801998,240,0.7158625000259868,1.4416875802756597
narrow,orca,20,19,0,0,72,8,1,0.20951933321807506,253.70462655763075,240,1.6090397174766555,1.1510984409445275
narrow,rvo,20,19,1,0,111,17,1,0.0471512738486081,119.6719932955289,97,0.04107442480163042,87.09180817372867
narrow,astar,20,19,1,0,416,54,1,0.004824896932414749,253.11999149078179,113,0.09735682782124506,1.638983615336165
narrow,mlp,20,19,1,0,1032,23,1,0.061227310452861505,127.34988294075859,240,0.5998571336478127,0.6011713684226075
narrow,gnn,20,19,1,0,398,20,1,0.03705633047377566,249.04136302794066,240,0.356329720615166,0.9451530815567821
narrow,attention,20,19,0,0,406,28,1,0.03368764504206822,180.56843314937544,240,0.6581785303924969,1.4015540771652013
narrow,transformer,20,19,0,0,480,26,1,0.04405665167909612,208.4712376196911,240,0.9682691260141413,1.459257525857538
