layout,method,robots,success_mean,success_std,success_ci95,strict_success_mean,strict_success_std,strict_success_ci95,physical_collision_events_mean,physical_collision_events_std,physical_collision_events_ci95,physical_collision_episode_mean,physical_collision_episode_std,physical_collision_episode_ci95,collision_events_mean,collision_events_std,collision_events_ci95,collision_episode_mean,collision_episode_std,collision_episode_ci95,min_separation_mean,min_separation_std,min_separation_ci95,path_length_mean,path_length_std,path_length_ci95,final_error_mean,final_error_std,final_error_ci95,control_time_ms_mean,control_time_ms_std,control_time_ms_ci95,episodes
crossing,attention,5,0.4,0.5163977794943223,0.32006665972366866,0.1,0.31622776601683794,0.19599999999999998,0.3,0.4830458915396479,0.2993949454037815,0.3,0.4830458915396479,0.2993949454037815,0.6,0.6992058987801011,0.4333723059397722,0.5,0.5270462766947299,0.32666666666666666,0.7057957494221182,0.32197203570884825,0.1995603352413212,36.08104773684961,7.63552939977344,4.7325501527146345,1.4295870384530418,1.1841242030253665,0.7339277847619933,1.23353692877572,0.17135577775789174,0.1062074113971335,10
crossing,attention,10,0.8,0.42163702135578396,0.26133333333333336,0.0,0.0,0.0,2.9,1.1005049346146119,0.6821000252488226,1.0,0.0,0.0,3.5,0.97182531580755,0.6023435712098019,1.0,0.0,0.0,0.17828404820626442,0.13357245920747965,0.08278906793805074,95.92602809569173,12.709006754256121,7.877123995814982,0.6516535463688161,0.21836406150941093,0.13534344752498942,1.4145522161076465,0.01124394925724478,0.006969071951457394,10
crossing,attention,20,0.6,0.5163977794943223,0.32006665972366866,0.0,0.0,0.0,20.1,4.383048152953731,2.7166413904754605,1.0,0.0,0.0,27.8,5.266244708835067,3.264052287162896,1.0,0.0,0.0,0.0584740786218189,0.027727976489363027,0.0171859778803414,206.83051883946237,20.391980823978745,12.639080659624993,0.6293185911903139,0.2079832878315437,0.12890937734041988,1.8947389248448114,0.010524643017306398,0.006523241324995529,10
crossing,gnn,5,0.2,0.42163702135578396,0.26133333333333336,0.0,0.0,0.0,1.6,0.5163977794943223,0.32006665972366866,1.0,0.0,0.0,1.7,0.48304589153964794,0.29939494540378153,1.0,0.0,0.0,0.13237415392794402,0.11172977962669464,0.06925083487345039,38.62428207839723,3.9320698362224107,2.437122133856381,0.7559427620800597,0.09887601765207567,0.06128399066252435,0.7667741695574175,0.03729310823811591,0.023114507959688512,10
crossing,gnn,10,1.0,0.0,0.0,0.0,0.0,0.0,4.3,0.8232726023485646,0.510269645492568,1.0,0.0,0.0,4.9,0.5676462121975466,0.3518307673994542,1.0,0.0,0.0,0.06947483644270239,0.056457038297414525,0.03499243486956818,131.2360728948547,7.802713470523583,4.836171913320196,0.3474690070371257,0.09384243501028301,0.058164143818528906,0.9756887036686143,0.010032592035008968,0.006218264966514847,10
crossing,gnn,20,0.9,0.31622776601683794,0.19599999999999998,0.0,0.0,0.0,18.0,3.1269438398822866,1.9380998712943334,1.0,0.0,0.0,27.5,4.8362060428489695,2.9975115605374323,1.0,0.0,0.0,0.03577973008699695,0.02785159188331409,0.017262595495295296,239.61043277397957,14.965371590585177,9.275633410377102,0.4254895207739683,0.10791361150654913,0.06688554936746893,1.4489014006297416,0.015213962948733246,0.00942971193046008,10
crossing,mlp,5,0.5,0.5270462766947299,0.32666666666666666,0.0,0.0,0.0,1.8,0.42163702135578396,0.26133333333333336,1.0,0.0,0.0,2.0,0.0,0.0,1.0,0.0,0.0,0.20238727429993258,0.14408515101764846,0.089304901828119,34.3785820096103,5.583153297565544,3.46047426545264,0.6241544553002089,0.19677961931281984,0.12196527164935618,0.442494005158854,0.08382070299515436,0.051952609962072335,10
crossing,mlp,10,0.9,0.31622776601683794,0.19599999999999998,0.0,0.0,0.0,4.5,0.5270462766947299,0.32666666666666666,1.0,0.0,0.0,5.2,1.0327955589886446,0.6401333194473373,1.0,0.0,0.0,0.05962112668301985,0.03699751474922391,0.022931297217151293,67.96136687027145,7.289131310196743,4.5178503924367295,0.5784096874685511,0.11995414924782231,0.07434835197653485,0.6456428838040058,0.009760308265938628,0.0060495017380039606,10
crossing,mlp,20,1.0,0.0,0.0,0.0,0.0,0.0,23.1,6.690789689316701,4.146994413628582,1.0,0.0,0.0,28.6,6.686636756330579,4.144420399096169,1.0,0.0,0.0,0.040118891346419924,0.03761239221067714,0.023312402216129832,136.7216702331461,8.173343796404732,5.065890969264313,0.5515728474491587,0.056233340677975516,0.03485378564858955,1.101742356355923,0.012236985267649882,0.007584562047380964,10
crossing,transformer,5,0.8,0.4216370213557839,0.2613333333333333,0.3,0.4830458915396479,0.2993949454037815,0.8,0.7888106377466155,0.4889098985384617,0.6,0.5163977794943223,0.32006665972366866,1.0,0.816496580927726,0.5060698239044358,0.7,0.4830458915396479,0.2993949454037815,0.5431248652398827,0.6117865674016487,0.37918924299752466,44.11744450990672,6.446021642809238,3.9952856066514357,0.5560068556494453,0.1258204380432559,0.0779843154416904,1.2473003597309191,0.021084731545886585,0.01306845200548811,10
crossing,transformer,10,0.9,0.31622776601683794,0.19599999999999998,0.0,0.0,0.0,3.9,1.5238839267549948,0.9445130432603294,1.0,0.0,0.0,4.2,1.9321835661585918,1.1975797816151261,1.0,0.0,0.0,0.11259198337122849,0.10877173863266539,0.06741742207060732,115.59860379302522,12.858355125676006,7.969691075445613,0.46969524757819175,0.11301818652364767,0.0700493977415489,1.472820464987308,0.013706352761435113,0.008495285455415192,10
crossing,transformer,20,0.6,0.5163977794943223,0.32006665972366866,0.0,0.0,0.0,22.4,3.470510689285432,2.151044810732165,1.0,0.0,0.0,29.9,4.067486256208427,2.5210541005257654,1.0,0.0,0.0,0.04933841116808767,0.027956639330595764,0.01732770457767142,234.28518460215145,24.65210907542889,15.279535505831534,0.568091205654646,0.2691271208884065,0.16680671769764516,1.9704880188995353,0.019252669321365,0.011932928074338083,10
narrow,attention,5,0.4,0.5163977794943223,0.32006665972366866,0.1,0.31622776601683794,0.19599999999999998,0.7,0.674948557710553,0.41833745017894614,0.6,0.5163977794943222,0.32006665972366855,0.8,0.7888106377466155,0.4889098985384617,0.6,0.5163977794943222,0.32006665972366855,0.5439442029534338,0.3277802228097226,0.2031602869030951,39.39796357241226,7.611123383679631,4.717423147219072,0.7398589090932501,0.27534018465888954,0.17065761451911476,1.0584061519087602,0.016409458365472654,0.01017068766650107,10
narrow,attention,10,0.4,0.5163977794943222,0.32006665972366855,0.0,0.0,0.0,3.2,1.1352924243950935,0.7036615347989085,1.0,0.0,0.0,4.5,1.0801234497346435,0.6694674500426937,1.0,0.0,0.0,0.1163117136699761,0.07432238338465283,0.0460654904750404,88.63598039962562,12.28885805958203,7.6167131369160925,0.6929601893498321,0.12718358919043865,0.0788292052760435,1.1521672441934547,0.01639180576924872,0.010159746474007218,10
narrow,attention,20,0.7,0.48304589153964794,0.29939494540378153,0.0,0.0,0.0,22.9,7.156193898373011,4.4354549309450135,1.0,0.0,0.0,31.1,8.1574778237176,5.056057137511182,1.0,0.0,0.0,0.027732078690941492,0.017117662091484853,0.01060963688353788,175.87738738370967,25.38910949593579,15.736333099031054,0.70843490185115,0.2964066509612929,0.18371474560940365,1.3813821344713992,0.011163781636111746,0.006919383545091337,10
narrow,gnn,5,0.5,0.5270462766947299,0.32666666666666666,0.1,0.31622776601683794,0.19599999999999998,1.0,0.9428090415820634,0.584359098119945,0.6,0.5163977794943223,0.32006665972366866,1.2,0.7888106377466155,0.4889098985384617,0.8,0.42163702135578396,0.26133333333333336,0.42599128491116717,0.40235177881613227,0.24938021616913575,44.321514422615124,5.1397627626930795,3.1856579647538084,0.7024477305347784,0.27946959878242567,0.17321705190947342,0.6244822182149316,0.012733636960662365,0.007892389955905807,10
narrow,gnn,10,1.0,0.0,0.0,0.0,0.0,0.0,3.1,0.7378647873726218,0.4573333333333333,1.0,0.0,0.0,4.2,1.0327955589886446,0.6401333194473373,1.0,0.0,0.0,0.19635226697341907,0.10473526663900906,0.0649155908091661,146.198786132995,29.062225414461107,18.0129539318539,0.3405331780971404,0.09031455490122513,0.05597754107303018,0.7169117433174204,0.008644528708144458,0.0053579344032240895,10
narrow,gnn,20,0.9,0.31622776601683794,0.19599999999999998,0.0,0.0,0.0,18.1,5.586690532964137,3.4626666666666663,1.0,0.0,0.0,26.5,8.181958472422385,5.0712304007782745,1.0,0.0,0.0,0.054870925571638286,0.03765293167040868,0.023337528833591244,283.38343194578863,58.742041513119815,36.40869453556598,0.37283455963385775,0.1829668392521453,0.11340402187046088,0.9332873854630936,0.010808609484364712,0.006699245564738556,10
narrow,mlp,5,0.7,0.48304589153964794,0.29939494540378153,0.2,0.42163702135578396,0.26133333333333336,1.6,0.8432740427115679,0.5226666666666667,0.8,0.42163702135578396,0.26133333333333336,1.7,0.6749485577105528,0.4183374501789461,0.9,0.31622776601683794,0.19599999999999998,0.22538344359466697,0.30555595951146314,0.18938554580010505,35.427534550170925,8.224901250306385,5.097846610263231,0.6035697714021852,0.0876286561586644,0.05431280378517966,0.28542906627990305,0.0037100182270925573,0.002299493120637049,10
narrow,mlp,10,0.6,0.5163977794943223,0.32006665972366866,0.0,0.0,0.0,4.1,0.7378647873726218,0.4573333333333333,1.0,0.0,0.0,4.3,0.48304589153964794,0.29939494540378153,1.0,0.0,0.0,0.1176335355870464,0.06725572158762354,0.041685528115429034,65.75578614001189,7.51674720198998,4.658928183781272,0.6335239277689599,0.05992180899342498,0.03713992199560976,0.38432933293127763,0.004989316919040948,0.0030924106647863296,10
narrow,mlp,20,0.7,0.4830458915396479,0.2993949454037815,0.0,0.0,0.0,19.2,4.104198392432369,2.5438085183004193,1.0,0.0,0.0,25.4,6.552353266829661,4.06119063001644,1.0,0.0,0.0,0.0347432526730773,0.0232983117918305,0.01444044325619285,131.36595581039597,14.69888066036596,9.110460620584236,0.6200400922100165,0.04557976230806988,0.02825062936410844,0.5864333687350154,0.004995032473602086,0.0030959532022051452,10
narrow,transformer,5,0.7,0.48304589153964794,0.29939494540378153,0.1,0.31622776601683794,0.19599999999999998,1.1,0.8755950357709131,0.5426994257106474,0.7,0.4830458915396479,0.2993949454037815,1.4,0.8432740427115678,0.5226666666666666,0.8,0.42163702135578396,0.26133333333333336,0.6494286826756701,0.8845673887833224,0.5482605477227436,52.970600396753206,22.03485090760866,13.657342086973271,1.0552486703634212,1.2975869513304283,0.8042527247503686,1.1269030915961291,0.023212279592255504,0.014387119946449704,10
narrow,transformer,10,0.7,0.48304589153964794,0.29939494540378153,0.0,0.0,0.0,3.9,2.378141197564929,1.4739871852299877,0.9,0.31622776601683794,0.19599999999999998,5.3,2.406010991015812,1.4912610621737414,0.9,0.31622776601683794,0.19599999999999998,0.22376664970461796,0.24576284460545914,0.15232538922627414,127.88525274539461,36.98779681905275,22.925273981628553,0.8162719712924508,1.017800077174325,0.63083902352694,1.223005507296572,0.01757777130425638,0.010894815528155752,10
narrow,transformer,20,0.5,0.5270462766947299,0.32666666666666666,0.0,0.0,0.0,24.5,5.50252467307306,3.4105001262441133,1.0,0.0,0.0,31.9,8.089087299153924,5.01366825122418,1.0,0.0,0.0,0.03510315352055181,0.02280929057317953,0.014137344764675546,241.51706213542616,58.86837491342334,36.48699678831051,0.8650433416535547,0.8091134288774319,0.5014936988535426,1.4529035593538235,0.021142890445237046,0.013104499264766676,10
open,attention,5,0.0,0.0,0.0,0.0,0.0,0.0,0.5,0.7071067811865476,0.43826932358995874,0.4,0.5163977794943222,0.32006665972366855,0.7,0.9486832980505138,0.588,0.4,0.5163977794943222,0.32006665972366855,0.7453293801061409,0.4952694659249294,0.306971195300154,34.34039411584035,3.41891926474541,2.119068114513447,0.7210775156799605,0.022062826479236273,0.013674681525910207,0.9499615803360939,0.016404974549475957,0.010167908568553975,10
open,attention,10,0.0,0.0,0.0,0.0,0.0,0.0,4.6,1.577621275493231,0.9778197970769233,1.0,0.0,0.0,5.2,1.6193277068654826,1.0036697110548314,1.0,0.0,0.0,0.11961542312623914,0.06041201675351203,0.037443755913128395,78.32478815913495,6.875531000049575,4.261498264317377,0.7246986521241129,0.014024189009112814,0.008692282402677288,0.9857017308240756,0.02935305007934477,0.018193208926648264,10
open,attention,20,0.0,0.0,0.0,0.0,0.0,0.0,18.0,1.7638342073763937,1.0932357680045253,1.0,0.0,0.0,24.7,2.263232692902394,1.4027661561674805,1.0,0.0,0.0,0.0508424703576678,0.03452465653190988,0.021398603814865604,156.43701991943075,14.519737304215656,8.999426418092384,0.7263090446572467,0.011918027738442222,0.007386870122626409,0.9975553934539979,0.014866470903043997,0.009214334129158895,10
open,gnn,5,1.0,0.0,0.0,0.0,0.0,0.0,2.0,0.0,0.0,1.0,0.0,0.0,2.0,0.0,0.0,1.0,0.0,0.0,0.15007791724398303,0.10264834554314163,0.06362210371300696,39.179218781581845,6.439569202092793,3.9912863424617253,0.5942109374365203,0.013446584846384974,0.008334279633595244,0.5167575628729537,0.009312152761122164,0.005771732078336094,10
open,gnn,10,0.0,0.0,0.0,0.0,0.0,0.0,4.9,2.183269719175042,1.3532045915775879,0.9,0.31622776601683794,0.19599999999999998,6.9,1.5951314818673865,0.9886727354275416,1.0,0.0,0.0,0.2515321927820068,0.14440883698110052,0.08950552446678135,242.75442081270768,2.699126717430278,1.6729360716167019,1.2993795132650707,0.23024438756187232,0.14270694990054755,0.5421584148037558,0.01606556427364186,0.00995753990010523,10
open,gnn,20,0.0,0.0,0.0,0.0,0.0,0.0,22.2,5.6134758493389025,3.4792683777547895,1.0,0.0,0.0,32.7,7.071853442423076,4.383180174764031,1.0,0.0,0.0,0.04429722640904497,0.02292691097486367,0.014210246644926202,472.07097418542344,7.419849336497138,4.598870264529533,1.3730923422977832,0.2064543451767207,0.12796172886501891,0.5565818455458308,0.00914937620857727,0.005670842125816554,10
open,mlp,5,1.0,0.0,0.0,0.0,0.0,0.0,1.5,0.5270462766947299,0.32666666666666666,1.0,0.0,0.0,1.8,0.42163702135578396,0.26133333333333336,1.0,0.0,0.0,0.23147663512059355,0.15476102998899252,0.09592188016857257,28.00933873327626,2.804389751667355,1.7381787761721539,0.2553133100613795,0.02085143432760378,0.012923852891503301,0.18512664651585334,0.012187547302233388,0.007553920078955216,10
open,mlp,10,1.0,0.0,0.0,0.0,0.0,0.0,3.5,1.35400640077266,0.8392218618061217,1.0,0.0,0.0,4.7,0.48304589153964794,0.29939494540378153,1.0,0.0,0.0,0.1299184227840749,0.05791609174432289,0.035896765565117575,60.585801861425786,6.5505078107605,4.060046804494375,0.23920660438723823,0.0185479388470438,0.011496131601002466,0.1907886414431314,0.006051438235268096,0.003750720276882304,10
open,mlp,20,1.0,0.0,0.0,0.0,0.0,0.0,17.8,2.485513584307633,1.5405372800134083,1.0,0.0,0.0,24.9,3.212821536005731,1.991327418806081,1.0,0.0,0.0,0.043913300593649285,0.02064596726356477,0.012796503085827155,119.05992677346156,11.73423635115471,7.272955040588882,0.23637859510470616,0.02242293377355361,0.013897878339318551,0.20707332459823186,0.0063701758856847136,0.003948275919350241,10
open,transformer,5,0.0,0.0,0.0,0.0,0.0,0.0,1.6,0.6992058987801011,0.4333723059397722,0.9,0.31622776601683794,0.19599999999999998,1.8,0.6324555320336759,0.39199999999999996,0.9,0.31622776601683794,0.19599999999999998,0.34419085301646735,0.3518145808968746,0.21805693637957077,96.55152945519531,3.0569477320461345,1.894715834184969,0.9281962463757182,0.12035311919990246,0.07459563611477697,1.0208393105616171,0.013133114224047756,0.008139988528952575,10
open,transformer,10,0.0,0.0,0.0,0.0,0.0,0.0,4.3,0.8232726023485646,0.510269645492568,1.0,0.0,0.0,5.0,0.4714045207910317,0.2921795490599725,1.0,0.0,0.0,0.10822441813237342,0.06899224583021187,0.0427618369918899,193.2744872188112,6.221326759007682,3.8560182748170764,0.9910963197510998,0.09065417573055531,0.05618804024388785,1.0645189900727323,0.03885580276522629,0.024083076062267228,10
open,transformer,20,0.0,0.0,0.0,0.0,0.0,0.0,18.2,1.9888578520235065,1.232706867922063,1.0,0.0,0.0,23.0,2.6666666666666665,1.6528171237146727,1.0,0.0,0.0,0.03901027818281631,0.022736224002542698,0.014092057635005673,395.6356899948299,12.551591791947772,7.779557191352929,0.9252010421979631,0.07245412505774476,0.04490753196720183,1.0789282674280305,0.02147086908491991,0.013307782531721855,10
random,attention,5,0.3,0.4830458915396479,0.2993949454037815,0.1,0.31622776601683794,0.19599999999999998,1.2,0.9189365834726815,0.5695627952893146,0.8,0.42163702135578396,0.26133333333333336,1.6,1.1737877907772674,0.7275212100764562,0.9,0.31622776601683794,0.19599999999999998,0.3838891336480742,0.3249951388496121,0.20143407398049998,37.587467681240234,8.272884422840821,5.1275868887188825,0.7507965741268698,0.21863757157243852,0.13551297081836952,1.1935313965659589,0.013102454334591535,0.00812098533258841,10
random,attention,10,0.4,0.5163977794943223,0.32006665972366866,0.0,0.0,0.0,4.4,1.577621275493231,0.9778197970769233,1.0,0.0,0.0,6.0,1.632993161855452,1.0121396478088716,1.0,0.0,0.0,0.13546021101187172,0.12668994915812806,0.07852324401416076,86.19393201638763,8.088585388363647,5.0133571636934,0.742203230223248,0.15227515936314484,0.09438112159191993,1.4271141068699458,0.016245683404380793,0.010069178893952946,10
random,attention,20,0.1,0.31622776601683794,0.19599999999999998,0.0,0.0,0.0,19.2,5.138093031466052,3.1846230546172962,1.0,0.0,0.0,28.7,7.409453421137082,4.592426809433113,1.0,0.0,0.0,0.03977390521790808,0.019400605618667507,0.012024619941363281,178.01581580001303,17.08046037684758,10.58657902191887,0.9811529175202486,0.23925759200957522,0.14829339189456178,1.8911834912917889,0.02328859965681218,0.01443442361254306,10
random,gnn,5,0.8,0.4216370213557839,0.2613333333333333,0.0,0.0,0.0,2.2,1.0327955589886446,0.6401333194473373,1.0,0.0,0.0,2.5,0.8498365855987975,0.5267341728888386,1.0,0.0,0.0,0.1884330613219814,0.10003152516361319,0.06200018163814315,57.9794913748123,10.557706390951687,6.543734216293794,0.5359600071855052,0.10167184278104448,0.06301686103055112,0.7566573866643012,0.01586340398433141,0.009832239654639946,10
random,gnn,10,0.9,0.31622776601683794,0.19599999999999998,0.0,0.0,0.0,5.3,1.766981104093143,1.095186234797027,1.0,0.0,0.0,6.7,2.263232692902394,1.4027661561674805,1.0,0.0,0.0,0.07813194123873556,0.0449488507953178,0.027859586357173935,110.43615373892787,23.259247857411516,14.416231178795087,0.4986955636754412,0.22437865052493502,0.13907132841885106,0.9903750867427638,0.015777911867197437,0.009779251091461827,10
random,gnn,20,1.0,0.0,0.0,0.0,0.0,0.0,23.2,5.7310072800899885,3.5521151132498194,1.0,0.0,0.0,28.0,4.898979485566356,3.0364189434266144,1.0,0.0,0.0,0.029297740891932277,0.01460948123583696,0.009055050283192322,255.0454471160042,10.490777374339906,6.502251182020294,0.4056636432922335,0.056842962520427344,0.035231633181162625,1.4387958597702284,0.007470381723096364,0.0046301905622320476,10
random,mlp,5,0.7,0.48304589153964794,0.29939494540378153,0.0,0.0,0.0,3.2,2.5298221281347035,1.5679999999999998,1.0,0.0,0.0,4.8,7.177124153246278,4.448427637316858,1.0,0.0,0.0,0.10337489679912297,0.08239283394401002,0.05106760755526474,33.89233221326367,9.249583779116326,5.732951421508853,0.6254243787365257,0.24867277347108593,0.1541289818229865,0.4132339934585616,0.003152746883786894,0.0019540927635978947,10
random,mlp,10,0.9,0.31622776601683794,0.19599999999999998,0.0,0.0,0.0,6.1,1.8529256146249728,1.1484551943081336,1.0,0.0,0.0,7.4,1.429840705968481,0.8862244511283683,1.0,0.0,0.0,0.07091425323375297,0.06703427767151908,0.04154827575424908,73.52658010217321,13.438529822860552,8.329287078290337,0.55651304913708,0.11333913116792475,0.07024832129298353,0.6413849142457669,0.005089611974955817,0.003154574184476336,10
random,mlp,20,0.8,0.42163702135578396,0.26133333333333336,0.0,0.0,0.0,24.6,5.738757124441958,3.5569185165439663,1.0,0.0,0.0,30.7,7.227263198011633,4.479504139224935,1.0,0.0,0.0,0.03277750156511812,0.021589009210456023,0.013381006540153315,149.2269169460499,13.94565454626509,8.643606238303619,0.614205257276114,0.11747892225497092,0.07281419039196026,1.0980231126692765,0.014582061688717046,0.009038055471815713,10
random,transformer,5,0.9,0.31622776601683794,0.19599999999999998,0.3,0.4830458915396479,0.2993949454037815,1.0,0.816496580927726,0.5060698239044358,0.7,0.4830458915396479,0.2993949454037815,1.5,0.5270462766947299,0.32666666666666666,1.0,0.0,0.0,0.40482753005705546,0.2192375027744741,0.1358848120297852,49.4499091045447,10.536085746076713,6.530333601765628,0.4105366148089538,0.25956580203198554,0.16088055087344943,1.2603687239526253,0.011416607220166443,0.007076086465580875,10
random,transformer,10,0.9,0.31622776601683794,0.19599999999999998,0.0,0.0,0.0,4.2,1.2292725943057183,0.7619110475931192,1.0,0.0,0.0,6.4,2.065591117977289,1.2802666388946742,1.0,0.0,0.0,0.11039909948480794,0.07105739584816892,0.04404183023415956,99.05486980355104,24.396198873640554,15.120920719463145,0.5867470187638738,0.618022466567274,0.3830542933435385,1.4910771823876228,0.028084486424504423,0.017406945027432442,10
random,transformer,20,0.7,0.4830458915396479,0.2993949454037815,0.0,0.0,0.0,20.1,4.1486276177925525,2.571346037476178,1.0,0.0,0.0,27.5,5.873670062235365,3.6405384217173147,1.0,0.0,0.0,0.03727695596230834,0.020643457509696823,0.012794947524263687,209.90406805506396,19.076433231044394,11.823695813876174,0.5624720503036355,0.2280149565697004,0.14132513425554682,1.9698327164708946,0.02892927587042957,0.017930550950741884,10
