layout,method,robots,success_mean,success_std,success_ci95,strict_success_mean,strict_success_std,strict_success_ci95,collision_events_mean,collision_events_std,collision_events_ci95,collision_episode_mean,collision_episode_std,collision_episode_ci95,min_separation_mean,min_separation_std,min_separation_ci95,path_length_mean,path_length_std,path_length_ci95,final_error_mean,final_error_std,final_error_ci95,control_time_ms_mean,control_time_ms_std,control_time_ms_ci95,episodes
crossing,astar,5,1.0,0.0,0.0,0.0,0.0,0.0,1.7,0.4830458915396479,0.2993949454037815,1.0,0.0,0.0,0.2181931119333161,0.14458864691931972,0.08961697182111991,36.10879873778509,3.9577557655306976,2.453042437781104,0.11683046867090092,0.013430039114146058,0.008324024482506916,1.0303374542457424,0.7643296546660467,0.4737364280231117,10
crossing,astar,10,1.0,0.0,0.0,0.0,0.0,0.0,4.5,0.8498365855987975,0.5267341728888386,1.0,0.0,0.0,0.04544738743184941,0.02706800222345435,0.01677692159237707,95.08799663067859,9.40696253078376,5.830495782383142,0.09161625744294027,0.015168225373580028,0.009401363487681173,2.85655585632642,0.9142024823663749,0.5666285690241021,10
crossing,astar,20,1.0,0.0,0.0,0.0,0.0,0.0,25.0,4.83045891539648,2.9939494540378155,1.0,0.0,0.0,0.0303883070057936,0.02884152620590009,0.017876163145191432,192.1919938803498,17.150592958153297,10.63004764616102,0.07837062792801543,0.01498667121999653,0.00928883505745955,5.790711591412626,0.9595027205155445,0.5947059475195897,10
crossing,attention,5,0.4,0.5163977794943223,0.32006665972366866,0.0,0.0,0.0,0.6,0.6992058987801011,0.4333723059397722,0.5,0.5270462766947299,0.32666666666666666,0.7057957494221182,0.32197203570884825,0.1995603352413212,36.08104773684961,7.63552939977344,4.7325501527146345,1.4295870384530418,1.1841242030253665,0.7339277847619933,1.2480081138589108,0.16217218530169325,0.10051536182132535,10
crossing,attention,10,0.8,0.42163702135578396,0.26133333333333336,0.0,0.0,0.0,3.5,0.97182531580755,0.6023435712098019,1.0,0.0,0.0,0.17828404820626442,0.13357245920747965,0.08278906793805074,95.92602809569173,12.709006754256121,7.877123995814982,0.6516535463688161,0.21836406150941093,0.13534344752498942,1.4187965972814707,0.019614158714464827,0.012156981521446814,10
crossing,attention,20,0.6,0.5163977794943223,0.32006665972366866,0.0,0.0,0.0,27.8,5.266244708835067,3.264052287162896,1.0,0.0,0.0,0.0584740786218189,0.027727976489363027,0.0171859778803414,206.83051883946237,20.391980823978745,12.639080659624993,0.6293185911903139,0.2079832878315437,0.12890937734041988,1.918486123516535,0.04903438935791937,0.030391829393123123,10
crossing,gnn,5,0.2,0.42163702135578396,0.26133333333333336,0.0,0.0,0.0,1.7,0.48304589153964794,0.29939494540378153,1.0,0.0,0.0,0.13237415392794402,0.11172977962669464,0.06925083487345039,38.62428207839723,3.9320698362224107,2.437122133856381,0.7559427620800597,0.09887601765207567,0.06128399066252435,0.7723590184468776,0.03362119047547838,0.020838629751578748,10
crossing,gnn,10,1.0,0.0,0.0,0.0,0.0,0.0,4.9,0.5676462121975466,0.3518307673994542,1.0,0.0,0.0,0.06947483644270239,0.056457038297414525,0.03499243486956818,131.2360728948547,7.802713470523583,4.836171913320196,0.3474690070371257,0.09384243501028301,0.058164143818528906,0.9809168740563715,0.012028778675314909,0.007455514264475393,10
crossing,gnn,20,0.9,0.31622776601683794,0.19599999999999998,0.0,0.0,0.0,27.5,4.8362060428489695,2.9975115605374323,1.0,0.0,0.0,0.03577973008699695,0.02785159188331409,0.017262595495295296,239.61043277397957,14.965371590585177,9.275633410377102,0.4254895207739683,0.10791361150654913,0.06688554936746893,1.471869822513933,0.035920872089368554,0.0222639871830273,10
crossing,mlp,5,0.5,0.5270462766947299,0.32666666666666666,0.0,0.0,0.0,2.0,0.0,0.0,1.0,0.0,0.0,0.20238727429993258,0.14408515101764846,0.089304901828119,34.3785820096103,5.583153297565544,3.46047426545264,0.6241544553002089,0.19677961931281984,0.12196527164935618,0.4476558087238421,0.08356345370735486,0.05179316520159543,10
crossing,mlp,10,0.9,0.31622776601683794,0.19599999999999998,0.0,0.0,0.0,5.2,1.0327955589886446,0.6401333194473373,1.0,0.0,0.0,0.05962112668301985,0.03699751474922391,0.022931297217151293,67.96136687027145,7.289131310196743,4.5178503924367295,0.5784096874685511,0.11995414924782231,0.07434835197653485,0.649023486378913,0.006550061973244493,0.004059770471539056,10
crossing,mlp,20,1.0,0.0,0.0,0.0,0.0,0.0,28.6,6.686636756330579,4.144420399096169,1.0,0.0,0.0,0.040118891346419924,0.03761239221067714,0.023312402216129832,136.7216702331461,8.173343796404732,5.065890969264313,0.5515728474491587,0.056233340677975516,0.03485378564858955,1.116040270620336,0.01576455294111718,0.009770971143294368,10
crossing,orca,5,0.7,0.4830458915396479,0.2993949454037815,0.0,0.0,0.0,1.2,0.7888106377466155,0.4889098985384617,0.8,0.42163702135578396,0.26133333333333336,0.5210996487977855,0.2842732649609995,0.17619439505318188,49.22311750580524,18.553379434126906,11.499503711812723,0.43354213336878544,0.4970589296739251,0.30808031642263156,0.2973066688634074,0.011539756620532398,0.007152415254718392,10
crossing,orca,10,0.9,0.31622776601683794,0.19599999999999998,0.0,0.0,0.0,3.5,1.1785113019775793,0.7304488726499313,1.0,0.0,0.0,0.36018375171397843,0.1831022756753173,0.1134879662352334,141.2459429828188,29.85635690870531,18.50516173141688,0.26654119113763397,0.25228352590768804,0.1563669493692529,0.6391667627231205,0.004739852426618396,0.002937790970473286,10
crossing,orca,20,0.9,0.31622776601683794,0.19599999999999998,0.0,0.0,0.0,13.2,1.8737959096740262,1.1613907371959036,1.0,0.0,0.0,0.2338070965341763,0.08196605522898401,0.050803087367177764,287.21682007641544,66.9639342330102,41.50467643935842,0.1283813815114363,0.2001845177724208,0.124075649578808,1.6344006593176634,0.01392713768227525,0.008632129367098654,10
crossing,rvo,5,1.0,0.0,0.0,0.0,0.0,0.0,1.9,0.31622776601683794,0.19599999999999998,1.0,0.0,0.0,0.27522224952061564,0.16501811657405127,0.102279288298776,31.018398150492573,4.805113415596692,2.978240150508492,0.09662138221533441,0.029694720674734977,0.018404978555672285,8.714734043026949,0.05013386074915548,0.031073288821549163,10
crossing,rvo,10,1.0,0.0,0.0,0.0,0.0,0.0,4.6,0.6992058987801011,0.4333723059397722,1.0,0.0,0.0,0.11900535823432783,0.06919410060432031,0.04288694787707115,65.41639601218382,8.806048488130136,5.458045400041198,0.0491522164565282,0.0126229901234967,0.007823810335723701,26.995380715495116,0.19102254795953522,0.11839700185617268,10
crossing,rvo,20,1.0,0.0,0.0,0.0,0.0,0.0,23.1,3.212821536005731,1.991327418806081,1.0,0.0,0.0,0.058650580245020976,0.019805341361232652,0.012275477753572423,129.74079197183295,17.07654752591094,10.584153811782386,0.03366914369732229,0.007786372560857962,0.00482604371257804,91.86243569199574,0.20962212352978588,0.12992513822979845,10
crossing,transformer,5,0.8,0.4216370213557839,0.2613333333333333,0.3,0.4830458915396479,0.2993949454037815,1.0,0.816496580927726,0.5060698239044358,0.7,0.4830458915396479,0.2993949454037815,0.5431248652398827,0.6117865674016487,0.37918924299752466,44.11744450990672,6.446021642809238,3.9952856066514357,0.5560068556494453,0.1258204380432559,0.0779843154416904,1.2654579582158474,0.032762341687371944,0.020306309757704782,10
crossing,transformer,10,0.9,0.31622776601683794,0.19599999999999998,0.0,0.0,0.0,4.2,1.9321835661585918,1.1975797816151261,1.0,0.0,0.0,0.11259198337122849,0.10877173863266539,0.06741742207060732,115.59860379302522,12.858355125676006,7.969691075445613,0.46969524757819175,0.11301818652364767,0.0700493977415489,1.4850272094675652,0.011783570523258843,0.007303532677253131,10
crossing,transformer,20,0.6,0.5163977794943223,0.32006665972366866,0.0,0.0,0.0,29.9,4.067486256208427,2.5210541005257654,1.0,0.0,0.0,0.04933841116808767,0.027956639330595764,0.01732770457767142,234.28518460215145,24.65210907542889,15.279535505831534,0.568091205654646,0.2691271208884065,0.16680671769764516,1.9738342572236434,0.03441419303786253,0.021330137831925552,10
narrow,astar,5,1.0,0.0,0.0,0.0,0.0,0.0,2.0,1.1547005383792515,0.715690808473417,1.0,0.0,0.0,0.31979793284844815,0.18258374811093508,0.11316657952116001,42.201598714493805,3.680998428188566,2.2815064629288218,0.1154755343886941,0.024480460106979275,0.01517314637296098,0.44078248485956434,0.2717930043603202,0.16845904939222273,10
narrow,astar,10,1.0,0.0,0.0,0.0,0.0,0.0,7.4,5.420127099780759,3.3594295812103443,1.0,0.0,0.0,0.13593900396042663,0.1455593597004023,0.09021862583616315,132.04799495204435,8.76260336892292,5.43111783617838,0.10088721779034356,0.017026716755536374,0.01055326838032127,0.905813731951412,0.41308541717499986,0.25603299414887215,10
narrow,astar,20,1.0,0.0,0.0,0.0,0.0,0.0,44.6,21.06181378704123,13.054247431391824,1.0,0.0,0.0,0.03323409216385392,0.029652991223957523,0.018379114374119217,245.27999184105028,15.45618027287356,9.57983978333488,0.08434885164274754,0.01280095559008372,0.007934114474700538,2.029227392219322,0.4283449694704578,0.26549096264917926,10
narrow,attention,5,0.4,0.5163977794943223,0.32006665972366866,0.1,0.31622776601683794,0.19599999999999998,0.8,0.7888106377466155,0.4889098985384617,0.6,0.5163977794943222,0.32006665972366855,0.5439442029534338,0.3277802228097226,0.2031602869030951,39.39796357241226,7.611123383679631,4.717423147219072,0.7398589090932501,0.27534018465888954,0.17065761451911476,1.0696596869577963,0.03846440171876072,0.023840483180327925,10
narrow,attention,10,0.4,0.5163977794943222,0.32006665972366855,0.0,0.0,0.0,4.5,1.0801234497346435,0.6694674500426937,1.0,0.0,0.0,0.1163117136699761,0.07432238338465283,0.0460654904750404,88.63598039962562,12.28885805958203,7.6167131369160925,0.6929601893498321,0.12718358919043865,0.0788292052760435,1.1590989048515135,0.014735962102527205,0.009133443936550288,10
narrow,attention,20,0.7,0.48304589153964794,0.29939494540378153,0.0,0.0,0.0,31.1,8.1574778237176,5.056057137511182,1.0,0.0,0.0,0.027732078690941492,0.017117662091484853,0.01060963688353788,175.87738738370967,25.38910949593579,15.736333099031054,0.70843490185115,0.2964066509612929,0.18371474560940365,1.3933559699216858,0.033160923590913084,0.020553353380970623,10
narrow,gnn,5,0.5,0.5270462766947299,0.32666666666666666,0.0,0.0,0.0,1.2,0.7888106377466155,0.4889098985384617,0.8,0.42163702135578396,0.26133333333333336,0.42599128491116717,0.40235177881613227,0.24938021616913575,44.321514422615124,5.1397627626930795,3.1856579647538084,0.7024477305347784,0.27946959878242567,0.17321705190947342,0.6326091856074829,0.024283217881479087,0.015050894375026115,10
narrow,gnn,10,1.0,0.0,0.0,0.0,0.0,0.0,4.2,1.0327955589886446,0.6401333194473373,1.0,0.0,0.0,0.19635226697341907,0.10473526663900906,0.0649155908091661,146.198786132995,29.062225414461107,18.0129539318539,0.3405331780971404,0.09031455490122513,0.05597754107303018,0.7300116637876879,0.010180993358040225,0.006310245059472837,10
narrow,gnn,20,0.9,0.31622776601683794,0.19599999999999998,0.0,0.0,0.0,26.5,8.181958472422385,5.0712304007782745,1.0,0.0,0.0,0.054870925571638286,0.03765293167040868,0.023337528833591244,283.38343194578863,58.742041513119815,36.40869453556598,0.37283455963385775,0.1829668392521453,0.11340402187046088,0.9416134275185566,0.01116118601858781,0.006917774764682522,10
narrow,mlp,5,0.7,0.48304589153964794,0.29939494540378153,0.1,0.31622776601683794,0.19599999999999998,1.7,0.6749485577105528,0.4183374501789461,0.9,0.31622776601683794,0.19599999999999998,0.22538344359466697,0.30555595951146314,0.18938554580010505,35.427534550170925,8.224901250306385,5.097846610263231,0.6035697714021852,0.0876286561586644,0.05431280378517966,0.2930006347984696,0.005558124971754464,0.003444961548398216,10
narrow,mlp,10,0.6,0.5163977794943223,0.32006665972366866,0.0,0.0,0.0,4.3,0.48304589153964794,0.29939494540378153,1.0,0.0,0.0,0.1176335355870464,0.06725572158762354,0.041685528115429034,65.75578614001189,7.51674720198998,4.658928183781272,0.6335239277689599,0.05992180899342498,0.03713992199560976,0.3932044641502822,0.006060705737340855,0.003756464334177273,10
narrow,mlp,20,0.7,0.4830458915396479,0.2993949454037815,0.0,0.0,0.0,25.4,6.552353266829661,4.06119063001644,1.0,0.0,0.0,0.0347432526730773,0.0232983117918305,0.01444044325619285,131.36595581039597,14.69888066036596,9.110460620584236,0.6200400922100165,0.04557976230806988,0.02825062936410844,0.601135040439355,0.013110105892368443,0.008125727817232198,10
narrow,orca,5,0.5,0.5270462766947299,0.32666666666666666,0.0,0.0,0.0,1.1,0.8755950357709131,0.5426994257106474,0.7,0.4830458915396479,0.2993949454037815,0.5797726857604284,0.6379492259034109,0.39540502673762906,42.17782861392426,14.087865045885167,8.73174921915765,1.0715364393434685,1.0859718403323568,0.673092320089971,0.16996744252204732,0.006405975642320223,0.003970464838397236,10
narrow,orca,10,0.5,0.5270462766947299,0.32666666666666666,0.0,0.0,0.0,2.8,1.3984117975602022,0.8667446118795444,0.9,0.31622776601683794,0.19599999999999998,0.34426667696836455,0.3982676681859095,0.24684885817484423,120.73200085791044,36.38067561854449,22.548976362989713,1.0505987089716813,1.0050044851353297,0.6229082334156455,0.4031444992661477,0.01191179762051151,0.007383008655526919,10
narrow,orca,20,0.4,0.5163977794943223,0.32006665972366866,0.0,0.0,0.0,10.8,3.9101008796307144,2.4235056334895435,1.0,0.0,0.0,0.20332562685443567,0.03568951764985715,0.022120592215800355,281.26730667504205,87.51172656273042,54.240330070768884,1.028026315903577,0.8416843826556031,0.5216813851561477,1.1553330128872463,0.02130294328362506,0.01320370104176174,10
narrow,rvo,5,1.0,0.0,0.0,0.0,0.0,0.0,1.4,0.5163977794943223,0.32006665972366866,1.0,0.0,0.0,0.38369123227373647,0.216088267642286,0.13393289587237858,29.360798218425202,2.8112147288480362,1.7424089408546006,0.07369828010761321,0.022891456044670407,0.014188271451522376,7.455694429746211,0.054645040585821945,0.03386934705237367,10
narrow,rvo,10,1.0,0.0,0.0,0.0,0.0,0.0,4.1,0.8755950357709131,0.5426994257106474,1.0,0.0,0.0,0.1628435638264359,0.10752029675268575,0.0666417703573958,62.215996067802806,5.811841639310764,3.6022167681640442,0.07133454049369062,0.006738027219300065,0.0041762725380430155,24.42464092168312,0.044528756292879716,0.02759920908697091,10
narrow,rvo,20,1.0,0.0,0.0,0.0,0.0,0.0,20.6,3.40587727318528,2.1109846043967253,1.0,0.0,0.0,0.07322294575939761,0.03580330110977807,0.022191115934907656,125.47919213131408,9.369477971565937,5.807262611876849,0.04295584117510646,0.010405082089071451,0.006449136693927801,87.03181557488864,0.21201314068632293,0.13140710601708094,10
narrow,transformer,5,0.7,0.48304589153964794,0.29939494540378153,0.0,0.0,0.0,1.4,0.8432740427115678,0.5226666666666666,0.8,0.42163702135578396,0.26133333333333336,0.6494286826756701,0.8845673887833224,0.5482605477227436,52.970600396753206,22.03485090760866,13.657342086973271,1.0552486703634212,1.2975869513304283,0.8042527247503686,1.1427792749600485,0.03148232246115542,0.019512945621789277,10
narrow,transformer,10,0.7,0.48304589153964794,0.29939494540378153,0.0,0.0,0.0,5.3,2.406010991015812,1.4912610621737414,0.9,0.31622776601683794,0.19599999999999998,0.22376664970461796,0.24576284460545914,0.15232538922627414,127.88525274539461,36.98779681905275,22.925273981628553,0.8162719712924508,1.017800077174325,0.63083902352694,1.2330761839014788,0.01592865638673031,0.009872683512658104,10
narrow,transformer,20,0.5,0.5270462766947299,0.32666666666666666,0.0,0.0,0.0,31.9,8.089087299153924,5.01366825122418,1.0,0.0,0.0,0.03510315352055181,0.02280929057317953,0.014137344764675546,241.51706213542616,58.86837491342334,36.48699678831051,0.8650433416535547,0.8091134288774319,0.5014936988535426,1.4579024951672181,0.019599031016226745,0.012147605276937956,10
open,astar,5,1.0,0.0,0.0,0.0,0.0,0.0,1.5,0.5270462766947299,0.32666666666666666,1.0,0.0,0.0,0.3860151402111825,0.11222179248390625,0.06955578760175805,35.57119877823309,3.5351333934167606,2.191098377720543,0.1261581043926267,0.017664738622262678,0.010948718430307385,0.11040087473526963,0.014178017867894388,0.008787626517145665,10
open,astar,10,1.0,0.0,0.0,0.0,0.0,0.0,3.3,1.3374935098492586,0.8289870659760352,1.0,0.0,0.0,0.16472876104392778,0.1507471508465603,0.09343405210139764,93.18399657777269,8.987955764920457,5.570792698293953,0.1055316123270105,0.013937313317976855,0.008638436291448266,0.2222758664575772,0.02636858112093935,0.0163434159017805,10
open,astar,20,1.0,0.0,0.0,0.0,0.0,0.0,23.0,3.1622776601683795,1.96,1.0,0.0,0.0,0.04964168403362764,0.04080228060790797,0.025289515528260535,182.3359937929825,16.36546083279567,10.143417713222428,0.09664438820233204,0.013919741175352255,0.008627544964611905,0.4317020633693929,0.07176499251569139,0.04448040319244627,10
open,attention,5,0.0,0.0,0.0,0.0,0.0,0.0,0.7,0.9486832980505138,0.588,0.4,0.5163977794943222,0.32006665972366855,0.7453293801061409,0.4952694659249294,0.306971195300154,34.34039411584035,3.41891926474541,2.119068114513447,0.7210775156799605,0.022062826479236273,0.013674681525910207,0.9454274755747368,0.031572201885377245,0.01956865346607307,10
open,attention,10,0.0,0.0,0.0,0.0,0.0,0.0,5.2,1.6193277068654826,1.0036697110548314,1.0,0.0,0.0,0.11961542312623914,0.06041201675351203,0.037443755913128395,78.32478815913495,6.875531000049575,4.261498264317377,0.7246986521241129,0.014024189009112814,0.008692282402677288,0.9597452861877779,0.020972227850105742,0.012998721492412699,10
open,attention,20,0.0,0.0,0.0,0.0,0.0,0.0,24.7,2.263232692902394,1.4027661561674805,1.0,0.0,0.0,0.0508424703576678,0.03452465653190988,0.021398603814865604,156.43701991943075,14.519737304215656,8.999426418092384,0.7263090446572467,0.011918027738442222,0.007386870122626409,1.0140948251743491,0.03609513319813646,0.022371995337240713,10
open,gnn,5,1.0,0.0,0.0,0.0,0.0,0.0,2.0,0.0,0.0,1.0,0.0,0.0,0.15007791724398303,0.10264834554314163,0.06362210371300696,39.179218781581845,6.439569202092793,3.9912863424617253,0.5942109374365203,0.013446584846384974,0.008334279633595244,0.526822580723092,0.023528264992572268,0.014582969726632472,10
open,gnn,10,0.0,0.0,0.0,0.0,0.0,0.0,6.9,1.5951314818673865,0.9886727354275416,1.0,0.0,0.0,0.2515321927820068,0.14440883698110052,0.08950552446678135,242.75442081270768,2.699126717430278,1.6729360716167019,1.2993795132650707,0.23024438756187232,0.14270694990054755,0.5198472740206247,0.00863820661678569,0.005354015930403292,10
open,gnn,20,0.0,0.0,0.0,0.0,0.0,0.0,32.7,7.071853442423076,4.383180174764031,1.0,0.0,0.0,0.04429722640904497,0.02292691097486367,0.014210246644926202,472.07097418542344,7.419849336497138,4.598870264529533,1.3730923422977832,0.2064543451767207,0.12796172886501891,0.560882314457558,0.018205588700760247,0.011283940781971086,10
open,mlp,5,1.0,0.0,0.0,0.0,0.0,0.0,1.8,0.42163702135578396,0.26133333333333336,1.0,0.0,0.0,0.23147663512059355,0.15476102998899252,0.09592188016857257,28.00933873327626,2.804389751667355,1.7381787761721539,0.2553133100613795,0.02085143432760378,0.012923852891503301,0.18403574643208406,0.0032171104510659537,0.001993985715901216,10
open,mlp,10,1.0,0.0,0.0,0.0,0.0,0.0,4.7,0.48304589153964794,0.29939494540378153,1.0,0.0,0.0,0.1299184227840749,0.05791609174432289,0.035896765565117575,60.585801861425786,6.5505078107605,4.060046804494375,0.23920660438723823,0.0185479388470438,0.011496131601002466,0.18873335182915146,0.0028621806726679857,0.0017739979601065603,10
open,mlp,20,1.0,0.0,0.0,0.0,0.0,0.0,24.9,3.212821536005731,1.991327418806081,1.0,0.0,0.0,0.043913300593649285,0.02064596726356477,0.012796503085827155,119.05992677346156,11.73423635115471,7.272955040588882,0.23637859510470616,0.02242293377355361,0.013897878339318551,0.2069726780768913,0.0026846628405144822,0.0016639712678260536,10
open,orca,5,1.0,0.0,0.0,0.0,0.0,0.0,2.0,0.0,0.0,1.0,0.0,0.0,0.07122414527280274,0.0048412565820339275,0.0030006419171557668,34.79552355456228,3.6307210610997642,2.250344227956449,0.15271358705548072,0.018471988397996512,0.011449057024975276,0.07242347130204814,0.00641612346723902,0.00397675452544508,10
open,orca,10,1.0,0.0,0.0,0.0,0.0,0.0,5.0,0.0,0.0,1.0,0.0,0.0,0.10989414784227217,0.03674364676654975,0.02277394821130376,95.73731899530695,6.675040722643536,4.13723310295425,0.09124029273881534,0.015576111908307166,0.009654174181104792,0.20868362864881468,0.010018473171759898,0.006209514004410303,10
open,orca,20,1.0,0.0,0.0,0.0,0.0,0.0,16.4,1.2649110640673518,0.7839999999999999,1.0,0.0,0.0,0.20279333395908847,0.02050700616560631,0.012710374104988681,191.36781849108252,28.297132931042086,17.538744697671273,0.08285012643934989,0.012871826803926,0.0079780409081319,0.7759693114111166,0.011781273866290742,0.0073021091945165645,10
open,rvo,5,1.0,0.0,0.0,0.0,0.0,0.0,1.7,0.4830458915396479,0.2993949454037815,1.0,0.0,0.0,0.35898405391052435,0.22754668364494923,0.14103489568982158,28.632798125099008,2.929780776631801,1.8158969386301678,0.12182148461903328,0.010171902382355043,0.006304610414366434,6.406510079606404,0.08713084102875625,0.05400425477099599,10
open,rvo,10,1.0,0.0,0.0,0.0,0.0,0.0,4.6,0.9660917830792959,0.5987898908075631,1.0,0.0,0.0,0.17064000553450714,0.10135521879449101,0.06282061545051824,60.82159587281378,5.511722988449057,3.4162013011801537,0.06386813890548496,0.007339628771961288,0.004549149043502443,22.16902793964662,0.058289739194769735,0.03612835465424165,10
open,rvo,20,1.0,0.0,0.0,0.0,0.0,0.0,21.7,2.4517567397911053,1.5196145710160993,1.0,0.0,0.0,0.07079338054801793,0.035370912667846595,0.021923118802062408,119.97999170989291,11.084581692882107,6.870294911703646,0.06279535446792779,0.0065231697106107244,0.004043102474472859,82.50776520993698,0.3389093712404546,0.21005820456509866,10
open,transformer,5,0.0,0.0,0.0,0.0,0.0,0.0,1.8,0.6324555320336759,0.39199999999999996,0.9,0.31622776601683794,0.19599999999999998,0.34419085301646735,0.3518145808968746,0.21805693637957077,96.55152945519531,3.0569477320461345,1.894715834184969,0.9281962463757182,0.12035311919990246,0.07459563611477697,1.0391659171242889,0.045695387148518826,0.02832229438269124,10
open,transformer,10,0.0,0.0,0.0,0.0,0.0,0.0,5.0,0.4714045207910317,0.2921795490599725,1.0,0.0,0.0,0.10822441813237342,0.06899224583021187,0.0427618369918899,193.2744872188112,6.221326759007682,3.8560182748170764,0.9910963197510998,0.09065417573055531,0.05618804024388785,1.0499510925728825,0.025436891077579717,0.015765948430158272,10
open,transformer,20,0.0,0.0,0.0,0.0,0.0,0.0,23.0,2.6666666666666665,1.6528171237146727,1.0,0.0,0.0,0.03901027818281631,0.022736224002542698,0.014092057635005673,395.6356899948299,12.551591791947772,7.779557191352929,0.9252010421979631,0.07245412505774476,0.04490753196720183,1.0861944067679967,0.03255969970621832,0.020180710956541965,10
random,astar,5,1.0,0.0,0.0,0.0,0.0,0.0,2.5,1.1785113019775793,0.7304488726499313,1.0,0.0,0.0,0.19596203266463114,0.20349132606460507,0.12612523059261946,36.78079883223454,11.463606758776372,7.105217081413818,0.13104657203903747,0.0326470895759471,0.02023487575896456,0.43463108418553575,0.13706526628826834,0.08495393219541053,10
random,astar,10,1.0,0.0,0.0,0.0,0.0,0.0,9.1,2.884826203122507,1.7880338052981235,1.0,0.0,0.0,0.04679126430368291,0.028470370422636386,0.01764611840738744,106.73599628032814,16.704736748531683,10.3537031044196,0.09776469889896572,0.008983098110278757,0.005567781892754118,0.7739124828135224,0.19107339989955585,0.11842852021513775,10
random,astar,20,1.0,0.0,0.0,0.0,0.0,0.0,30.2,5.940445175985458,3.68192606600887,1.0,0.0,0.0,0.025929529164124793,0.013627133630880429,0.008446184929600229,244.9614558593999,29.73450164755558,18.429635058075753,0.07619901020696943,0.010850089346357861,0.006724955049560406,1.6109870129072767,0.4929838710812913,0.30555456893936433,10
random,attention,5,0.3,0.4830458915396479,0.2993949454037815,0.1,0.31622776601683794,0.19599999999999998,1.6,1.1737877907772674,0.7275212100764562,0.9,0.31622776601683794,0.19599999999999998,0.3838891336480742,0.3249951388496121,0.20143407398049998,37.587467681240234,8.272884422840821,5.1275868887188825,0.7507965741268698,0.21863757157243852,0.13551297081836952,1.1901429745679102,0.021452447186029695,0.013296364520495449,10
random,attention,10,0.4,0.5163977794943223,0.32006665972366866,0.0,0.0,0.0,6.0,1.632993161855452,1.0121396478088716,1.0,0.0,0.0,0.13546021101187172,0.12668994915812806,0.07852324401416076,86.19393201638763,8.088585388363647,5.0133571636934,0.742203230223248,0.15227515936314484,0.09438112159191993,1.4191419807805992,0.03089881873129817,0.019151286263116987,10
random,attention,20,0.1,0.31622776601683794,0.19599999999999998,0.0,0.0,0.0,28.7,7.409453421137082,4.592426809433113,1.0,0.0,0.0,0.03977390521790808,0.019400605618667507,0.012024619941363281,178.01581580001303,17.08046037684758,10.58657902191887,0.9811529175202486,0.23925759200957522,0.14829339189456178,1.9060400258361672,0.015727752160226424,0.009748161782986,10
random,gnn,5,0.8,0.4216370213557839,0.2613333333333333,0.0,0.0,0.0,2.5,0.8498365855987975,0.5267341728888386,1.0,0.0,0.0,0.1884330613219814,0.10003152516361319,0.06200018163814315,57.9794913748123,10.557706390951687,6.543734216293794,0.5359600071855052,0.10167184278104448,0.06301686103055112,0.7586416703027983,0.015638383331912847,0.009692770409324878,10
random,gnn,10,0.9,0.31622776601683794,0.19599999999999998,0.0,0.0,0.0,6.7,2.263232692902394,1.4027661561674805,1.0,0.0,0.0,0.07813194123873556,0.0449488507953178,0.027859586357173935,110.43615373892787,23.259247857411516,14.416231178795087,0.4986955636754412,0.22437865052493502,0.13907132841885106,0.995217344413201,0.016306596893011203,0.010106933465355523,10
random,gnn,20,1.0,0.0,0.0,0.0,0.0,0.0,28.0,4.898979485566356,3.0364189434266144,1.0,0.0,0.0,0.029297740891932277,0.01460948123583696,0.009055050283192322,255.0454471160042,10.490777374339906,6.502251182020294,0.4056636432922335,0.056842962520427344,0.035231633181162625,1.4718959197246781,0.021936394022929472,0.01359631787761876,10
random,mlp,5,0.7,0.48304589153964794,0.29939494540378153,0.0,0.0,0.0,4.8,7.177124153246278,4.448427637316858,1.0,0.0,0.0,0.10337489679912297,0.08239283394401002,0.05106760755526474,33.89233221326367,9.249583779116326,5.732951421508853,0.6254243787365257,0.24867277347108593,0.1541289818229865,0.428388788520048,0.009509889513402132,0.005894290587144615,10
random,mlp,10,0.9,0.31622776601683794,0.19599999999999998,0.0,0.0,0.0,7.4,1.429840705968481,0.8862244511283683,1.0,0.0,0.0,0.07091425323375297,0.06703427767151908,0.04154827575424908,73.52658010217321,13.438529822860552,8.329287078290337,0.55651304913708,0.11333913116792475,0.07024832129298353,0.6625057820929214,0.021671554532965025,0.01343216866110035,10
random,mlp,20,0.8,0.42163702135578396,0.26133333333333336,0.0,0.0,0.0,30.7,7.227263198011633,4.479504139224935,1.0,0.0,0.0,0.03277750156511812,0.021589009210456023,0.013381006540153315,149.2269169460499,13.94565454626509,8.643606238303619,0.614205257276114,0.11747892225497092,0.07281419039196026,1.1140473887401945,0.01174174747190546,0.007277610481462055,10
random,orca,5,0.9,0.31622776601683794,0.19599999999999998,0.2,0.42163702135578396,0.26133333333333336,1.4,0.9660917830792958,0.598789890807563,0.8,0.42163702135578396,0.26133333333333336,0.4129044311352395,0.2931976157838559,0.1817257649999522,47.87961736544602,21.594806549956477,13.384599768402689,0.3780132115099896,0.754234780777457,0.4674795603638112,0.29738977386025034,0.013950758744518347,0.00864676985315705,10
random,orca,10,0.9,0.31622776601683794,0.19599999999999998,0.0,0.0,0.0,4.0,1.1547005383792515,0.715690808473417,1.0,0.0,0.0,0.36790001652847576,0.09188938155677173,0.05695362874671883,134.72425303163934,27.611724483682167,17.113924140720588,0.3165662015897898,0.4542899291708421,0.2815718152742601,0.6545475212568725,0.01194631651942666,0.007404403690733945,10
random,orca,20,1.0,0.0,0.0,0.0,0.0,0.0,13.6,3.3399933466334266,2.0701493236533017,1.0,0.0,0.0,0.27837197837505023,0.08132805722137326,0.05040765210522468,337.23278111631527,39.386297281464266,24.411879969945304,0.18229197682874226,0.1445057503485955,0.08956559199427357,1.6097256390209747,0.01527270672016005,0.009466121697207258,10
random,rvo,5,0.9,0.31622776601683794,0.19599999999999998,0.0,0.0,0.0,2.3,1.2516655570345725,0.7757903496864772,1.0,0.0,0.0,0.15949727667973623,0.19815190213402073,0.1228158213539038,27.00039829807008,6.955819841945977,4.311261804090975,0.3592580813480647,0.7704348684900083,0.4775204787551804,8.738060237773206,0.07596716906679242,0.047084939202645795,10
random,rvo,10,1.0,0.0,0.0,0.0,0.0,0.0,9.0,3.2317865716108862,2.003082069656103,1.0,0.0,0.0,0.0730129542942963,0.03332974297270055,0.02065798871785809,65.645995973371,9.1634244343257,5.679549306344609,0.046553452349789,0.010246065639632146,0.006350577277458204,26.93851980397905,0.10873150860315604,0.06739248723998459,10
random,rvo,20,1.0,0.0,0.0,0.0,0.0,0.0,27.9,5.586690532964138,3.462666666666667,1.0,0.0,0.0,0.04593122534625347,0.031313345603552825,0.019408212680380378,135.1083916114495,15.108276120651889,9.3642065557586,0.02916047235028662,0.00830571801984489,0.005147937362979434,91.98921237375416,0.12280135759260513,0.07611306999167498,10
random,transformer,5,0.9,0.31622776601683794,0.19599999999999998,0.0,0.0,0.0,1.5,0.5270462766947299,0.32666666666666666,1.0,0.0,0.0,0.40482753005705546,0.2192375027744741,0.1358848120297852,49.4499091045447,10.536085746076713,6.530333601765628,0.4105366148089538,0.25956580203198554,0.16088055087344943,1.2748778266702883,0.027826789046468556,0.01724722253774967,10
random,transformer,10,0.9,0.31622776601683794,0.19599999999999998,0.0,0.0,0.0,6.4,2.065591117977289,1.2802666388946742,1.0,0.0,0.0,0.11039909948480794,0.07105739584816892,0.04404183023415956,99.05486980355104,24.396198873640554,15.120920719463145,0.5867470187638738,0.618022466567274,0.3830542933435385,1.4926930586807432,0.03183483855514042,0.01973143736048556,10
random,transformer,20,0.7,0.4830458915396479,0.2993949454037815,0.0,0.0,0.0,27.5,5.873670062235365,3.6405384217173147,1.0,0.0,0.0,0.03727695596230834,0.020643457509696823,0.012794947524263687,209.90406805506396,19.076433231044394,11.823695813876174,0.5624720503036355,0.2280149565697004,0.14132513425554682,1.9753733017326645,0.02057341733275185,0.012751536172837691,10
