layout,method,robots,seed,success,strict_success,physical_collision_events,physical_collision_episode,collisions,collision_events,collision_episode,min_separation,path_length,steps,final_error,control_time_ms
crossing,mlp,5,10,1,0,2,1,22,2,1,0.30381730466283274,44.26703721338616,240,0.45681054948102073,0.6805054727010429
crossing,gnn,5,10,0,0,1,1,9,2,1,0.1521809834064545,35.66236903874571,240,0.7812819594143156,0.8632538568538924
crossing,attention,5,10,1,0,1,1,7,1,1,0.19210776301054633,36.89286341144092,240,0.44429549849839,1.7202206479851156
crossing,transformer,5,10,1,1,0,0,0,0,0,0.7259126375017454,41.29099074257338,240,0.4762182012641393,1.2635889385516446
crossing,mlp,5,11,0,0,2,1,18,2,1,0.17999944926900388,27.28154118638566,240,0.8187695018659008,0.4122785389578591
crossing,gnn,5,11,0,0,2,1,18,2,1,0.09217286294171946,39.38237813414256,240,0.8529821778358802,0.7449018497330447
crossing,attention,5,11,1,0,1,1,6,1,1,0.3435100696318001,31.09934229222557,240,0.43515670092890735,1.177669068177541
crossing,transformer,5,11,1,0,1,1,13,2,1,0.13038450369074753,52.76406235690265,240,0.48801669732667763,1.2556937969444941
crossing,mlp,5,12,1,0,2,1,18,2,1,0.29818539336263084,33.040163311751044,240,0.49944284092330726,0.42256003556152183
crossing,gnn,5,12,0,0,2,1,17,2,1,0.016781803554344183,42.90138132231158,240,0.7465902544202252,0.7540768594481051
crossing,attention,5,12,0,0,0,0,0,0,0,1.0043197160083208,44.52675540916194,240,0.8686781303252671,1.1705998273100704
crossing,transformer,5,12,1,0,1,1,9,1,1,0.0964640219596319,49.95479409875944,240,0.5922716976682978,1.2797074140204738
crossing,mlp,5,13,0,0,2,1,29,2,1,0.07886706833374989,34.341614427147825,240,0.678655321101177,0.4185666873430212
crossing,gnn,5,13,0,0,2,1,21,2,1,0.07078895159816628,42.98370371664064,240,0.6526175341347811,0.7933912798762321
crossing,attention,5,13,0,0,0,0,0,0,0,0.7652174503762668,32.16098205078325,240,2.91228557174204,1.2013219665580739
crossing,transformer,5,13,1,1,0,0,0,0,0,1.8571783695099657,46.95460903649875,240,0.6279356054596045,1.227008776428799
crossing,mlp,5,14,0,0,1,1,25,2,1,0.30760456707579137,30.977075358479446,240,0.7190151642874867,0.418501525806884
crossing,gnn,5,14,0,0,2,1,20,2,1,0.07034354596701474,37.02864603121259,240,0.8739960615046337,0.7668134310127547
crossing,attention,5,14,0,0,0,0,0,0,0,0.9468303494831165,29.026452681242546,240,3.1838349884437473,1.1697601119522005
crossing,transformer,5,14,0,0,0,0,4,1,1,0.6743352378415034,43.89297525045719,240,0.772678796367422,1.2283044517971575
crossing,mlp,5,15,0,0,2,1,22,2,1,0.10950091281008187,41.59938122601446,240,0.6560998015502206,0.40774673301105696
crossing,gnn,5,15,0,0,1,1,7,1,1,0.19266690506451892,42.03188198494142,240,0.7445685095617016,0.7496255546963463
crossing,attention,5,15,1,1,0,0,5,2,1,0.66222794382559,35.300394862528805,240,0.6054856812894525,1.1919655934131395
crossing,transformer,5,15,1,0,1,1,6,1,1,0.39451118486633346,28.94957615125768,240,0.39504938136861656,1.2769071365861844
crossing,mlp,5,16,1,0,1,1,18,2,1,0.4617931955251237,39.41860973168666,240,0.39990191052679697,0.42602290826228756
crossing,gnn,5,16,1,0,2,1,21,2,1,0.05268537332101382,30.18960201201857,240,0.6069692241424527,0.7503839229078343
crossing,attention,5,16,1,0,1,1,5,1,1,0.3741568641776568,29.888217274920713,240,0.6223501767924847,1.1873125447891653
crossing,transformer,5,16,1,0,2,1,17,2,1,0.07467011557615387,41.72741275829086,240,0.4079041031922979,1.2525975296739489
crossing,mlp,5,17,0,0,2,1,39,2,1,0.03725679006992608,29.243388316542532,240,1.027098043485203,0.4167937149759382
crossing,gnn,5,17,0,0,2,1,20,2,1,0.03690585141702652,40.28415818833862,240,0.8905437935916947,0.76192402242062
crossing,attention,5,17,0,0,0,0,0,0,0,1.0558366551065528,27.502482213719723,240,3.2289625000646858,1.1771489031768094
crossing,transformer,5,17,1,1,0,0,0,0,0,1.2972021446066873,42.83389562346567,240,0.6232966030551567,1.2321751351313044
crossing,mlp,5,18,1,0,2,1,19,2,1,0.011861181424672728,32.785557130965216,240,0.5518571499708065,0.41118225975272554
crossing,gnn,5,18,1,0,1,1,7,1,1,0.31158113058263154,39.18698793316121,240,0.6433491104754326,0.738907401682809
crossing,attention,5,18,0,0,0,0,0,0,0,1.0882422182916676,46.05156946132142,240,0.745239026862006,1.1726903864958633
crossing,transformer,5,18,1,0,2,1,15,2,1,0.1131291629861637,47.165060915936316,240,0.47974187403936447,1.2297313408150028
crossing,mlp,5,19,1,0,2,1,20,2,1,0.2349868804655133,30.831452193743957,240,0.433894269810169,0.4107821752162029
crossing,gnn,5,19,0,0,1,1,8,1,1,0.3276341314265508,36.59171242245946,240,0.7665289957194797,0.7444635169425359
crossing,attention,5,19,0,0,0,0,5,1,1,0.6255084643096646,48.36141771115125,240,1.2495821095834359,1.166680237899224
crossing,transformer,5,19,0,0,1,1,8,1,1,0.06746127385989427,45.641068164925244,240,0.6969555967528762,1.227289077360183
crossing,mlp,10,10,1,0,5,1,102,5,1,0.01869637765511951,72.83973802654353,240,0.4808014586872593,0.6350864093595495
crossing,gnn,10,10,1,0,5,1,65,6,1,0.10127916591639745,127.57047966409958,240,0.3059102306021568,0.977688179894661
crossing,attention,10,10,1,0,2,1,15,2,1,0.18111130776360898,102.17370747251806,240,0.5927639482286157,1.414182351436466
crossing,transformer,10,10,1,0,3,1,25,3,1,0.0763888129455995,125.22274558319604,240,0.44187781616470606,1.49087766961505
crossing,mlp,10,11,1,0,4,1,80,4,1,0.02709052657523418,58.367198607345806,240,0.649229350560639,0.6420602653330812
crossing,gnn,10,11,1,0,3,1,53,4,1,0.03449058637126876,140.84001911832306,240,0.34523863941595734,0.9803163023510327
crossing,attention,10,11,1,0,4,1,118,4,1,0.028221108277089756,91.691329267169,240,0.5008542049625866,1.4172760187648237
crossing,transformer,10,11,1,0,3,1,28,3,1,0.0828628140922984,132.33021304421075,240,0.4242682623853356,1.486028639677291
crossing,mlp,10,12,1,0,4,1,75,5,1,0.06023741650524924,76.37652228560339,240,0.6057234282070025,0.666907315220063
crossing,gnn,10,12,1,0,4,1,48,5,1,0.06936686594392544,140.7023578091609,240,0.19780693077431166,0.9733424327957133
crossing,attention,10,12,0,0,4,1,42,5,1,0.23235014062361176,77.7283630292988,240,1.2344582913907995,1.4115131479532768
crossing,transformer,10,12,1,0,2,1,12,2,1,0.37019911920052445,116.36447444516229,240,0.4470054671651118,1.4658894389867783
crossing,mlp,10,13,1,0,4,1,70,5,1,0.05791323939341617,78.88093919121631,240,0.4048898221726147,0.633059568159903
crossing,gnn,10,13,1,0,4,1,51,5,1,0.060283690169284344,126.38317652775301,240,0.23988151050091794,0.9636120172217488
crossing,attention,10,13,1,0,2,1,18,3,1,0.44765858767506456,86.1558401922568,240,0.6329184030031155,1.4085746312048286
crossing,transformer,10,13,1,0,2,1,42,3,1,0.044534627039779257,107.21327586014583,240,0.41236188458260925,1.4866897933340322
crossing,mlp,10,14,0,0,5,1,204,7,1,0.02891520326465536,68.10395812594182,240,0.824762977348097,0.6532293259321401
crossing,gnn,10,14,1,0,5,1,60,5,1,0.013684642053904907,128.62668066643198,240,0.3229867248471908,0.977373270628353
crossing,attention,10,14,0,0,2,1,32,3,1,0.08007565990910341,88.29642657519032,240,0.7669252063723817,1.4283554958334814
crossing,transformer,10,14,0,0,4,1,42,4,1,0.2458732314119892,99.08545192318765,240,0.7708855025494274,1.4833490209033091
crossing,mlp,10,15,1,0,4,1,86,4,1,0.05386478608090819,69.04828879349061,240,0.6031933266160598,0.6428424443583935
crossing,gnn,10,15,1,0,5,1,54,5,1,0.09808526817662182,130.33594661525433,240,0.3211688458179887,0.9802992591479173
crossing,attention,10,15,1,0,3,1,24,3,1,0.20513315352560643,125.56672011238872,240,0.5429656695177772,1.4373448832581441
crossing,transformer,10,15,1,0,5,1,42,5,1,0.06159334304569881,128.03490354089539,240,0.4873542895766059,1.4779043636129547
crossing,mlp,10,16,1,0,4,1,89,5,1,0.073992399605668,59.15340488457892,240,0.5031923078259342,0.6422896753065288
crossing,gnn,10,16,1,0,5,1,78,5,1,0.03217050254740779,143.95826466138476,240,0.5093028955176444,0.9969624768321713
crossing,attention,10,16,1,0,4,1,55,4,1,0.08228531845462086,100.78345482368712,240,0.585933456054074,1.4083474001381546
crossing,transformer,10,16,1,0,4,1,62,4,1,0.0333355602814631,111.49446665159888,240,0.42616395345487457,1.4551989443134516
crossing,mlp,10,17,1,0,5,1,93,7,1,0.035571314820720026,71.923198872218,240,0.46622956517990594,0.6424365739803761
crossing,gnn,10,17,1,0,5,1,62,5,1,0.03109435040880711,121.54414445077329,240,0.36200797627803655,0.9655217232648283
crossing,attention,10,17,1,0,4,1,46,5,1,0.1466933671375485,97.85281211174545,240,0.5596687895135061,1.403514468499149
crossing,transformer,10,17,1,0,7,1,108,9,1,0.05149889231759085,116.63280315718313,240,0.35809922528056665,1.4663991595928867
crossing,mlp,10,18,1,0,5,1,96,5,1,0.1363858812616649,65.39967876599398,240,0.6061029019704771,0.6470775600367537
crossing,gnn,10,18,1,0,3,1,32,4,1,0.04677619275511236,128.93599869937745,240,0.419896305430531,0.9780598901367435
crossing,attention,10,18,1,0,1,1,26,3,1,0.045219732072851265,95.49812543845336,240,0.596857493851374,1.4164050478332986
crossing,transformer,10,18,1,0,5,1,56,5,1,0.060236728069914945,93.49209249768637,240,0.5024675674079271,1.4609494673398633
crossing,mlp,10,19,1,0,5,1,112,5,1,0.10354412166756348,59.520741149782204,240,0.6399717361175218,0.6514397003532698
crossing,gnn,10,19,1,0,4,1,53,5,1,0.20751710008429422,123.46366073598848,240,0.4504900111865216,0.9637114844129732
crossing,attention,10,19,1,0,3,1,34,3,1,0.3340921066235392,93.51350193420971,240,0.5031900007939313,1.4000087161548436
crossing,transformer,10,19,1,0,4,1,41,4,1,0.09939670530742684,126.11561122698583,240,0.4264685072147526,1.4549181524974604
crossing,mlp,20,10,1,0,32,1,933,25,1,0.03726734833862513,130.248832544298,240,0.5838951315354802,1.1114783856707315
crossing,gnn,20,10,1,0,18,1,485,30,1,0.047847516613803515,238.40321706191472,240,0.3754944524366714,1.4283070728803675
crossing,attention,20,10,1,0,22,1,524,27,1,0.053606470992410664,229.0700126923623,240,0.45650102149055555,1.8755823373794556
crossing,transformer,20,10,1,0,20,1,300,25,1,0.03267670225019394,240.86882398593454,240,0.40212862079503287,1.9467348038839798
crossing,mlp,20,11,1,0,16,1,479,18,1,0.017614389147070787,133.29535402358505,240,0.589404668306359,1.0978310989836852
crossing,gnn,20,11,1,0,15,1,341,20,1,0.003249203722015525,251.8402048586949,240,0.35607800729120337,1.4437220350373536
crossing,attention,20,11,1,0,14,1,564,33,1,0.05743257770517218,204.2729487002177,240,0.4671793330660335,1.8918785150162876
crossing,transformer,20,11,1,0,26,1,469,35,1,0.03336364403134124,262.64314772511784,240,0.40421288883675005,1.9934481475502253
crossing,mlp,20,12,1,0,26,1,848,29,1,0.1264162813707114,150.47294738981657,240,0.6312317127996866,1.1066198310193915
crossing,gnn,20,12,0,0,23,1,471,35,1,0.05127682658273676,229.67268595724659,240,0.709051831259681,1.4541948000745226
crossing,attention,20,12,0,0,29,1,640,35,1,0.06964190680173749,191.8686762551893,240,0.9141967540038148,1.8980718120777358
crossing,transformer,20,12,0,0,24,1,493,34,1,0.11776294268718236,206.81946194662063,240,1.1577320841802228,1.9515728422751029
crossing,mlp,20,13,1,0,22,1,782,27,1,0.08349604434660726,140.7888242520736,240,0.5256774309846084,1.0934378990593057
crossing,gnn,20,13,1,0,19,1,587,29,1,0.10020864117717504,235.26609859880858,240,0.45140363295201985,1.4406088487400364
crossing,attention,20,13,1,0,21,1,748,23,1,0.09878314856760151,207.17475519021517,240,0.5037594182443547,1.9078918577482302
crossing,transformer,20,13,0,0,26,1,582,35,1,0.05920425901530299,217.99771565221974,240,0.7997880094680135,1.965413011688118
crossing,mlp,20,14,1,0,24,1,876,33,1,0.0074238328302308,141.78592413645373,240,0.4693802409603632,1.1002726173804451
crossing,gnn,20,14,1,0,18,1,451,23,1,0.023192741874202016,224.6653275247778,240,0.4003999816075049,1.4577050887358685
crossing,attention,20,14,0,0,21,1,581,26,1,0.051457356389297,172.53293538478061,240,0.8433937882141098,1.9006178306881338
crossing,transformer,20,14,0,0,25,1,532,28,1,0.017275395080341104,193.63386185586015,240,0.7558975761329,1.9660371782568593
crossing,mlp,20,15,1,0,17,1,628,24,1,0.0436433278643247,141.29912563462977,240,0.6253113843098592,1.0909856976165127
crossing,gnn,20,15,1,0,17,1,321,30,1,0.01764482995299798,249.2537028833371,240,0.40041598630719155,1.4404584983518969
crossing,attention,20,15,0,0,24,1,557,37,1,0.02485446737820958,230.43430118693172,240,0.8325607334154557,1.9027877773623914
crossing,transformer,20,15,1,0,16,1,323,28,1,0.03740789760299542,261.9403804189533,240,0.44162103279022585,1.9989870740876843
crossing,mlp,20,16,1,0,15,1,510,42,1,0.03560417336690514,119.83530262615129,240,0.5720128493089784,1.0907662741374224
crossing,gnn,20,16,1,0,12,1,256,26,1,0.049920740445050384,273.70502574498056,240,0.32944501702740514,1.4797495658664654
crossing,attention,20,16,1,0,16,1,381,22,1,0.007536044956414945,236.12666718095014,240,0.3834974098483407,1.8907371908426285
crossing,transformer,20,16,1,0,20,1,519,24,1,0.04823505728021774,246.81953862884026,240,0.32125778246474046,1.9948915850060682
crossing,mlp,20,17,1,0,18,1,887,35,1,0.0255385181498409,136.67914799308588,240,0.4962081447509809,1.130961093197887
crossing,gnn,20,17,1,0,22,1,593,22,1,0.021904716822676765,226.7856560870858,240,0.47022691681014467,1.4638911098397027
crossing,attention,20,17,0,0,20,1,722,26,1,0.09370749858459142,186.63383302745578,240,0.872406631586057,1.8863778056887288
crossing,transformer,20,17,0,0,26,1,478,33,1,0.05113280937983582,215.32035036974983,240,0.6512995494255346,1.9515718857292086
crossing,mlp,20,18,1,0,34,1,1075,25,1,0.013417600505853363,138.64219801801747,240,0.51621899846643,1.094587502302602
crossing,gnn,20,18,1,0,18,1,565,33,1,0.014726830250250225,229.86600204721387,240,0.3822941124693649,1.434778980910778
crossing,attention,20,18,1,0,17,1,546,24,1,0.05787626029007984,202.6736624293751,240,0.5325898463353145,1.8856650490003328
crossing,transformer,20,18,1,0,21,1,510,28,1,0.03166224832115094,236.79481109662285,240,0.39846233378085155,1.9624367821961641
crossing,mlp,20,19,1,0,27,1,1024,28,1,0.010767397544030128,134.16904571334967,240,0.5063879130688413,1.100483164191246
crossing,gnn,20,19,1,0,18,1,533,27,1,0.027825253429061714,236.6464069757358,240,0.3800852695784965,1.445598005860423
crossing,attention,20,19,1,0,17,1,358,25,1,0.06984505455267496,207.51739634714568,240,0.48710097569910304,1.907779072644189
crossing,transformer,20,19,1,0,20,1,336,29,1,0.06466315603231552,260.01375434159576,240,0.3485121786721893,1.9737868783219408
open,mlp,5,10,1,0,1,1,15,1,1,0.4148777874307703,27.83482095809318,240,0.22192731095996598,0.18057896328779557
open,gnn,5,10,1,0,2,1,16,2,1,0.1678548747304627,41.0056051286618,240,0.5939792492546492,0.5164453371738394
open,attention,5,10,0,0,1,1,8,2,1,0.10237068289700657,32.46437049797559,240,0.7132608762272673,0.9605043703534951
open,transformer,5,10,0,0,2,1,11,2,1,0.13614433413290367,103.5125823843344,240,0.7222660933851283,1.013254492621248
open,mlp,5,11,1,0,2,1,28,2,1,0.0428072004992894,24.237632486221464,219,0.23601017320526108,0.1775198360930567
open,gnn,5,11,1,0,2,1,13,2,1,0.0938977601911705,27.874467178970143,240,0.5764254510262231,0.5172238006101301
open,attention,5,11,0,0,0,0,0,0,0,1.6102634615716893,31.384341313214982,240,0.7406061327038971,0.9257142703669766
open,transformer,5,11,0,0,2,1,15,2,1,0.23959380998895463,99.58892068612079,240,0.7659053239459872,1.0348346297784399
open,mlp,5,12,1,0,1,1,17,1,1,0.34289920991142897,28.899004540071683,240,0.25659127437133666,0.2165161344843606
open,gnn,5,12,1,0,2,1,13,2,1,0.3953969448493599,37.69597515094473,240,0.5851699880335468,0.5394553726849457
open,attention,5,12,0,0,0,0,0,0,0,0.9209202088075208,35.889431531531194,240,0.7203737673908529,0.962167417552943
open,transformer,5,12,0,0,1,1,9,2,1,0.46440273648456226,93.39151757208957,240,1.013970950150767,1.0269810154568404
open,mlp,5,13,1,0,2,1,28,2,1,0.07730361538436048,31.191371417170465,240,0.2835248137185001,0.17912798988011977
open,gnn,5,13,1,0,2,1,17,2,1,0.060569185004969835,43.16868673233968,240,0.5987545308579477,0.518063607160002
open,attention,5,13,0,0,1,1,8,2,1,0.5399183604040139,37.11406198844046,240,0.6983181849316373,0.9296525677200407
open,transformer,5,13,0,0,2,1,12,2,1,0.2720222458989571,95.48080237298659,240,1.0198943172428032,0.9998575027566403
open,mlp,5,14,1,0,2,1,29,2,1,0.041791865703796054,29.696040011865676,240,0.27294807427687673,0.1781325088813901
open,gnn,5,14,1,0,2,1,17,2,1,0.1530950556008241,42.19134515944531,240,0.597467797533956,0.504287836762766
open,attention,5,14,0,0,0,0,0,0,0,1.0537988987843971,36.175132683124225,240,0.7162169095091342,0.9584670071490109
open,transformer,5,14,0,0,2,1,12,2,1,0.320430040428829,95.38702028951184,240,1.0080095591650038,1.017692145736267
open,mlp,5,15,1,0,1,1,21,2,1,0.2661709379139485,26.0216819165939,240,0.2243568501201627,0.19581718952395022
open,gnn,5,15,1,0,2,1,12,2,1,0.1989926023016221,33.11069699677836,240,0.5792828756717737,0.5075071783115467
open,attention,5,15,0,0,0,0,0,0,0,1.0066637831112784,30.141847664987786,240,0.7580041734744657,0.9565814611657212
open,transformer,5,15,0,0,0,0,0,0,0,1.287387861794836,97.40682570424443,240,0.8172537362111191,1.0291948604087036
open,mlp,5,16,1,0,1,1,21,2,1,0.18241605701855065,22.706390460220994,199,0.263313109051177,0.180879233395634
open,gnn,5,16,1,0,2,1,14,2,1,0.07436650662533599,31.27484576974925,240,0.5827128835332156,0.5168145037411401
open,attention,5,16,0,0,0,0,0,0,0,1.0744746878913978,28.626420761294792,240,0.753506169291108,0.9774004050996155
open,transformer,5,16,0,0,1,1,10,2,1,0.3048149684209838,97.10617439241236,240,0.8780960567842626,1.0105808750571061
open,mlp,5,17,1,0,2,1,30,2,1,0.13594329299711527,29.159969253943622,240,0.2668402561118982,0.1820709090679884
open,gnn,5,17,1,0,2,1,18,2,1,0.029022770970747173,42.89225520640612,240,0.5995381878418573,0.5194750342828532
open,attention,5,17,0,0,0,0,0,0,0,0.8182127891390865,35.45245397876134,240,0.7072420730189957,0.9490608974980811
open,transformer,5,17,0,0,2,1,13,2,1,0.25613498310751615,95.08805370826299,240,1.0208352941443708,1.0124985206251342
open,mlp,5,18,1,0,2,1,24,2,1,0.3827969714688556,30.20846645935788,240,0.26678715595044517,0.1801541909420242
open,gnn,5,18,1,0,2,1,17,2,1,0.1634574166791571,46.87885612751307,240,0.6146821115292875,0.5149259445412705
open,attention,5,18,0,0,2,1,11,2,1,0.06699663035193845,37.95167331570464,240,0.6975735845090242,0.9469110887342443
open,transformer,5,18,0,0,2,1,13,2,1,0.1079783341454083,93.82752464957495,240,1.018517779967664,1.018936198670417
open,mlp,5,19,1,0,1,1,19,2,1,0.4277594128778208,30.138009829223694,240,0.2608340828481709,0.1804695096022139
open,gnn,5,19,1,0,2,1,17,2,1,0.16412605548618125,45.699454365010034,240,0.6140962990827468,0.5133770134610435
open,attention,5,19,0,0,1,1,6,1,1,0.2596742981030801,38.20420742336845,240,0.705673285743222,0.9331563177208105
open,transformer,5,19,0,0,2,1,14,2,1,0.052999215761722805,94.72587279241513,240,1.0172133527600777,1.0445628645053755
open,mlp,10,10,1,0,4,1,91,5,1,0.09270468835573768,56.81267999807732,230,0.2158371021567845,0.19454935201160287
open,gnn,10,10,0,0,5,1,52,5,1,0.1687575057002681,237.9555646836085,240,1.5748363605545328,0.55157402336287
open,attention,10,10,0,0,4,1,26,4,1,0.07883951292225387,76.47704563519447,240,0.7318900683293028,1.0371098896333326
open,transformer,10,10,0,0,5,1,30,5,1,0.05130975094487105,196.6047036349521,240,1.0564661619128788,1.070587304032718
open,mlp,10,11,1,0,4,1,107,5,1,0.09330476767108493,53.63924097994815,240,0.21804632421157238,0.18511530361138284
open,gnn,10,11,0,0,4,1,41,5,1,0.41098785305605223,240.25593568471442,240,1.0428177564562922,0.5691668445554873
open,attention,10,11,0,0,2,1,12,2,1,0.1650737294905826,66.99057348747608,240,0.7444965852922587,0.9701718556849906
open,transformer,10,11,0,0,3,1,38,4,1,0.1851876759203329,185.329785095576,240,1.052166652395358,1.0793619672767818
open,mlp,10,12,1,0,4,1,89,5,1,0.10832555490505734,67.87764984570657,240,0.27204870187642566,0.20019348206308982
open,gnn,10,12,0,0,0,0,48,7,1,0.5615061376693161,247.07069675490118,240,1.2598587085622026,0.5539917639301469
open,attention,10,12,0,0,7,1,57,7,1,0.02594728274395795,82.463659547337,240,0.7266432307359695,0.9610756280987213
open,transformer,10,12,0,0,5,1,36,5,1,0.06775468004559872,198.2436016871846,240,0.8727221572061434,1.004461559932679
open,mlp,10,13,1,0,2,1,83,5,1,0.192742698965028,65.88150010028774,240,0.2542382242743246,0.1831927802413702
open,gnn,10,13,0,0,7,1,68,8,1,0.2732552830947412,243.7537934296551,240,1.4191460769376838,0.5394858269331356
open,attention,10,13,0,0,5,1,34,5,1,0.09431757740177273,85.13701077028489,240,0.710380518270318,0.9660492146698137
open,transformer,10,13,0,0,4,1,32,5,1,0.07586335962652499,190.67341220875335,240,1.0575491215459192,1.1029322515241802
open,mlp,10,14,1,0,5,1,102,5,1,0.19270130626341425,64.54400691442103,240,0.2520772742448339,0.19079715906021497
open,gnn,10,14,0,0,6,1,66,7,1,0.1053037594184513,241.62582519764544,240,1.3071890548188343,0.5338373555180927
open,attention,10,14,0,0,4,1,41,7,1,0.15307415321147302,85.01216772550725,240,0.7067621177518053,0.9701682138256729
open,transformer,10,14,0,0,4,1,34,5,1,0.08085267188787637,201.01701419881874,240,0.8683517318283294,1.027369904719914
open,mlp,10,15,1,0,2,1,80,4,1,0.026311012424633427,59.36903409404719,240,0.24803372706592602,0.18797587254084647
open,gnn,10,15,0,0,3,1,24,10,1,0.24434982537867259,244.08842268264738,240,1.0057196683862006,0.5252620360503594
open,attention,10,15,0,0,7,1,51,7,1,0.031298023721860996,75.70830673675914,240,0.7385276502435528,1.0146655996019642
open,transformer,10,15,0,0,3,1,42,5,1,0.2699575068096896,197.88311114763158,240,0.8490388994791754,1.100786798633635
open,mlp,10,16,1,0,5,1,122,5,1,0.07825715100899786,47.1521123052652,213,0.2357141604122726,0.19974356403513133
open,gnn,10,16,0,0,5,1,53,5,1,0.11488711439812162,244.940076659294,240,0.961242242678043,0.5599154993736496
open,attention,10,16,0,0,3,1,25,4,1,0.1966792722143678,66.82958282726479,240,0.740557622447454,1.0226822438805054
open,transformer,10,16,0,0,5,1,49,6,1,0.0620115919168501,181.6065243240284,240,1.0486672963718675,1.0244191954067599
open,mlp,10,17,1,0,5,1,99,5,1,0.18487869594867415,62.89903500185171,240,0.24382018921099405,0.18495093875875077
open,gnn,10,17,0,0,7,1,77,8,1,0.12394907111552524,243.2378253223167,240,1.4080047586188058,0.5353262706194073
open,attention,10,17,0,0,5,1,32,6,1,0.18275081615983493,84.69265098243427,240,0.7069572964751307,0.9737919045922657
open,transformer,10,17,0,0,4,1,34,5,1,0.07066550991673365,190.0279007258532,240,1.0597996930965792,1.0977568609329562
open,mlp,10,18,1,0,2,1,88,4,1,0.17560184847145163,66.86753252676354,240,0.2355720706598654,0.1934132887981832
open,gnn,10,18,0,0,7,1,59,7,1,0.29098480632621776,244.33344128806152,240,1.4063654350868813,0.5178140631566445
open,attention,10,18,0,0,4,1,30,5,1,0.14892705392878983,80.40518689230211,240,0.7196078998140532,0.9502167580649257
open,transformer,10,18,0,0,5,1,32,5,1,0.09294688798311332,194.40608458641515,240,1.0562874540534488,1.0313119448255748
open,mlp,10,19,1,0,2,1,80,4,1,0.15435650382667016,60.81522684788946,240,0.21667826975938373,0.18795467331074178
open,gnn,10,19,0,0,5,1,59,7,1,0.2213405716627016,240.28262642423198,240,1.6086150705512297,0.5352104645377646
open,attention,10,19,0,0,5,1,32,5,1,0.11924680946749801,79.53169698678947,240,0.7211635318812835,0.9910860001885643
open,transformer,10,19,0,0,5,1,29,5,1,0.12569454627214383,196.952734578899,240,0.989914029621298,1.106202113442123
open,mlp,20,10,1,0,14,1,642,24,1,0.01823363419445868,108.26191505245586,220,0.23189423691962005,0.22108061027459122
open,gnn,20,10,0,0,16,1,264,24,1,0.02718879079944655,473.1267564184952,240,1.5460775295870706,0.5607035884167999
open,attention,20,10,0,0,20,1,338,24,1,0.10030075200677087,148.60532334612785,240,0.7380796354205352,1.0137214926847566
open,transformer,20,10,0,0,17,1,201,21,1,0.04829664505563364,386.2734143268162,240,0.989164401665143,1.11711923382245
open,mlp,20,11,1,0,15,1,681,24,1,0.04207564349181419,109.80781239917722,240,0.22812477566202446,0.20292765887764594
open,gnn,20,11,0,0,12,1,238,43,1,0.08166738728955363,474.5296925577399,240,0.8979647969439888,0.5564829974900931
open,attention,20,11,0,0,15,1,152,21,1,0.03441840407015526,142.9060436182422,240,0.7387484960969749,1.0144837782718241
open,transformer,20,11,0,0,17,1,310,25,1,0.006626194180395196,392.4578525991606,240,0.8724258508269939,1.0681382399828483
open,mlp,20,12,1,0,20,1,748,25,1,0.05010707362248364,134.23909190476007,240,0.28100572370896615,0.20407775494580468
open,gnn,20,12,0,0,31,1,506,36,1,0.043071314946700086,457.3662410265684,240,1.264898977286965,0.5628042524525275
open,attention,20,12,0,0,20,1,263,29,1,0.0742392630575719,180.33435138672854,240,0.7053650112004151,1.0025833442341536
open,transformer,20,12,0,0,21,1,197,24,1,0.05198887008873043,398.96602136758105,240,0.8795123258623093,1.065929662824298
open,mlp,20,13,1,0,17,1,648,28,1,0.06124209619314515,129.63384309616873,240,0.2402938336527331,0.20812030415982008
open,gnn,20,13,0,0,24,1,425,35,1,0.013397390703797031,477.34650146010904,240,1.51512223646534,0.568722355334709
open,attention,20,13,0,0,17,1,263,25,1,0.05536969469231448,166.56603971388625,240,0.724371868554614,1.0067486145999283
open,transformer,20,13,0,0,18,1,175,21,1,0.04510044188966357,388.6385823205168,240,0.9897620585049648,1.0778019359956186
open,mlp,20,14,1,0,20,1,697,27,1,0.03446873644211347,127.58675287596087,240,0.2464927351210573,0.20340213474507132
open,gnn,20,14,0,0,29,1,564,40,1,0.04592747312769403,476.39201078402766,240,1.50678282211218,0.5512233513096968
open,attention,20,14,0,0,20,1,234,25,1,0.02748199037734632,167.67190650845842,240,0.7127356184311014,1.009049025985102
open,transformer,20,14,0,0,17,1,164,21,1,0.010812773185158662,406.7055576277041,240,0.8846420195083746,1.0823038154436897
open,mlp,20,15,1,0,22,1,756,23,1,0.010836694618181762,124.33107563292099,240,0.2603774079377289,0.20244455469461778
open,gnn,20,15,0,0,21,1,334,33,1,0.023726524121832515,472.38790838787537,240,1.1903293439435692,0.5516463075764477
open,attention,20,15,0,0,18,1,327,27,1,0.013726288654471808,157.82996026075662,240,0.728840223774602,0.9885671800778558
open,transformer,20,15,0,0,17,1,178,24,1,0.06196577024808853,373.3522803799557,240,1.0575750060629754,1.0632116677394758
open,mlp,20,16,1,0,17,1,730,18,1,0.03501677902812549,95.40943929259394,226,0.22204615141574796,0.21281372755765915
open,gnn,20,16,0,0,25,1,225,23,1,0.05274011924130799,460.45009743123984,240,1.4266333854948052,0.5685157336605092
open,attention,20,16,0,0,16,1,287,22,1,0.07179247996579463,128.45524761743044,240,0.7414386449504933,0.9743429118922601
open,transformer,20,16,0,0,21,1,270,22,1,0.017328467575826685,391.34815828749515,240,0.8519168903963242,1.0512212504787992
open,mlp,20,17,1,0,19,1,740,30,1,0.04330261638186405,124.5372931948771,240,0.2361416671006593,0.1996471507785221
open,gnn,20,17,0,0,22,1,544,39,1,0.021397725216754645,478.08303549841696,240,1.5174006612627324,0.5381703318562359
open,attention,20,17,0,0,17,1,238,25,1,0.022388515478360557,163.50721584549476,240,0.717176215230141,0.9736498332737634
open,transformer,20,17,0,0,19,1,167,20,1,0.031586282688139844,411.60516114528787,240,0.8752616906063505,1.1104218040903409
open,mlp,20,18,1,0,18,1,684,25,1,0.07075158641100292,119.8272582000967,240,0.21140148049346089,0.2109906985424459
open,gnn,20,18,0,0,22,1,388,27,1,0.0713715844983767,479.425288416352,240,1.516378191445523,0.5536059111667176
open,attention,20,18,0,0,18,1,241,25,1,0.10043662433663783,156.3183543759668,240,0.7241178199762164,0.9977137049039205
open,transformer,20,18,0,0,15,1,179,29,1,0.0391164211881503,414.5442138988533,240,0.8663731091257046,1.062879884072269
open,mlp,20,19,1,0,16,1,669,25,1,0.07309814555330414,116.9647860856041,237,0.2060079390350634,0.20522865140614127
open,gnn,20,19,0,0,20,1,341,27,1,0.06248395414498688,471.60220987341006,240,1.3493354784356555,0.5539436261945715
open,attention,20,19,0,0,19,1,246,24,1,0.008270690937254773,152.1757565212156,240,0.7322169129373732,0.9946940486164143
open,transformer,20,19,0,0,20,1,190,23,1,0.07728091572837686,392.4656579949285,240,0.9853770694204907,1.0902551798305165
random,mlp,5,10,1,0,2,1,50,2,1,0.09190202721593409,34.61607945995807,240,0.5920055097304697,0.410857474586616
random,gnn,5,10,1,0,2,1,24,2,1,0.13775926884652093,56.66495835940589,240,0.4852153250744344,0.746440600293378
random,attention,5,10,0,0,2,1,21,2,1,0.06323564657373072,33.020620240675925,240,0.8098049623396563,1.185234742782389
random,transformer,5,10,1,1,0,0,4,1,1,0.6399028197227115,53.79965824606166,240,0.4376995787331871,1.252491242485121
random,mlp,5,11,1,0,2,1,48,2,1,0.028290448795272323,17.296142440108767,240,0.6235435288864245,0.4109681583940983
random,gnn,5,11,1,0,3,1,30,3,1,0.05857765855804349,59.317095094701514,240,0.5776829458565931,0.7554320152848959
random,attention,5,11,0,0,1,1,6,1,1,0.1603198217299642,32.15462122196353,240,0.9960583996895529,1.195004927770545
random,transformer,5,11,1,0,2,1,14,2,1,0.2582102987126926,57.42214918971922,240,0.30673209746862884,1.2657223754407216
random,mlp,5,12,1,0,10,1,158,25,1,0.0013419566405065866,41.46846604811343,240,0.4554631611087043,0.40945249105182785
random,gnn,5,12,1,0,1,1,28,2,1,0.19370099030247132,78.31455735720907,240,0.37704743142452785,0.7473137093863139
random,attention,5,12,0,0,3,1,186,4,1,0.2013983187673339,29.60810038114734,240,0.6900038269766942,1.2127948924899101
random,transformer,5,12,1,0,2,1,24,2,1,0.17161852784494608,42.22187529189498,240,0.2901221583138967,1.2795067644522835
random,mlp,5,13,1,0,2,1,23,2,1,0.10570490510341866,29.37648290691589,240,0.47601039302004355,0.4143452543454866
random,gnn,5,13,1,0,1,1,16,2,1,0.08914116203760421,40.94410051628905,240,0.5439581394703904,0.7372867238397399
random,attention,5,13,1,0,1,1,11,1,1,0.5590704191273612,31.817225964023386,240,0.5853652898305441,1.1704893278268476
random,transformer,5,13,0,0,1,1,9,1,1,0.17895112152226994,33.57672536697496,240,1.1322876761171192,1.2435985535072784
random,mlp,5,14,1,0,4,1,80,4,1,0.06674974832620208,29.29606381872113,240,0.3626035814111599,0.40947619709186256
random,gnn,5,14,1,0,4,1,50,4,1,0.06610454194406407,62.94097333722901,240,0.4830910423380902,0.7476239271151522
random,attention,5,14,1,0,1,1,16,3,1,0.4632190537414759,44.89246259433781,240,0.5810101707140347,1.1986512593769778
random,transformer,5,14,1,1,0,0,11,2,1,0.6676343119263081,30.93989266007138,144,0.2757644603291856,1.2539176936520056
random,mlp,5,15,0,0,2,1,20,2,1,0.07198426524933525,47.64621369579804,240,1.2342609829997762,0.4156833262337993
random,gnn,5,15,1,0,3,1,29,3,1,0.3302420810410023,66.64341775243841,240,0.546463838826756,0.7737825508229434
random,attention,5,15,0,0,1,1,67,1,1,0.5243415953051174,50.95237824853892,240,0.8887835461124526,1.2106935687673588
random,transformer,5,15,1,1,0,0,13,2,1,0.5717730979766837,55.53699449326896,240,0.3763591566978276,1.2779136673392106
random,mlp,5,16,1,0,4,1,68,5,1,0.1579232802527776,43.97318070239014,240,0.4350440898397349,0.4169311160997798
random,gnn,5,16,0,0,3,1,64,3,1,0.32762938784079076,45.609905743021756,240,0.7240311259496334,0.7532484654802829
random,attention,5,16,0,0,0,0,5,1,1,0.6571005836940093,43.14501200641331,240,1.0775461169697444,1.1969456895409774
random,transformer,5,16,1,0,2,1,22,2,1,0.05753608824986016,47.330747661173255,240,0.3881199114195022,1.2628181003189336
random,mlp,5,17,0,0,2,1,23,2,1,0.3023759061575462,37.04418190144487,240,0.6929855917095048,0.4185671859886497
random,gnn,5,17,1,0,1,1,9,1,1,0.1943032163079586,51.659001094024404,240,0.5429029669236201,0.7644744027250757
random,attention,5,17,1,1,0,0,0,0,0,1.05157962316237,44.62667472345599,240,0.32928973783631127,1.1979527305811644
random,transformer,5,17,1,0,1,1,8,1,1,0.4428163865637559,56.80274858466597,240,0.2949234228455114,1.259164692601189
random,mlp,5,18,1,0,2,1,21,2,1,0.10176390891116247,34.02880454204094,240,0.6045539774773993,0.4123866616282612
random,gnn,5,18,0,0,2,1,26,3,1,0.2333108867453422,57.90241958573766,240,0.6515199115068538,0.7912988270012041
random,attention,5,18,0,0,2,1,24,2,1,0.049354878632191145,40.275840772844205,240,0.7430742902895952,1.1876236472744495
random,transformer,5,18,1,0,1,1,6,1,1,0.5217001858653323,60.9581336781649,240,0.26610054874962286,1.252912444761023
random,mlp,5,19,0,0,2,1,49,2,1,0.10571252133907502,24.177706617145464,240,0.7777729711820396,0.41367206916523475
random,gnn,5,19,1,0,2,1,21,2,1,0.25356141959601625,59.79848490806628,240,0.42768734448415274,0.7496726446940253
random,attention,5,19,0,0,1,1,7,1,1,0.10927139574718853,25.38174065900195,240,0.8070294005101134,1.1799231792489688
random,transformer,5,19,1,0,1,1,6,1,1,0.5381324621859941,55.91016587345179,240,0.3372571374150571,1.2556417049684871
random,mlp,10,10,1,0,4,1,138,8,1,0.049672554042202444,73.749945609942,240,0.6184590448247548,0.6419513510384908
random,gnn,10,10,1,0,4,1,74,6,1,0.03712004283759235,126.03150900194284,240,0.3635667628681307,0.9939518757164478
random,attention,10,10,0,0,4,1,111,4,1,0.2764235136120253,89.11213373161908,240,0.9018709707628858,1.452406608344366
random,transformer,10,10,1,0,2,1,22,3,1,0.26439743001142113,109.47289274393323,240,0.3253949536753828,1.485293247969821
random,mlp,10,11,1,0,9,1,121,10,1,0.006685934973989193,76.00140766922283,240,0.5628628971420832,0.6405925805059572
random,gnn,10,11,1,0,7,1,80,8,1,0.14857645361394675,93.4488447647637,240,0.4207269734893819,0.9858377083825568
random,attention,10,11,0,0,4,1,65,5,1,0.10448911077832107,95.6955198485514,240,0.8595186933151281,1.4117800067955006
random,transformer,10,11,1,0,6,1,77,8,1,0.037205416421114496,114.773029942717,240,0.3125821830610895,1.4714982302393764
random,mlp,10,12,1,0,8,1,184,8,1,0.022499966180250262,94.2598074206498,240,0.3447502064216413,0.6377159947684655
random,gnn,10,12,1,0,9,1,201,12,1,0.0029747754334153815,147.57362716574522,240,0.325420314256402,1.0263446097572644
random,attention,10,12,1,0,5,1,179,5,1,0.3987488878961582,101.11047452626309,240,0.5850222333632658,1.4469931018538773
random,transformer,10,12,1,0,4,1,119,8,1,0.06187333994081409,105.70698981060119,240,0.3866391232247295,1.4998584830512602
random,mlp,10,13,1,0,5,1,79,5,1,0.10359728158544473,70.26280311613695,240,0.576693609961818,0.6406897058089575
random,gnn,10,13,1,0,4,1,39,5,1,0.11350436187603827,98.34620671812517,240,0.544704333343485,0.9822504168065885
random,attention,10,13,1,0,6,1,97,6,1,0.24407217365704936,81.19031157197144,240,0.5927557777738317,1.4206263954595972
random,transformer,10,13,1,0,3,1,38,4,1,0.09517497269512923,95.45937670334389,240,0.5519658750976965,1.47385280385303
random,mlp,10,14,0,0,7,1,108,7,1,0.03327825469312477,61.2535856690712,240,0.7768953505924172,0.6435659558822712
random,gnn,10,14,1,0,5,1,107,6,1,0.12851542094380544,89.5899720535126,240,0.4556248184849342,0.9971981208461026
random,attention,10,14,0,0,5,1,118,6,1,0.09780086664164564,80.1974895967035,240,0.9257520101552981,1.4427471498493105
random,transformer,10,14,1,0,5,1,79,7,1,0.10946852598333418,98.59762479579959,240,0.2597901874147958,1.5670774523944904
random,mlp,10,15,1,0,6,1,192,8,1,0.08216597997155252,70.01783800399018,240,0.5773026101113844,0.6382738647516817
random,gnn,10,15,1,0,5,1,111,8,1,0.1031161217530914,123.13785685705824,240,0.4527470893352927,0.9763217822182924
random,attention,10,15,1,0,2,1,163,9,1,0.04765588038689104,84.01883939315995,240,0.6350853988678171,1.4028846247432132
random,transformer,10,15,1,0,5,1,74,7,1,0.07838289342807153,104.70958799715564,240,0.483486544208968,1.4740146793580304
random,mlp,10,16,1,0,3,1,55,6,1,0.21291362673014222,77.33602532581843,240,0.4255253126335952,0.6537711441827317
random,gnn,10,16,1,0,6,1,62,7,1,0.07341817571864759,96.03647136384357,240,0.37214606091238456,0.991502976588284
random,attention,10,16,1,0,4,1,176,8,1,0.052560219813814736,75.43545112879397,240,0.49355411635583113,1.434070316220944
random,transformer,10,16,1,0,5,1,85,6,1,0.16091405731863828,87.24436733638468,240,0.5378381215120831,1.4832484477665275
random,mlp,10,17,1,0,7,1,107,8,1,0.15047805610405332,93.10002487547388,240,0.571123277247236,0.6382865908866128
random,gnn,10,17,1,0,6,1,88,6,1,0.07051484685900263,146.01232544299359,240,0.4391374402632854,0.9775684933022907
random,attention,10,17,0,0,5,1,113,6,1,0.07595215466131781,92.46072901381052,240,0.8096096137464714,1.4157490513753146
random,transformer,10,17,1,0,5,1,89,6,1,0.17506411255447799,137.36029887372447,240,0.32206242142240415,1.485626333548377
random,mlp,10,18,1,0,7,1,167,8,1,0.02445051054072661,48.85953777027511,240,0.5483261604880162,0.6353965824625144
random,gnn,10,18,0,0,4,1,72,5,1,0.053863087653266084,86.18092453522169,240,1.1094997341582444,0.9721369734810045
random,attention,10,18,0,0,2,1,65,4,1,0.03400742309775875,81.22531613192483,240,0.8395869464351534,1.4225222053937614
random,transformer,10,18,0,0,3,1,253,5,1,0.08415149123930264,41.674248251182334,240,2.3227328291676446,1.4914620648293446
random,mlp,10,19,1,0,5,1,79,6,1,0.023400367516044178,70.42482556115185,240,0.5631920219478537,0.6436053721699864
random,gnn,10,19,1,0,3,1,33,4,1,0.04971612569855021,98.00379948607201,240,0.5033821096428719,1.0006379103288054
random,attention,10,19,0,0,7,1,262,7,1,0.022891879573735577,81.49305522107846,240,0.7792765414567977,1.4213616086635739
random,transformer,10,19,1,0,4,1,62,10,1,0.03735875525577646,95.55028158066827,240,0.36497794885394375,1.4788400808659692
random,mlp,20,10,0,0,24,1,480,30,1,0.009820515002177281,147.49068026463712,240,0.9255733582758283,1.099549299882104
random,gnn,20,10,1,0,25,1,391,28,1,0.023825393438252913,259.00289786070624,240,0.4581336057722468,1.4386977437728394
random,attention,20,10,0,0,22,1,723,34,1,0.026858920245376672,159.03793055454733,240,1.2097682735363546,1.8820366938598454
random,transformer,20,10,0,0,26,1,363,34,1,0.011831949362601091,220.65918404920765,240,0.8047189754308747,1.9520413615585614
random,mlp,20,11,1,0,31,1,701,38,1,0.02994825102857061,155.3429609022215,240,0.5263024186775024,1.0926362165870767
random,gnn,20,11,1,0,25,1,533,35,1,0.025123858526946558,255.28494995744802,240,0.34046021869782733,1.4415574357068788
random,attention,20,11,0,0,12,1,563,19,1,0.07593242914245141,176.48184176379561,240,1.3994091933117505,1.9055963144637644
random,transformer,20,11,1,0,24,1,506,35,1,0.05754595809801404,242.29455167232464,240,0.31490925603605624,1.949177822098136
random,mlp,20,12,1,0,20,1,441,24,1,0.0779686588188377,156.6121743097394,240,0.5750711685062002,1.0897266135240595
random,gnn,20,12,1,0,22,1,361,24,1,0.0071839287423808625,253.8862017640959,240,0.313830546781952,1.4502076315693557
random,attention,20,12,0,0,21,1,372,29,1,0.045178787512833864,190.17455097290477,240,0.9921111257992041,1.9080984774821748
random,transformer,20,12,1,0,21,1,273,28,1,0.06991427249362503,213.91797915309309,240,0.5736570902842588,1.9554307917132974
random,mlp,20,13,0,0,23,1,421,28,1,0.03152348951359787,136.76899763180168,240,0.6798437645440332,1.1175212275702506
random,gnn,20,13,1,0,23,1,348,27,1,0.023449370310062747,266.35076390869733,240,0.39621834838294795,1.4306806648770969
random,attention,20,13,0,0,16,1,361,19,1,0.03709966782870146,193.71298974869984,240,1.1557253987293035,1.886679222419237
random,transformer,20,13,1,0,21,1,370,29,1,0.01973953224525503,220.7377044931408,240,0.3696200248066739,1.9435928125555317
random,mlp,20,14,1,0,25,1,607,45,1,0.012657510864979193,147.58640525120086,240,0.5777136249600171,1.0858493740670383
random,gnn,20,14,1,0,25,1,579,33,1,0.013903561537656256,232.83671575114963,240,0.36399586269380757,1.4271396115267028
random,attention,20,14,0,0,24,1,748,33,1,0.04514212010380156,164.4480334724064,240,0.9750604681925648,1.8702586841148634
random,transformer,20,14,1,0,21,1,422,31,1,0.028107854206179873,183.82274786970174,240,0.455090805986463,1.9578570131367694
random,mlp,20,15,1,0,18,1,377,20,1,0.020595561637602275,129.48025052334944,240,0.6137297689332984,1.078376437847813
random,gnn,20,15,1,0,16,1,244,18,1,0.0433626685141305,261.98392366439447,240,0.3717459317164643,1.4309959078673273
random,attention,20,15,1,0,15,1,440,32,1,0.05894998912678411,210.6183810603315,240,0.6041682944310908,1.8741980059227596
random,transformer,20,15,1,0,12,1,320,19,1,0.03573879269066309,231.32063269460085,240,0.43928928397584566,1.9472112743339192
random,mlp,20,16,1,0,28,1,413,30,1,0.04742486867549323,174.58455290175743,240,0.5792295160521886,1.0912860413858045
random,gnn,20,16,1,0,22,1,321,30,1,0.05504109266951266,256.41904085879446,240,0.46332960039503224,1.4365918391073744
random,attention,20,16,0,0,27,1,627,35,1,0.020181422808498398,184.04241086727694,240,0.915686791457459,1.874320503945152
random,transformer,20,16,1,0,23,1,340,32,1,0.008527979965027391,199.12645040411425,240,0.4122454600391679,1.9915395125281066
random,mlp,20,17,1,0,18,1,602,27,1,0.011781105970655455,135.2446263478135,240,0.5741690052968549,1.119071456681316
random,gnn,20,17,1,0,23,1,494,27,1,0.03714194778385639,267.8319012128429,240,0.4270548221616403,1.4416487868099164
random,attention,20,17,0,0,18,1,555,33,1,0.048451163286293904,168.2896904842907,240,0.689818454350178,1.8899089947808534
random,transformer,20,17,0,0,19,1,375,26,1,0.05088620459904199,191.56571525267557,240,0.7522064394353695,1.990997257720058
random,mlp,20,18,1,0,23,1,621,29,1,0.052957104460288916,164.86852213996315,240,0.5423803878279732,1.1165061713351558
random,gnn,20,18,1,0,15,1,329,26,1,0.04137954569810878,253.49513930992578,240,0.4806042529329847,1.4469954806069534
random,attention,20,18,0,0,13,1,461,17,1,0.009087829274923404,177.48877528549548,240,1.0392992028600756,1.945970442223673
random,transformer,20,18,0,0,19,1,459,19,1,0.054709735685340544,204.5956598958404,240,1.0288909389727414,1.9751444032105308
random,mlp,20,19,1,0,36,1,910,36,1,0.033097949678979124,144.28999918801463,240,0.5480395596872434,1.0897082878121485
random,gnn,20,19,1,0,36,1,640,32,1,0.022566041698415612,243.36293687198707,240,0.4412632433874317,1.4434434958578397
random,attention,20,19,0,0,24,1,584,36,1,0.03085672284941641,155.86355379038176,240,0.8304819725345054,1.874767573705564
random,transformer,20,19,1,0,15,1,345,22,1,0.03576728027733593,191.00005506594064,240,0.4740922280689036,2.035334915854037
narrow,mlp,5,10,1,1,0,0,10,1,1,0.5659062176651835,35.207738338427895,240,0.5012437401457468,0.2922072948422283
narrow,gnn,5,10,0,0,0,0,5,1,1,0.5710482956694232,46.16356319668237,240,0.8417788907082404,0.6413617869839072
narrow,attention,5,10,1,1,0,0,0,0,0,0.8270981681209207,40.4037031773053,240,0.3351892516502219,1.0700734371008973
narrow,transformer,5,10,1,0,1,1,6,2,1,0.3853894729024398,69.89070938966734,240,0.618361140508654,1.1161684524267912
narrow,mlp,5,11,0,0,2,1,34,2,1,0.03379613981515726,27.798054337945565,240,0.6948594976680604,0.28396528990318376
narrow,gnn,5,11,1,1,0,0,4,1,1,0.684790358606321,42.05694275692959,240,0.611061048119804,0.6214086005153755
narrow,attention,5,11,1,0,1,1,12,2,1,0.39536069401894475,29.651942122873937,240,0.5494995216838715,1.0476152800644438
narrow,transformer,5,11,0,0,0,0,0,0,0,2.156602308608303,13.389327158164214,240,3.5055805902324266,1.1255922630274047
narrow,mlp,5,12,1,0,2,1,15,2,1,0.030394422819011644,29.921149383438525,240,0.6033750334247515,0.28489291629133123
narrow,gnn,5,12,1,0,2,1,15,2,1,0.13967911398603347,41.17674640833028,240,0.5239457155973689,0.6194999907165766
narrow,attention,5,12,0,0,0,0,0,0,0,1.1046827967645292,37.77393781814897,240,1.0552351415273167,1.0495346408182133
narrow,transformer,5,12,1,0,1,1,7,1,1,0.3623833954012902,63.86070379388162,240,0.2780074268285385,1.1253527249209583
narrow,mlp,5,13,1,0,2,1,23,2,1,0.23541642667445745,48.52578609153089,240,0.5934236638014093,0.2835029309305052
narrow,gnn,5,13,1,0,2,1,15,2,1,0.050615287248820647,50.27464375707686,240,0.5003800129077253,0.6194538456232598
narrow,attention,5,13,1,0,2,1,11,2,1,0.23318203361594309,53.010465420202785,240,0.6095574041188925,1.055193521703283
narrow,transformer,5,13,1,0,2,1,12,2,1,0.025815403255220283,66.22106041068774,240,0.28748744216178845,1.1168525748265286
narrow,mlp,5,14,1,0,2,1,24,2,1,0.03383378545134659,46.47680857742405,240,0.5736522676677077,0.28495839796960354
narrow,gnn,5,14,1,0,2,1,14,2,1,0.17899323893361105,49.06438307290235,240,0.48774331124189796,0.6474641306946675
narrow,attention,5,14,0,0,1,1,6,1,1,0.4936802617761719,46.68095952554068,240,0.7395350293647422,1.0548539731341104
narrow,transformer,5,14,1,0,2,1,11,2,1,0.12003254178628936,47.84538043120064,240,0.4538682042330021,1.1118804550884913
narrow,mlp,5,15,0,0,2,1,22,2,1,0.10202386070127971,27.449507287254708,240,0.7399328691352656,0.28147339083564776
narrow,gnn,5,15,0,0,0,0,0,0,0,1.116079936260631,39.47317132532283,240,0.6742997659587278,0.6079694935275862
narrow,attention,5,15,0,0,0,0,0,0,0,0.7849999290670463,31.5093968325214,240,1.1518500935309075,1.0308676399290562
narrow,transformer,5,15,1,1,0,0,7,2,1,0.5696535818564352,48.23129077033228,240,0.4889673445758721,1.1294066246288519
narrow,mlp,5,16,1,1,0,0,0,0,0,0.9587763062817224,26.51693800851799,240,0.44177146930062594,0.28149232384748757
narrow,gnn,5,16,0,0,0,0,0,0,0,1.0382651862273653,33.77917311988626,240,1.4100680649435735,0.6089606496971101
narrow,attention,5,16,0,0,1,1,8,1,1,0.007139917902050922,36.364179944197765,240,0.689337969575382,1.0781561334927876
narrow,transformer,5,16,0,0,0,0,0,0,0,2.4289624601386386,14.967842490638263,240,3.5016098400160223,1.111026736907661
narrow,mlp,5,17,1,0,2,1,24,2,1,0.11872899887845259,44.344850333963905,240,0.595795419989852,0.29157847942163545
narrow,gnn,5,17,1,0,2,1,15,2,1,0.28073063932082387,48.35929010324171,240,0.47768321252857937,0.6292336038313806
narrow,attention,5,17,0,0,1,1,5,1,1,0.47073173882383285,48.17652416628258,240,0.7522124996710857,1.0487997186525415
narrow,transformer,5,17,1,0,2,1,12,2,1,0.024186434925687752,71.2706855951248,240,0.27075209031752934,1.1251733269697677
narrow,mlp,5,18,1,0,2,1,25,2,1,0.015670881838579717,33.831702724693415,240,0.624584446185557,0.2862070163246244
narrow,gnn,5,18,0,0,1,1,6,1,1,0.09140888377388712,45.5572757264627,240,0.7440174786750835,0.6297537319672605
narrow,attention,5,18,1,0,1,1,7,1,1,0.33885322244403004,35.80257455098053,240,0.4476277193816685,1.0620028226791571
narrow,transformer,5,18,1,0,2,1,11,2,1,0.22005030123411976,66.57771599877655,240,0.475856707358196,1.1170721729286015
narrow,mlp,5,19,0,0,2,1,23,2,1,0.15928739582147958,34.202810418512286,240,0.6670593067028755,0.28401262243278325
narrow,gnn,5,19,0,0,1,1,6,1,1,0.10830190908475522,47.30995475931629,240,0.7534998046667825,0.6197163485921919
narrow,attention,5,19,0,0,0,0,0,0,0,0.7837132670008691,34.60595216606866,240,1.0685444604284131,1.0869643515131127
narrow,transformer,5,19,0,0,1,1,6,1,1,0.20121092664827675,67.45128792905868,240,0.6719959174021828,1.1905055842362344
narrow,mlp,10,10,1,0,4,1,79,4,1,0.12962554579113383,63.78823167840683,240,0.6077052300787533,0.39407073442513746
narrow,gnn,10,10,1,0,3,1,54,3,1,0.17224922398021367,114.90050181645779,240,0.48334395324044727,0.734095775987953
narrow,attention,10,10,1,0,4,1,64,4,1,0.13726536402855818,94.76110351228118,240,0.6154822470611714,1.1654342233669013
narrow,transformer,10,10,0,0,3,1,54,7,1,0.048394364580105625,121.39556164672017,240,0.7590021571794485,1.243881698853026
narrow,mlp,10,11,1,0,5,1,82,5,1,0.012966534860194537,57.04664282274267,240,0.642717365004289,0.39045518497005105
narrow,gnn,10,11,1,0,3,1,68,3,1,0.24092896869897282,123.88957039903359,240,0.3407087379050767,0.7257125592635324
narrow,attention,10,11,0,0,2,1,47,3,1,0.26638391723834,65.57063031487567,240,0.7603549051081937,1.1417620155649881
narrow,transformer,10,11,1,0,2,1,23,3,1,0.3745628986874755,113.16403092116863,240,0.3581302646849012,1.2025747215375304
narrow,mlp,10,12,1,0,3,1,73,4,1,0.1413124959561457,70.22682092987104,240,0.642606304094033,0.38119626697152853
narrow,gnn,10,12,1,0,3,1,43,5,1,0.28717176480268636,163.93493018990458,240,0.3196147144522415,0.7083792705088854
narrow,attention,10,12,0,0,4,1,62,6,1,0.042124183143068775,87.05016901299227,240,0.7429043146038843,1.1516857775859535
narrow,transformer,10,12,1,0,5,1,37,5,1,0.05416292671760158,153.74279383546502,240,0.38752988764511087,1.2345978427523125
narrow,mlp,10,13,0,0,4,1,90,4,1,0.12626535688864607,73.6316388988867,240,0.6960760400058915,0.3878843078079323
narrow,gnn,10,13,1,0,4,1,44,4,1,0.30671902759660713,166.0192229116645,240,0.26323075755157105,0.7226281721765796
narrow,attention,10,13,0,0,4,1,81,5,1,0.05683630559013133,103.29404102223974,240,0.8074027268685992,1.1390509801761557
narrow,transformer,10,13,1,0,9,1,156,8,1,0.16008697154725207,150.5519356069588,240,0.45652894491968554,1.2158521082407485
narrow,mlp,10,14,0,0,4,1,90,4,1,0.04074966969556379,75.29304369550582,240,0.6753865198014989,0.3844900949237247
narrow,gnn,10,14,1,0,4,1,58,4,1,0.06775485913610582,171.85209210036598,240,0.2241942668256239,0.7091274834237993
narrow,attention,10,14,1,0,3,1,32,5,1,0.05430997400833194,95.81668825436655,240,0.6206990608117001,1.147211608864988
narrow,transformer,10,14,1,0,4,1,37,5,1,0.155045040613512,155.72234757948516,240,0.3883729814084325,1.2024279431595157
narrow,mlp,10,15,0,0,5,1,86,5,1,0.15136230962924963,59.69042912261116,240,0.7076933866971886,0.37954085079642635
narrow,gnn,10,15,1,0,2,1,35,6,1,0.13537786598817417,173.55108315285227,240,0.5003691160183166,0.7186973622689644
narrow,attention,10,15,0,0,2,1,38,5,1,0.19615171720987676,82.15191018996202,240,0.9238425769963128,1.1924373315802466
narrow,transformer,10,15,1,0,3,1,36,5,1,0.04245403906622538,143.1020009281329,240,0.4299933361734956,1.2412672125113506
narrow,mlp,10,16,1,0,5,1,177,5,1,0.22722475954940832,51.86443005965162,240,0.5278500201902653,0.38414708493898314
narrow,gnn,10,16,1,0,3,1,122,5,1,0.056208429474541015,88.3783847539799,240,0.3502876762951396,0.7080594349342088
narrow,attention,10,16,0,0,2,1,46,4,1,0.1707933611176405,70.60033908409055,240,0.6574312489260062,1.1555179856562365
narrow,transformer,10,16,0,0,0,0,0,0,0,0.8347521967419297,31.9749693173353,240,3.6845353048354914,1.211906331203257
narrow,mlp,10,17,0,0,4,1,96,4,1,0.03540099262600949,69.27152677917667,240,0.681348847802619,0.3795280179474503
narrow,gnn,10,17,1,0,4,1,54,4,1,0.14061781125329326,167.24644662141358,240,0.2581864614133678,0.7169663828487197
narrow,attention,10,17,0,0,5,1,34,6,1,0.0743699731961861,94.66128901442406,240,0.747839165076279,1.1387531432167937
narrow,transformer,10,17,1,0,5,1,55,8,1,0.18506724647039355,152.5242711603262,240,0.3887974835159728,1.2178214053468157
narrow,mlp,10,18,1,0,4,1,90,4,1,0.14443573826760894,68.35250183458214,240,0.5618414041270203,0.38034760509617627
narrow,gnn,10,18,1,0,3,1,37,5,1,0.37651443094104636,156.69914718267884,240,0.3165565653811988,0.7097992289345711
narrow,attention,10,18,1,0,2,1,19,3,1,0.06707748479863058,95.27623347299216,240,0.5536462784697636,1.1479857144877315
narrow,transformer,10,18,1,0,3,1,78,6,1,0.04526967198316229,133.76533447912308,240,0.6175353466890563,1.2106148370852072
narrow,mlp,10,19,1,0,3,1,82,4,1,0.1669919526065041,68.39259557868411,240,0.5920141598880405,0.38163318143536645
narrow,gnn,10,19,1,0,2,1,40,3,1,0.1799802878625504,135.516482201599,240,0.34883953188842065,0.7156517628269891
narrow,attention,10,19,1,0,4,1,29,4,1,0.09780485636899731,97.17740011803195,240,0.49999936957641156,1.141833661434551
narrow,transformer,10,19,0,0,5,1,43,6,1,0.3378711406385225,122.90928197923095,240,0.6922940058729136,1.2491109722759575
narrow,mlp,20,10,1,0,17,1,896,21,1,0.07055149167025927,123.7513007726292,240,0.5638093392893472,0.5842426209710538
narrow,gnn,20,10,0,0,17,1,587,21,1,0.09556114178916142,182.6299547858831,240,0.8676191353597076,0.9592803001093367
narrow,attention,20,10,1,0,18,1,660,27,1,0.021300895623236882,172.35053865875827,240,0.6129429746570202,1.3959260909662892
narrow,transformer,20,10,0,0,18,1,524,26,1,0.06329528652360542,222.49054778840906,240,0.779264205886663,1.4737008973800887
narrow,mlp,20,11,0,0,16,1,421,17,1,0.004357700805360637,115.15670151594973,240,0.6720716913134014,0.5838636580544213
narrow,gnn,20,11,1,0,12,1,388,21,1,0.02523502236349617,278.35731049255355,240,0.35994375617164476,0.9299727758237472
narrow,attention,20,11,0,0,12,1,760,18,1,0.016415615920033808,130.51011675979692,240,1.536118097760949,1.3783460812798392
narrow,transformer,20,11,1,0,14,1,355,24,1,0.013336737124648992,257.98985098179475,240,0.35374982204991434,1.468616002239287
narrow,mlp,20,12,0,0,19,1,702,31,1,0.03432352787210085,145.3816686727351,240,0.6778375488642221,0.5916023665728668
narrow,gnn,20,12,1,0,26,1,380,38,1,0.13728517907965032,334.0422194019127,240,0.3762353307319481,0.9370259048106769
narrow,attention,20,12,1,0,39,1,1011,49,1,0.009405383049069243,181.91068456897,240,0.5580720300583624,1.3850509906963755
narrow,transformer,20,12,1,0,24,1,565,27,1,0.03944374868390765,249.88720589453192,240,0.4778335590895292,1.4948980805153649
narrow,mlp,20,13,1,0,21,1,1050,30,1,0.03914818196641389,147.32445267776453,240,0.6317727107122183,0.5828631498540441
narrow,gnn,20,13,1,0,21,1,516,29,1,0.04676203852868685,320.9026124198278,240,0.28696945413957053,0.9218984089481334
narrow,attention,20,13,1,0,21,1,517,38,1,0.03608187452312593,206.1217311416851,240,0.6409921421746437,1.3701540185138583
narrow,transformer,20,13,0,0,26,1,663,37,1,0.018656345245092857,277.3716129377766,240,0.676521485047088,1.4369453264710803
narrow,mlp,20,14,1,0,25,1,908,35,1,0.01569984361210987,148.99210347623054,240,0.5916413075064425,0.5816109711304307
narrow,gnn,20,14,1,0,24,1,454,29,1,0.067832793661064,337.85322038817253,240,0.22274372524249214,0.9323010240526249
narrow,attention,20,14,1,0,23,1,768,34,1,0.06415746484656526,179.7077016666052,240,0.5266064058732498,1.3818879534179966
narrow,transformer,20,14,1,0,33,1,665,35,1,0.04829982779004467,293.95965655893133,240,0.48012085039856417,1.4531039206000667
narrow,mlp,20,15,0,0,16,1,489,20,1,0.05934344128402869,129.39143256874817,240,0.69189342401571,0.5846257670782506
narrow,gnn,20,15,1,0,14,1,265,20,1,0.05929625736672276,327.31933471310896,240,0.36673557244359095,0.9339971215619395
narrow,attention,20,15,0,0,23,1,959,28,1,0.03521346645242576,180.41186756603923,240,0.7392444209419112,1.3765363080892712
narrow,transformer,20,15,1,0,24,1,521,29,1,0.05038552895940337,276.28920804161174,240,0.5692769304441965,1.4273648014447342
narrow,mlp,20,16,1,0,14,1,599,19,1,0.004585484451297339,104.24455250430894,240,0.5978070222728158,0.5824616625128934
narrow,gnn,20,16,1,0,11,1,622,18,1,0.01708068281294985,189.05566642193006,240,0.35113386594480495,0.919806701131165
narrow,attention,20,16,1,0,22,1,707,32,1,0.01334817109414604,133.6594033589575,240,0.6049135734480972,1.3604323981174578
narrow,transformer,20,16,0,0,23,1,1400,27,1,0.003728477285560979,92.80857565477025,240,3.111922899335086,1.4408994524274021
narrow,mlp,20,17,1,0,27,1,1054,34,1,0.032076930889962066,141.63826834965224,240,0.5986185057114298,0.5851484311278909
narrow,gnn,20,17,1,0,23,1,472,42,1,0.04402004268537751,327.1295424681045,240,0.2223478718561612,0.9299230897643914
narrow,attention,20,17,1,0,25,1,702,28,1,0.038118953404098065,190.9619814818291,240,0.5947112081540279,1.3892977362653862
narrow,transformer,20,17,1,0,28,1,645,38,1,0.06365600608903982,285.8019667965451,240,0.5176120382443774,1.4552403959290434
narrow,mlp,20,18,1,0,19,1,1063,24,1,0.02611861372637932,130.4291946251825,240,0.5750922387667644,0.5968307591198633
narrow,gnn,20,18,1,0,21,1,461,27,1,0.018579766955498653,287.50309533845245,240,0.318287163833492,0.9308403474278748
narrow,attention,20,18,1,0,28,1,376,29,1,0.00959131695464618,202.57141548508014,240,0.6125696350507426,1.379551268958797
narrow,transformer,20,18,0,0,30,1,894,50,1,0.00617292582511871,250.1007590801998,240,0.7158625000259868,1.447633847904702
narrow,mlp,20,19,1,0,18,1,1032,23,1,0.061227310452861505,127.34988294075859,240,0.5998571336478127,0.5910843009284387
narrow,gnn,20,19,1,0,12,1,398,20,1,0.03705633047377566,249.04136302794066,240,0.356329720615166,0.9378281810010473
narrow,attention,20,19,0,0,18,1,406,28,1,0.03368764504206822,180.56843314937544,240,0.6581785303924969,1.39663849840872
narrow,transformer,20,19,0,0,25,1,480,26,1,0.04405665167909612,208.4712376196911,240,0.9682691260141413,1.4306328686264653
