layout,robots,scenario_seed,checkpoint,success,collision_events,collision_episode,min_separation,path_length,final_error,control_time_ms
crossing,5,10,checkpoints_seed1,0,1,1,0.5552650459950222,32.65529964734551,0.694228164950164,1.201589413297673
crossing,5,10,checkpoints_seed2,0,2,1,0.14085235028778634,40.612073140102055,0.7150725976602926,0.761793712930133
crossing,5,10,checkpoints_seed3,1,1,1,0.021131208884488994,40.23825338936743,0.4327896400896304,0.7662753846185902
crossing,5,11,checkpoints_seed1,0,2,1,0.05743206162898792,25.60248430013205,0.7732080068533483,0.7581783458590508
crossing,5,11,checkpoints_seed2,1,2,1,0.14764403668289863,44.84018553157976,0.6436809950698121,0.77028171508573
crossing,5,11,checkpoints_seed3,1,2,1,0.10933136331226719,43.89946787010799,0.49657738799244616,0.7744310365524143
crossing,5,12,checkpoints_seed1,0,2,1,0.039269969109058354,35.115874566539205,0.9616285009279564,0.7577735581435263
crossing,5,12,checkpoints_seed2,1,2,1,0.013958417830474707,39.67090960342252,0.5478332603776714,0.7681119178111354
crossing,5,12,checkpoints_seed3,0,2,1,0.06402714871022934,44.91404292208323,0.8483192878814141,0.7745141415701559
crossing,5,13,checkpoints_seed1,0,1,1,0.5700865505125822,38.547058273610084,0.7288935682909106,0.7729374202123532
crossing,5,13,checkpoints_seed2,1,2,1,0.05156873470517545,40.55090760274208,0.5901748643206762,0.7658802651955435
crossing,5,13,checkpoints_seed3,1,1,1,0.6708799986031725,41.88424112696169,0.621885748086817,0.7606678836358091
crossing,5,14,checkpoints_seed1,0,1,1,0.6080692037911574,35.34781622093728,0.9855821300982818,0.7592137689546993
crossing,5,14,checkpoints_seed2,1,2,1,0.07170060335262443,37.62964347621924,0.5675056000459919,0.762723267932112
crossing,5,14,checkpoints_seed3,0,1,1,0.568652634578791,42.767947746258386,0.7519657680454032,0.7999914737107853
crossing,5,15,checkpoints_seed1,0,1,1,0.49823624220416773,41.84252033316987,0.6986231168899505,0.7782844787773987
crossing,5,15,checkpoints_seed2,1,1,1,0.03207466850111168,44.74389404266048,0.4891331707056829,0.7592660627172639
crossing,5,15,checkpoints_seed3,1,2,1,0.06114244579148262,44.84777167609207,0.44827142908401996,0.7664581915984551
crossing,5,16,checkpoints_seed1,0,2,1,0.5693523670987602,25.5622705650375,0.688985040422266,0.7686298224143684
crossing,5,16,checkpoints_seed2,1,2,1,0.1384556137866924,46.43494317932873,0.6271915566840167,0.789324655973663
crossing,5,16,checkpoints_seed3,1,1,1,0.2751590013027887,40.012229414780606,0.391642426048071,0.7891475572250783
crossing,5,17,checkpoints_seed1,0,1,1,0.6700406323606303,34.725839554839624,1.020112175324383,0.7516447978559881
crossing,5,17,checkpoints_seed2,1,2,1,0.04247935462594977,38.987050495724766,0.6176258925390106,0.7478818666034689
crossing,5,17,checkpoints_seed3,0,1,1,0.5951098129159098,41.72136179137911,0.9763423123000632,0.760656026735281
crossing,5,18,checkpoints_seed1,0,1,1,0.15684826376061875,39.832050674190924,0.6970763485696804,0.7484712948401769
crossing,5,18,checkpoints_seed2,1,2,1,0.317109550140517,37.563764569017835,0.5670919338901206,0.7499099495665481
crossing,5,18,checkpoints_seed3,1,2,1,0.2965293301216467,50.46712469882266,0.6472116404200935,0.764944584807381
crossing,5,19,checkpoints_seed1,0,1,1,0.10967911379787247,38.45376380572577,0.8247897416752217,0.750499862867097
crossing,5,19,checkpoints_seed2,1,2,1,0.3881487715285325,36.1599388384375,0.5515535034543781,0.7536522500837842
crossing,5,19,checkpoints_seed3,0,2,1,0.4187717990470841,44.412132825396704,0.7444263925956749,0.7749167911242694
crossing,10,10,checkpoints_seed1,1,4,1,0.06467659073188076,106.88051788924346,0.37150349046713194,0.9916158994504561
crossing,10,10,checkpoints_seed2,1,5,1,0.05395602112871941,113.39502512764503,0.40488581216863484,0.9918804629705846
crossing,10,10,checkpoints_seed3,1,4,1,0.14080134910243164,129.7170494398185,0.31668427267055616,0.9937665599863976
crossing,10,11,checkpoints_seed1,1,5,1,0.09613757372213468,128.47596565435137,0.37737109504180044,0.9895340287281821
crossing,10,11,checkpoints_seed2,1,5,1,0.06390271102194126,135.43443200428456,0.38534949677792785,1.0052048659417778
crossing,10,11,checkpoints_seed3,1,5,1,0.04667015023629223,86.9263415621772,0.20384603711681049,1.0071056528295588
crossing,10,12,checkpoints_seed1,1,4,1,0.11452179000475092,120.0300308697417,0.5025779561354519,0.9912115114275366
crossing,10,12,checkpoints_seed2,1,4,1,0.060943486575594355,134.24013895339908,0.36794635157635547,1.0244069853797555
crossing,10,12,checkpoints_seed3,1,4,1,0.023574433115358055,154.73281151451306,0.29654511237943515,1.0154818941373378
crossing,10,13,checkpoints_seed1,1,3,1,0.04605566326893118,95.44032294174498,0.5103799954802628,1.023915260642146
crossing,10,13,checkpoints_seed2,1,4,1,0.07018647094727438,127.0759508781802,0.3410058725163091,0.999268633313477
crossing,10,13,checkpoints_seed3,0,4,1,0.04729047337341017,109.64825448873131,0.7968768917957373,1.005917409202084
crossing,10,14,checkpoints_seed1,0,5,1,0.1095084083456126,58.489188134645794,1.6332537582312479,0.9992131206672639
crossing,10,14,checkpoints_seed2,1,5,1,0.16248127546826932,121.32798183152852,0.410200516640027,0.9984602647212645
crossing,10,14,checkpoints_seed3,0,4,1,0.05163933234856278,98.34026514956322,0.8422647410115086,1.0180217815407862
crossing,10,15,checkpoints_seed1,1,5,1,0.05344245387317012,126.06815562872359,0.3578878616012166,1.0016486999423553
crossing,10,15,checkpoints_seed2,1,5,1,0.11565401484987087,151.06821794937818,0.24565483830042406,1.0066701739560813
crossing,10,15,checkpoints_seed3,1,4,1,0.032892211012998905,156.0288885287353,0.28893113200153975,0.9901679314983388
crossing,10,16,checkpoints_seed1,0,4,1,0.07942081576751595,112.71022686804642,1.356208818177206,1.0018455097451806
crossing,10,16,checkpoints_seed2,1,5,1,0.0801034543077474,152.22647486088064,0.24183228028887313,1.0120840296925355
crossing,10,16,checkpoints_seed3,1,4,1,0.06940192744934262,155.24870914482517,0.3804232278171965,1.0101810990211864
crossing,10,17,checkpoints_seed1,1,4,1,0.10927274039393119,89.34156574320367,0.4543724289859522,1.002939084234337
crossing,10,17,checkpoints_seed2,1,4,1,0.06598627830382105,123.24993483040119,0.3457946544919316,0.9898679098114371
crossing,10,17,checkpoints_seed3,0,5,1,0.027390682218808096,99.67301997066302,0.7581603273721165,1.0033974210576464
crossing,10,18,checkpoints_seed1,1,3,1,0.13354759145497838,102.08164630341267,0.30818537516215927,0.9925313565569619
crossing,10,18,checkpoints_seed2,1,4,1,0.035044130301920565,125.16835388582032,0.2884471524578642,0.9960123609441022
crossing,10,18,checkpoints_seed3,1,5,1,0.09657587425324034,125.56852538808069,0.24254489314652888,0.9927726893996199
crossing,10,19,checkpoints_seed1,1,4,1,0.04368994015757334,101.54201444800235,0.4322087567598067,0.9983792396572729
crossing,10,19,checkpoints_seed2,1,5,1,0.16821595102663606,124.18171800842228,0.4165079233479575,0.9970253449864686
crossing,10,19,checkpoints_seed3,1,5,1,0.24012557047223934,122.14433920138822,0.4685129055341249,1.0036335986418028
crossing,20,10,checkpoints_seed1,1,23,1,0.019397327078233394,201.75086613324768,0.4022682624935867,1.5162947005592287
crossing,20,10,checkpoints_seed2,1,26,1,0.033022499514700446,254.1830267046405,0.3673068844249546,1.478235990119477
crossing,20,10,checkpoints_seed3,1,23,1,0.025355032357564856,243.620104790474,0.31664322477814794,1.4896738478758682
crossing,20,11,checkpoints_seed1,1,25,1,0.07313926541450697,235.1105842192744,0.36924651784995755,1.4936792120958369
crossing,20,11,checkpoints_seed2,1,25,1,0.015821412370636258,290.1640503968728,0.26784139702709153,1.4799556442691635
crossing,20,11,checkpoints_seed3,1,27,1,0.047388088702490117,279.95547141086416,0.2518117363883899,1.4774047633788239
crossing,20,12,checkpoints_seed1,1,25,1,0.04654490254458029,213.13399800958257,0.41785389697241976,1.4836772267396252
crossing,20,12,checkpoints_seed2,1,26,1,0.014734607811742108,260.0017281433399,0.32682679594924674,1.484339915138359
crossing,20,12,checkpoints_seed3,1,36,1,0.03704655319801997,252.49939803937093,0.34210353929576676,1.4921356186581154
crossing,20,13,checkpoints_seed1,1,24,1,0.16638429280297123,186.49723493045536,0.44936451852486103,1.4817574721140165
crossing,20,13,checkpoints_seed2,1,25,1,0.06798367125701106,240.05641716047867,0.4426383225110012,1.4710265929655482
crossing,20,13,checkpoints_seed3,1,26,1,0.020756722497820967,220.8266133975456,0.3126797788452107,1.4776313037145883
crossing,20,14,checkpoints_seed1,1,33,1,0.07159914085260868,176.25350205873755,0.38654555594757894,1.4715446469684441
crossing,20,14,checkpoints_seed2,1,22,1,0.012794358784318425,239.37441434080623,0.3592746247050129,1.46624010327893
crossing,20,14,checkpoints_seed3,0,29,1,0.02554620630889682,205.23691963271028,0.6931155935903867,1.4805016030247014
crossing,20,15,checkpoints_seed1,1,27,1,0.029011090647372603,220.30956004833033,0.42566913604035717,1.4981338191622247
crossing,20,15,checkpoints_seed2,1,32,1,0.02424677938566523,280.68157565625637,0.3250854977740617,1.5139588465293248
crossing,20,15,checkpoints_seed3,1,23,1,0.02778472449068904,281.0420148323664,0.3701939496450644,1.4768865347529452
crossing,20,16,checkpoints_seed1,1,27,1,0.03222294242768124,247.15736186979854,0.34350141064049544,1.4670422455916803
crossing,20,16,checkpoints_seed2,1,27,1,0.03768180240157923,289.3720139928904,0.3257866186801527,1.4729455792500328
crossing,20,16,checkpoints_seed3,1,24,1,0.012532503030692,283.23469298316144,0.26024451216965516,1.5100253804121166
crossing,20,17,checkpoints_seed1,1,32,1,0.08890038105140384,177.7608613494914,0.3859748692869887,1.5205792888688545
crossing,20,17,checkpoints_seed2,1,24,1,0.033946249473581214,248.01091467652347,0.32857054069170755,1.486841591152673
crossing,20,17,checkpoints_seed3,1,30,1,0.056226743176383355,209.89152071663216,0.3492833006052309,1.4808733268485714
crossing,20,18,checkpoints_seed1,1,25,1,0.028309212103190092,197.79722875049995,0.38332691532112534,1.4567987624711047
crossing,20,18,checkpoints_seed2,1,22,1,0.06759493944503049,244.37128156435693,0.35765165171751934,1.4606948107636224
crossing,20,18,checkpoints_seed3,1,31,1,0.06578333822939346,235.513674241326,0.2871115666532342,1.5787942820073415
crossing,20,19,checkpoints_seed1,1,26,1,0.04222483417757365,205.13289194038015,0.39838637997994536,1.4711543937058498
crossing,20,19,checkpoints_seed2,1,24,1,0.08263179658728109,250.4890828288646,0.30618824137841666,1.4816234703175724
crossing,20,19,checkpoints_seed3,1,18,1,0.02642550187798826,246.9672544579635,0.2550292608948748,1.4918959796583902
open,5,10,checkpoints_seed1,0,1,1,0.5038432213188766,87.23733338340874,0.9490093084929289,0.5449767728957037
open,5,10,checkpoints_seed2,1,2,1,0.18944409597073605,52.82707255575215,0.2789852879367374,0.5500674716705549
open,5,10,checkpoints_seed3,0,1,1,0.48955113226375263,78.70939469561122,1.4010939127725037,0.5472257791552693
open,5,11,checkpoints_seed1,0,2,1,0.5499067150129627,74.31964880000817,0.9503301161037143,0.5628417381861558
open,5,11,checkpoints_seed2,1,2,1,0.16432459389368076,50.25760605373056,0.2220072341303115,0.5322732445266511
open,5,11,checkpoints_seed3,0,1,1,0.6237374765318066,77.69789553698755,1.4051532510041862,0.5505230937463542
open,5,12,checkpoints_seed1,0,2,1,0.166719894843881,84.55633191676925,0.9373644237382329,0.5567012529354542
open,5,12,checkpoints_seed2,1,2,1,0.10864983701395496,58.118606985540524,0.2303530275191703,0.5161732129038197
open,5,12,checkpoints_seed3,0,2,1,0.0643985649828773,78.6876998670071,1.4112725133248836,0.5192491400521249
open,5,13,checkpoints_seed1,0,2,1,0.351760309045708,91.17238777966512,0.9713197260503575,0.5331715374874572
open,5,13,checkpoints_seed2,1,2,1,0.2663307061807057,61.65376334580562,0.24345089071502618,0.5268684509754568
open,5,13,checkpoints_seed3,0,2,1,0.12122823787240164,79.26047298616318,1.3701152943591535,0.5373337577717999
open,5,14,checkpoints_seed1,0,2,1,0.3898254925932244,90.40123510739542,0.9400564125298004,0.5561176047194749
open,5,14,checkpoints_seed2,1,2,1,0.29774715400523644,61.65257350007644,0.24099757864156923,0.5581394671858136
open,5,14,checkpoints_seed3,0,2,1,0.4266954072563442,79.30200535952802,1.417332755660049,0.5471861610809962
open,5,15,checkpoints_seed1,0,2,1,0.11451692216602223,77.69946545658506,0.9492338568639068,0.5137123768993964
open,5,15,checkpoints_seed2,1,2,1,0.13529800837136632,54.13088456734769,0.22910490842843795,0.5133799991033373
open,5,15,checkpoints_seed3,0,2,1,0.3497567381986827,75.70283643894254,1.4038551362424578,0.5096683705536028
open,5,16,checkpoints_seed1,0,2,1,0.29543868281094926,78.01969013399575,0.9350291009057635,0.5113369862859448
open,5,16,checkpoints_seed2,1,2,1,0.1844969917022207,48.566995178052935,0.2472397111967246,0.5104479860165156
open,5,16,checkpoints_seed3,0,1,1,0.43828404820416184,75.10432746503326,1.4059282746983286,0.5089001050995042
open,5,17,checkpoints_seed1,0,2,1,0.41782192205316726,90.41716862533865,0.947387069073122,0.5087152278671662
open,5,17,checkpoints_seed2,1,2,1,0.35330674286716557,60.818554156151954,0.24926722369376195,0.5103567343772641
open,5,17,checkpoints_seed3,0,2,1,0.3389355642991635,78.9268028650782,1.3956919526913292,0.5128569532341013
open,5,18,checkpoints_seed1,0,1,1,0.2614126537917737,90.24487003286175,0.9461543332917983,0.5098901223391294
open,5,18,checkpoints_seed2,1,2,1,0.0585489141826448,54.97337856589254,0.2538573570267806,0.5090452791394099
open,5,18,checkpoints_seed3,0,2,1,0.0968468477976296,78.97649913469739,1.3596252754929217,0.5090747494250536
open,5,19,checkpoints_seed1,0,1,1,0.42454981369377937,88.5547999976384,0.9405319215485578,0.5078064762831976
open,5,19,checkpoints_seed2,1,2,1,0.0668248218815102,52.851666267857354,0.27009651160375026,0.5124976733393634
open,5,19,checkpoints_seed3,0,2,1,0.27421203595274307,78.9694208187282,1.3921303036130197,0.5430410848930478
open,10,10,checkpoints_seed1,0,4,1,0.2770211296376403,239.78109276861665,1.1466596059766427,0.5113200071112564
open,10,10,checkpoints_seed2,1,2,1,0.23518752190296077,258.1708554419678,0.5443493818685684,0.5234278738498688
open,10,10,checkpoints_seed3,0,5,1,0.09025346748808828,231.1292968136718,0.6803870790905744,0.5267237972778579
open,10,11,checkpoints_seed1,0,5,1,0.07471948308328447,234.79804016876966,1.0114672975668328,0.5361889527800182
open,10,11,checkpoints_seed2,0,5,1,0.08788879704471157,248.21140828364335,0.748611962367985,0.5652545679671069
open,10,11,checkpoints_seed3,0,5,1,0.3085093799174433,223.2836490044495,0.660705734380581,0.5657675792463124
open,10,12,checkpoints_seed1,0,6,1,0.1998342486202619,240.08071914734364,0.896905379161349,0.5279749030402551
open,10,12,checkpoints_seed2,1,5,1,0.06989374428906223,256.31748206931644,0.5023661384657303,0.5333340513364723
open,10,12,checkpoints_seed3,1,6,1,0.38267044121322774,229.9272060685943,0.5903830060398344,0.5241418820029745
open,10,13,checkpoints_seed1,0,10,1,0.09158611451570049,241.38726790570558,0.8083905582079278,0.523186866970112
open,10,13,checkpoints_seed2,1,3,1,0.5796521038061889,259.59203618689276,0.5016956872748102,0.5215657234657556
open,10,13,checkpoints_seed3,0,6,1,0.5377986304199512,220.4401909736287,0.7203343453055884,0.5384212204565605
open,10,14,checkpoints_seed1,0,23,1,0.04786322405466036,240.86013734637777,0.9958571132705408,0.5780761498802652
open,10,14,checkpoints_seed2,1,5,1,0.5844754628245303,258.07470583497917,0.5023105963308311,0.53809400415048
open,10,14,checkpoints_seed3,0,6,1,0.5935647852042117,229.0015528343582,0.6539912237835251,0.5256845324765891
open,10,15,checkpoints_seed1,0,5,1,0.08630544215196295,240.60024511878896,1.3181429207170914,0.5411123158410192
open,10,15,checkpoints_seed2,0,6,1,0.12296884462638073,249.0402720387746,0.7246190152634409,0.5499140359461308
open,10,15,checkpoints_seed3,1,5,1,0.06015111752722745,225.16992157720327,0.5536567814920684,0.5458672666766992
open,10,16,checkpoints_seed1,0,6,1,0.0354860012740622,225.0583523931317,0.773191508315825,0.5450880368395398
open,10,16,checkpoints_seed2,1,5,1,0.0433297732738694,249.4031180116692,0.5811507338774465,0.5504394803817073
open,10,16,checkpoints_seed3,0,5,1,0.2145243013840709,223.36916943921142,0.7221384335955523,0.5259804873882482
open,10,17,checkpoints_seed1,0,24,1,0.107431401076065,241.47132269768733,0.9913484042772828,0.5102379829622805
open,10,17,checkpoints_seed2,1,5,1,0.6100680995959129,259.20301943572485,0.5027373062672609,0.5085308977868408
open,10,17,checkpoints_seed3,0,6,1,0.5809681228509603,229.570305593457,0.6826007529560962,0.5154142272658646
open,10,18,checkpoints_seed1,0,5,1,0.14186950375150378,241.43105043841513,0.83533678288618,0.5412328813690692
open,10,18,checkpoints_seed2,1,2,1,0.5304317395962168,260.3219840880172,0.5189257573931725,0.5420397074582676
open,10,18,checkpoints_seed3,0,5,1,0.32662103582978574,229.98800256694318,0.6582490330772605,0.5163402975692103
open,10,19,checkpoints_seed1,0,5,1,0.03312039376219986,240.35253897397595,0.8138183441647765,0.5234932837386926
open,10,19,checkpoints_seed2,1,2,1,0.40339600148880983,259.7088597226476,0.5327168504446844,0.5285478682102015
open,10,19,checkpoints_seed3,0,5,1,0.1844729254891188,224.77896167448094,0.7237942708524527,0.5224256950896233
open,20,10,checkpoints_seed1,1,28,1,0.05614332987118151,474.48837543979226,0.5003945733294177,0.5513164331205189
open,20,10,checkpoints_seed2,1,21,1,0.12153281650501876,511.58197291171376,0.5536847593446914,0.5479541083332151
open,20,10,checkpoints_seed3,1,20,1,0.031674538279196286,463.4065653351642,0.6455980157089577,0.5508703897551944
open,20,11,checkpoints_seed1,1,61,1,0.013835360255619053,457.8719855713809,0.6177549273089911,0.5472458200529218
open,20,11,checkpoints_seed2,0,48,1,0.02089227377818337,496.1101762065776,0.6859901900301705,0.5383849493227899
open,20,11,checkpoints_seed3,0,26,1,0.025553536826687633,444.77334306857273,0.6662191242924231,0.5419412220362574
open,20,12,checkpoints_seed1,0,32,1,0.031343129268814926,480.7073272658907,0.7994003640432596,0.5569912648449341
open,20,12,checkpoints_seed2,1,30,1,0.07900418348315999,510.13510499835644,0.5029957483133456,0.563454565902551
open,20,12,checkpoints_seed3,1,28,1,0.03903672734014092,465.0851419217694,0.5253884761342424,0.5690438769912968
open,20,13,checkpoints_seed1,1,29,1,0.03619128794137728,479.20120377730365,0.6005732101390044,0.5484093776127944
open,20,13,checkpoints_seed2,1,24,1,0.05109895032961228,520.7265884446637,0.5058511182828269,0.568155104216809
open,20,13,checkpoints_seed3,0,19,1,0.025491950728647066,459.20288634904267,0.6906850968313989,0.5494771350640804
open,20,14,checkpoints_seed1,0,79,1,0.03858296665077184,486.9491388089952,0.737002170688384,0.5695454077795148
open,20,14,checkpoints_seed2,1,23,1,0.013304959284669102,519.2837857557439,0.5027319424778844,0.5681926481580982
open,20,14,checkpoints_seed3,0,25,1,0.07981899890311181,458.55772026133303,0.6865996675760418,0.5449272013114145
open,20,15,checkpoints_seed1,0,37,1,0.014625635557341508,464.7465898583739,0.6871589991915653,0.5585711294164261
open,20,15,checkpoints_seed2,0,26,1,0.008080810328603446,497.8423027880365,0.8474707669344397,0.5522703693713993
open,20,15,checkpoints_seed3,0,25,1,0.01560929813685789,449.7300277388503,0.6734062527329232,0.5759847563846657
open,20,16,checkpoints_seed1,1,41,1,0.015588327170128886,448.69593072998913,0.4899001967855831,0.5494229670148343
open,20,16,checkpoints_seed2,1,27,1,0.055322797312029146,497.5756207399645,0.6396886615896935,0.5374139524064958
open,20,16,checkpoints_seed3,0,22,1,0.058943411535667393,456.39328385913205,0.654598399047331,0.5405264111080518
open,20,17,checkpoints_seed1,0,37,1,0.02329653673424144,479.8139454147384,0.6702146546698472,0.5433329749697199
open,20,17,checkpoints_seed2,1,25,1,0.058668965796524225,520.775164888329,0.5031374213549469,0.536761178712671
open,20,17,checkpoints_seed3,0,22,1,0.03718869400737012,459.8776515559027,0.6874487134018274,0.5343535332940519
open,20,18,checkpoints_seed1,1,34,1,0.04708881293383547,479.45096010620205,0.5544410317521373,0.541368747750918
open,20,18,checkpoints_seed2,1,23,1,0.09949400634922902,521.05956118401,0.5220351006034655,0.577164258963118
open,20,18,checkpoints_seed3,0,25,1,0.03760640362463597,452.43613499558364,0.7112164448008027,0.5307905414762596
open,20,19,checkpoints_seed1,1,31,1,0.08184660351241094,471.7518785302721,0.5348315667419246,0.5466319678816944
open,20,19,checkpoints_seed2,1,26,1,0.036477646635860866,520.5030749695632,0.5337077949763087,0.5433092883322388
open,20,19,checkpoints_seed3,0,22,1,0.05529817602861593,463.764642508455,0.6530607625810534,0.5473669016888986
random,5,10,checkpoints_seed1,1,1,1,0.5408373600361209,40.730034075672684,0.593844887000403,0.7584261785571774
random,5,10,checkpoints_seed2,1,2,1,0.036728743060901556,59.02590852818725,0.41408127537995576,0.7577888978024324
random,5,10,checkpoints_seed3,1,2,1,0.0891670422418384,61.097981344088225,0.44468873296881206,0.7664468217020234
random,5,11,checkpoints_seed1,1,2,1,0.2644787669855518,49.33045566119862,0.5463854807599346,0.7689515400367478
random,5,11,checkpoints_seed2,1,2,1,0.34020374475920157,61.97689640874177,0.3372177152484953,0.8017641841433942
random,5,11,checkpoints_seed3,0,2,1,0.09306281171640048,76.17054687297495,0.9495834244993707,0.7726593525148928
random,5,12,checkpoints_seed1,1,2,1,0.08451503037253869,74.42910389186666,0.3732711435714516,0.7633311033714563
random,5,12,checkpoints_seed2,1,2,1,0.19360053604731514,80.77374516705557,0.5636611780457926,0.7646362433054795
random,5,12,checkpoints_seed3,1,1,1,0.13279277388686694,87.5935645413111,0.37754947620814655,0.8246032637543976
random,5,13,checkpoints_seed1,0,0,0,1.274819976664517,32.42947773292437,0.6918913956301177,0.7615466097680231
random,5,13,checkpoints_seed2,1,0,0,0.7273114127084062,33.96249455260072,0.45838368032645904,0.7626433429929117
random,5,13,checkpoints_seed3,1,0,0,1.877108716032603,37.11979615371027,0.5690788860158604,0.7792809725894282
random,5,14,checkpoints_seed1,0,4,1,0.11692688460526095,41.99712593484033,0.7951971802888039,0.7894170354120433
random,5,14,checkpoints_seed2,1,4,1,0.04309277373051453,67.55527658694531,0.3191731896521926,0.7813656023548295
random,5,14,checkpoints_seed3,1,4,1,0.030640477603637334,76.94629294562202,0.4926579787199457,0.7633119161861638
random,5,15,checkpoints_seed1,1,1,1,0.19941007583764017,59.95260599650747,0.4138496032767667,0.7505294672834376
random,5,15,checkpoints_seed2,1,3,1,0.3102310658517314,63.51172396004562,0.3925679821343902,0.7457148497148106
random,5,15,checkpoints_seed3,1,1,1,0.1490647860090284,58.308208188059055,0.6282936653491816,0.7502108812332153
random,5,16,checkpoints_seed1,1,6,1,0.07346284871458683,47.71545546120517,0.48181575353541506,0.7488940202165395
random,5,16,checkpoints_seed2,1,6,1,0.01109104862134915,52.70444113315231,0.527033383230467,0.7566047735357037
random,5,16,checkpoints_seed3,0,4,1,0.24030230308247086,55.02208709723783,0.6710381847773029,0.7612311223056167
random,5,17,checkpoints_seed1,1,1,1,0.6504950863214919,38.86525171934175,0.4992013724252269,0.7725740026216954
random,5,17,checkpoints_seed2,1,2,1,0.02044639951798713,42.03117987876528,0.3837556724379042,0.7631712806566308
random,5,17,checkpoints_seed3,1,1,1,0.08842301384359967,65.25539231893202,0.5968229891604031,0.765795864087219
random,5,18,checkpoints_seed1,0,3,1,0.11389676228523184,52.033292243849395,0.7009542017078276,0.7603663136251271
random,5,18,checkpoints_seed2,1,3,1,0.09210083180503413,71.5063754428167,0.4739975430299513,0.7616891292855144
random,5,18,checkpoints_seed3,0,4,1,0.5107285931055923,67.1918355416713,0.7034349262028241,0.7635186096498122
random,5,19,checkpoints_seed1,1,2,1,0.049259839718397876,36.33411533738822,0.5091971028047737,0.7647023885510862
random,5,19,checkpoints_seed2,1,2,1,0.14579753397131598,64.82019772189682,0.34009266036511576,0.7655277537802855
random,5,19,checkpoints_seed3,1,2,1,0.08958503361848441,81.75269589391898,0.4496437684216305,0.7701642326234529
random,10,10,checkpoints_seed1,1,6,1,0.04882380666825127,123.02022570140188,0.4352589605256981,0.9880269974625359
random,10,10,checkpoints_seed2,1,7,1,0.04195765487257315,138.131363909888,0.5322929467719936,0.992530855971078
random,10,10,checkpoints_seed3,1,5,1,0.05145899216679289,134.54160689032182,0.2881698399813316,1.004455688719948
random,10,11,checkpoints_seed1,1,9,1,0.0878205655354013,79.35198231583526,0.5563802317804459,0.9966917083753893
random,10,11,checkpoints_seed2,1,8,1,0.164741296769241,101.11942852122647,0.4778839261356732,0.9993911817825089
random,10,11,checkpoints_seed3,1,9,1,0.1207228380217506,119.78188528964617,0.509145008306883,0.9993713019260516
random,10,12,checkpoints_seed1,1,13,1,0.06533973509542171,114.58382135130236,0.3648964257445293,0.9920014631158361
random,10,12,checkpoints_seed2,1,9,1,0.06788249370992493,128.96744151155454,0.4720348290581291,0.9915267990436405
random,10,12,checkpoints_seed3,1,10,1,0.012641047052658876,111.11456295072682,0.6325353066020017,0.9902152911915133
random,10,13,checkpoints_seed1,1,5,1,0.12855661332238133,71.3941458484524,0.6084085051032119,0.9920440264977515
random,10,13,checkpoints_seed2,1,6,1,0.06541145103656858,106.5279844120911,0.45353978935752093,0.9942395670805126
random,10,13,checkpoints_seed3,0,4,1,0.1621024073241499,104.80551293793424,1.3151377712496561,0.9817405448605617
random,10,14,checkpoints_seed1,0,5,1,0.13492340771756806,85.3326018372838,0.6664791534404514,0.9826193272601813
random,10,14,checkpoints_seed2,1,7,1,0.1592650400100933,83.20722593226228,0.3983324604441079,0.9822073023921499
random,10,14,checkpoints_seed3,1,8,1,0.28649710304791176,119.46385234684253,0.3790649839721218,0.9793562348932028
random,10,15,checkpoints_seed1,1,6,1,0.005585947382235386,100.2710814579586,0.4970806690050561,0.9813814191147685
random,10,15,checkpoints_seed2,1,7,1,0.04009279392744645,124.1482869969131,0.3465150583503931,0.9815100852089623
random,10,15,checkpoints_seed3,1,4,1,0.05464067084376153,128.8146317589343,0.4579194402801317,0.9970318681250016
random,10,16,checkpoints_seed1,1,7,1,0.06415780412404606,84.02318046579839,0.3649148024041115,0.9906763540736089
random,10,16,checkpoints_seed2,1,7,1,0.018702387044778498,98.77034537239199,0.35928947296562136,0.9938010422047228
random,10,16,checkpoints_seed3,1,7,1,0.05554695764805208,108.01065070401799,0.4654262039981586,0.9926875335319588
random,10,17,checkpoints_seed1,1,8,1,0.02912355619555963,131.88259647640285,0.5075615192932696,0.9994589510218551
random,10,17,checkpoints_seed2,1,7,1,0.02471462649931628,147.59698679051786,0.48116283426894874,0.9960040469498684
random,10,17,checkpoints_seed3,1,10,1,0.0678663639616858,148.55970950531696,0.34696291424504627,0.9969889341543118
random,10,18,checkpoints_seed1,1,6,1,0.05935738743211736,55.178709746346144,0.6261168106361477,0.9923270457269003
random,10,18,checkpoints_seed2,1,7,1,0.13325056964086118,169.0726141788897,0.1846972994517543,0.9958238185693821
random,10,18,checkpoints_seed3,1,9,1,0.16298186943710272,117.17742253911233,0.6264233898499049,0.9937521691123644
random,10,19,checkpoints_seed1,1,5,1,0.060353363803904964,75.05368498465005,0.4920212366434873,0.9985055114763478
random,10,19,checkpoints_seed2,1,6,1,0.09263629309318104,105.64079755972186,0.4997558104374109,0.9873686610565832
random,10,19,checkpoints_seed3,1,6,1,0.06166384379298733,116.81877560384532,0.5739781103692906,0.9988101567917814
random,20,10,checkpoints_seed1,1,28,1,0.11265415010164102,208.79299949075784,0.47677729092920373,1.471936151695748
random,20,10,checkpoints_seed2,1,30,1,0.036878131543665454,310.7192347065733,0.37830392936948454,1.5152062638662755
random,20,10,checkpoints_seed3,0,32,1,0.0095766847208399,254.25628865893302,0.9722397562609283,1.497923262650147
random,20,11,checkpoints_seed1,1,31,1,0.03778388168062751,204.06744002841515,0.45169181320733365,1.519651177416866
random,20,11,checkpoints_seed2,1,36,1,0.1020403139497464,278.29740599534045,0.3390378420044899,1.5166981242752324
random,20,11,checkpoints_seed3,1,35,1,0.059871465573712764,221.2518914711467,0.6386577146982155,1.5361109379834186
random,20,12,checkpoints_seed1,1,28,1,0.05439486891570042,235.12731738870445,0.4065584518370106,1.4821500808466226
random,20,12,checkpoints_seed2,1,24,1,0.041514090003501015,257.0457480204978,0.3678725153428354,1.4835623694428552
random,20,12,checkpoints_seed3,1,22,1,0.030845964406103106,247.69291605081526,0.3997572132574493,1.5114593513620396
random,20,13,checkpoints_seed1,1,27,1,0.04357167960166048,236.5042380214356,0.49259552494850956,1.4824642819197227
random,20,13,checkpoints_seed2,1,26,1,0.05477218110304735,279.89799129357164,0.3631805593911847,1.4994037667444597
random,20,13,checkpoints_seed3,1,36,1,0.0502274680471458,279.20346743116306,0.42171358044704144,1.4799858637464542
random,20,14,checkpoints_seed1,1,42,1,0.009513247237653379,206.58028415269138,0.47901540608768733,1.4829879684839398
random,20,14,checkpoints_seed2,1,35,1,0.030428135384385827,246.60682540352892,0.34478737579131036,1.479738155224671
random,20,14,checkpoints_seed3,1,36,1,0.04423027422631702,247.8537437468259,0.37046951300978737,1.4799994106094043
random,20,15,checkpoints_seed1,0,18,1,0.02136104417623175,226.321034592264,0.6876599175158451,1.4937183121219277
random,20,15,checkpoints_seed2,1,24,1,0.06571643833974587,291.3293457449277,0.327477220315179,1.4617456200843055
random,20,15,checkpoints_seed3,1,19,1,0.012634451823325338,306.4898672902956,0.3942281320390376,1.462789533737426
random,20,16,checkpoints_seed1,1,29,1,0.024643995496238254,212.17656400007385,0.49543948097440815,1.5045700633587937
random,20,16,checkpoints_seed2,1,28,1,0.02522556013688426,273.1819468198123,0.31048199653318553,1.4968919024492304
random,20,16,checkpoints_seed3,0,28,1,0.031915003246516666,229.62509753583842,0.828239115802055,1.4837080709791433
random,20,17,checkpoints_seed1,1,31,1,0.010248159053068806,229.99872937304266,0.4699902542465244,1.5324916845808427
random,20,17,checkpoints_seed2,1,27,1,0.004438685006708894,282.221462659606,0.2990086050967239,1.4920522963317733
random,20,17,checkpoints_seed3,1,28,1,0.014580586143275136,274.44074727063844,0.34176367432723104,1.5061481739394367
random,20,18,checkpoints_seed1,1,21,1,0.06168406863832615,207.20705266763056,0.39935986009891467,1.4983670650205265
random,20,18,checkpoints_seed2,1,24,1,0.02701673413449178,281.49429870842454,0.44773897336092866,1.5116189664695412
random,20,18,checkpoints_seed3,1,34,1,0.05024654960880543,231.56395646754407,0.6191697203281193,1.647258724551648
random,20,19,checkpoints_seed1,1,29,1,0.057996361031961034,205.99033087444548,0.3954412686906014,1.5115272564192612
random,20,19,checkpoints_seed2,1,34,1,0.0060496285098326896,277.1758928689232,0.3994971461306409,1.4847594080492854
random,20,19,checkpoints_seed3,1,38,1,0.02447521984315351,257.9117513624093,0.33845711027990827,1.4805642538703978
narrow,5,10,checkpoints_seed1,1,1,1,0.4088717351267649,40.028465249513516,0.5992841134722774,0.6260144873522222
narrow,5,10,checkpoints_seed2,0,1,1,0.23589754197174026,39.47394039201677,0.748157884813281,0.6250995385926217
narrow,5,10,checkpoints_seed3,0,1,1,0.7152911653377406,56.649015667182226,0.6971835923897571,0.6264493160415441
narrow,5,11,checkpoints_seed1,0,2,1,0.5457913509066432,20.33683483142519,2.0339378225715428,0.6298018076146642
narrow,5,11,checkpoints_seed2,1,1,1,0.44568855584211114,31.63099897397614,0.4647267474383023,0.6232681994636854
narrow,5,11,checkpoints_seed3,0,0,0,1.3834835611377587,22.67589513075108,1.5121062427854062,0.6251460426331809
narrow,5,12,checkpoints_seed1,0,2,1,0.4124737130067952,43.85567238996292,0.7153460380291737,0.6603331208073845
narrow,5,12,checkpoints_seed2,1,2,1,0.08554275838744582,50.26355683750899,0.5865703903473614,0.6229761580470949
narrow,5,12,checkpoints_seed3,0,1,1,0.14611716376263964,52.63751093669707,0.7878029459489648,0.6639008390872428
narrow,5,13,checkpoints_seed1,0,2,1,0.4984881030433687,50.20459600528283,0.722474382578465,0.6880058227883031
narrow,5,13,checkpoints_seed2,1,2,1,0.20032251534096063,60.29727442433099,0.581242255840721,0.6678370933514088
narrow,5,13,checkpoints_seed3,1,2,1,0.09946675304509604,59.4104911380455,0.6447258670193605,0.6243766983971
narrow,5,14,checkpoints_seed1,0,2,1,0.332046775666462,48.42683360827794,0.7146084045580562,0.6356740661431104
narrow,5,14,checkpoints_seed2,1,2,1,0.18489406229691716,59.708294068701235,0.6094596405071645,0.6281341833528131
narrow,5,14,checkpoints_seed3,1,2,1,0.33538742697152457,56.48571933680988,0.5600099649125758,0.6288005077900986
narrow,5,15,checkpoints_seed1,0,1,1,0.37634733234042145,33.33908800901664,0.7224233222017676,0.6368999990324179
narrow,5,15,checkpoints_seed2,1,1,1,0.046445104059683454,43.232107986475604,0.5384169671361185,0.634579024820899
narrow,5,15,checkpoints_seed3,0,1,1,0.05469135438824434,42.89185934509506,0.717761303377545,0.6265418604016304
narrow,5,16,checkpoints_seed1,0,0,0,2.059431733993242,14.684065317580673,3.089900799304882,0.6293072539847344
narrow,5,16,checkpoints_seed2,1,2,1,0.6124921233280084,29.782277726543906,0.4818870227447669,0.6314317365953078
narrow,5,16,checkpoints_seed3,0,0,0,1.4204004322340738,21.158276044226934,1.409223305202072,0.6274282951684048
narrow,5,17,checkpoints_seed1,0,2,1,0.34721037300632396,48.03259616594308,0.7144670296456881,0.6266754605652144
narrow,5,17,checkpoints_seed2,1,2,1,0.158791954263968,59.9572064120176,0.6464100338257377,0.6181644819055995
narrow,5,17,checkpoints_seed3,1,2,1,0.2528875959228505,55.58233132789266,0.532510518518788,0.6205530584945033
narrow,5,18,checkpoints_seed1,0,1,1,0.15332060458451297,38.33507339133776,0.6883895460565944,0.6167534719376514
narrow,5,18,checkpoints_seed2,1,2,1,0.2548158337272175,47.397614189115096,0.5493034250730529,0.6168009499864032
narrow,5,18,checkpoints_seed3,0,1,1,0.07365421725901458,56.86382639731025,0.8282357242358053,0.6349413131829351
narrow,5,19,checkpoints_seed1,0,1,1,0.2705404198354055,38.8485349619152,0.665257450139832,0.6169072294142097
narrow,5,19,checkpoints_seed2,1,1,1,0.1719885977240956,48.1406915017587,0.6110730114209282,0.6147697296304008
narrow,5,19,checkpoints_seed3,0,1,1,0.05704583606786622,53.92405713956439,0.8723212375576498,0.6162682024296373
narrow,10,10,checkpoints_seed1,0,3,1,0.03384514091815482,115.018177605284,1.0162050388602026,0.7211799248276899
narrow,10,10,checkpoints_seed2,1,3,1,0.2039817244143848,171.2384597484832,0.31136189330534464,0.7247602625284344
narrow,10,10,checkpoints_seed3,1,4,1,0.07007575582220263,158.48458280533987,0.2326015188737566,0.7285363506525755
narrow,10,11,checkpoints_seed1,1,2,1,0.07015975322635541,126.36553347584142,0.584711378771,0.7351980214783301
narrow,10,11,checkpoints_seed2,1,3,1,0.11952518997863958,160.9177956403537,0.524716589111906,0.7525427305760483
narrow,10,11,checkpoints_seed3,1,3,1,0.025838382893907323,139.14471847250223,0.22638250589467349,0.7503366738092154
narrow,10,12,checkpoints_seed1,1,6,1,0.302293741601795,171.14980604535535,0.5393820395884033,0.7312944527560225
narrow,10,12,checkpoints_seed2,1,5,1,0.012573746973523288,176.91346570840398,0.3483073216808386,0.7249424699693918
narrow,10,12,checkpoints_seed3,1,6,1,0.15077202064011028,178.13542147065198,0.2349115021583,0.7214743139532706
narrow,10,13,checkpoints_seed1,1,4,1,0.28132456785721915,172.51411792047205,0.5077847943548174,0.7347788370680064
narrow,10,13,checkpoints_seed2,1,4,1,0.044478626276651924,187.0264966591442,0.3445950984094975,0.7197394326794893
narrow,10,13,checkpoints_seed3,1,4,1,0.16838717009387213,174.55894943529458,0.21472390383699339,0.7169876429859711
narrow,10,14,checkpoints_seed1,1,4,1,0.04803618036714114,176.3394322644091,0.4249310293888004,0.7600490663511058
narrow,10,14,checkpoints_seed2,1,4,1,0.048294880143969106,187.1371028944519,0.24672016018166926,0.7346922939177603
narrow,10,14,checkpoints_seed3,1,4,1,0.09456363243810606,191.87976073174946,0.2514238452477927,0.7314483169466257
narrow,10,15,checkpoints_seed1,1,5,1,0.33629191775287065,165.4929362606952,0.5858214030017108,0.748514438358446
narrow,10,15,checkpoints_seed2,1,4,1,0.07077066232176708,179.70708753312212,0.5063659950491057,0.7552979533405354
narrow,10,15,checkpoints_seed3,1,5,1,0.026379378298630848,179.6629694795038,0.2807329351885378,0.7305019069463015
narrow,10,16,checkpoints_seed1,1,3,1,0.4803428997340071,104.19484611607467,0.5886297749956684,0.7345851161517203
narrow,10,16,checkpoints_seed2,1,4,1,0.1469287067965638,139.7274042433772,0.37781106701505884,0.7321012303388367
narrow,10,16,checkpoints_seed3,1,4,1,0.08731797075569817,98.04589396728923,0.26641365606003076,0.7367193698883057
narrow,10,17,checkpoints_seed1,1,4,1,0.21752382559171174,174.25911910730272,0.403154126464616,0.7371428927096227
narrow,10,17,checkpoints_seed2,1,4,1,0.060244840605890304,179.63073166452256,0.25453297454782486,0.7382547579860935
narrow,10,17,checkpoints_seed3,1,4,1,0.14817858854623092,187.74100558939256,0.25558414812876784,0.7306008813126633
narrow,10,18,checkpoints_seed1,1,5,1,0.10703147769609707,150.2588835050782,0.5085409214475768,0.7365248961529384
narrow,10,18,checkpoints_seed2,1,4,1,0.04736175686548296,173.9433646052414,0.3600546355207316,0.7441300665959716
narrow,10,18,checkpoints_seed3,1,4,1,0.022287490820904574,169.2655113746361,0.26653777325289957,0.7385109163199862
narrow,10,19,checkpoints_seed1,1,4,1,0.23614983357185285,140.7046997583019,0.4219505252012742,0.7302580052055418
narrow,10,19,checkpoints_seed2,1,4,1,0.22890131634012847,165.3367229282019,0.3101173059944734,0.7361916281903783
narrow,10,19,checkpoints_seed3,1,4,1,0.027590070164111084,132.9025521513851,0.1749290718996444,0.7280365434192603
narrow,20,10,checkpoints_seed1,1,27,1,0.02873644461769275,241.54161599624354,0.5427132512928479,0.9480239416006953
narrow,20,10,checkpoints_seed2,1,18,1,0.11442379641614733,293.1973831073238,0.37507522492366013,0.93670001369901
narrow,20,10,checkpoints_seed3,1,20,1,0.019322636616270504,271.4798654524132,0.28740188909796427,0.9525701209592322
narrow,20,11,checkpoints_seed1,1,27,1,0.0768567580265584,297.46061708691815,0.5071124930184612,0.9389193534540633
narrow,20,11,checkpoints_seed2,1,25,1,0.0145851810290354,306.98436313012223,0.3444611088218499,0.9609940384204189
narrow,20,11,checkpoints_seed3,1,34,1,0.052901200028869486,303.43797312547025,0.2508934351126032,0.9444462387667348
narrow,20,12,checkpoints_seed1,1,43,1,0.019095206468080064,335.8544137748994,0.5249526146551624,0.9392799072278043
narrow,20,12,checkpoints_seed2,1,30,1,0.051796903644061865,367.3735021698661,0.29967975894054966,0.9493054472841322
narrow,20,12,checkpoints_seed3,1,37,1,0.029336708352545038,350.4899584309737,0.2872668156444057,0.9596985784204056
narrow,20,13,checkpoints_seed1,1,70,1,0.017794257843326975,329.1737671462408,0.5036606164097239,0.9623157985818883
narrow,20,13,checkpoints_seed2,1,37,1,0.051029660875185685,348.8405547923449,0.3352655992466353,0.9667597808099041
narrow,20,13,checkpoints_seed3,1,27,1,0.030047931783119517,345.1293594022279,0.2471292783389746,0.9519053448457271
narrow,20,14,checkpoints_seed1,1,34,1,0.0128878032112235,341.131752773875,0.4724447314269125,0.9572659929593405
narrow,20,14,checkpoints_seed2,1,26,1,0.02080004593937803,369.3894818274374,0.2840210736049992,0.9506133074561754
narrow,20,14,checkpoints_seed3,1,28,1,0.04977615382392051,348.0574314316749,0.21944553391176905,0.9487562075567743
narrow,20,15,checkpoints_seed1,1,30,1,0.030487290732466404,330.43353554611576,0.48225703391793334,0.9585794624096403
narrow,20,15,checkpoints_seed2,1,27,1,0.032789971485749074,348.6576646559781,0.33573834330654073,0.9422620933037251
narrow,20,15,checkpoints_seed3,1,32,1,0.005652229264872983,350.61528757486064,0.3068846422695136,0.9484594513196498
narrow,20,16,checkpoints_seed1,1,26,1,0.07672716504159556,204.16235918759705,0.5086782634752293,0.9529298365426561
narrow,20,16,checkpoints_seed2,1,23,1,0.007610415277250313,245.39597748333708,0.3295719987479472,0.980757890890042
narrow,20,16,checkpoints_seed3,1,18,1,0.014844542947729616,194.0253760814141,0.24689023096068982,0.9823177068028599
narrow,20,17,checkpoints_seed1,1,29,1,0.02675071592603161,331.55580991900024,0.4054912929966653,0.9513351639422277
narrow,20,17,checkpoints_seed2,1,30,1,0.08727403657335683,359.2168445819408,0.2787387511870085,0.9434368810616434
narrow,20,17,checkpoints_seed3,1,30,1,0.0816601102072419,344.02424701230615,0.21852770662040508,0.9490237474286308
narrow,20,18,checkpoints_seed1,1,22,1,0.029740858805777017,275.61445081451484,0.49089339943141297,0.9474462771322578
narrow,20,18,checkpoints_seed2,1,23,1,0.06250656551263789,325.6956890160774,0.37427279188957147,0.9632535822068652
narrow,20,18,checkpoints_seed3,1,29,1,0.03602475661188679,304.8073025217126,0.32419645781038237,0.9412384436776241
narrow,20,19,checkpoints_seed1,1,18,1,0.037731026305479275,254.55712758174292,0.4785543072117934,0.9657499263994396
narrow,20,19,checkpoints_seed2,1,22,1,0.034209434979761574,308.8327672583884,0.3154498292666483,0.9456670610234141
narrow,20,19,checkpoints_seed3,1,19,1,0.030375028094437446,296.514430943087,0.2926804004653154,0.9649741715596368
